"pipeline","model","attempts","profile","run","cut","status","baseline_mutation","augmented_mutation","baseline_mutation_percent","augmented_mutation_percent","delta_pp","source_dir"
"ansi_fixed","32b","15","baseline","1","ArrayUtil","SUCCESS","28/57","-","49.1228070175439",,,"D:\report\report writing\new_output_compare\ansi\32b\output_32b_15_attempts_baseline_ansi_run1.tar"
"ansi_fixed","32b","15","baseline","1","Axis","SUCCESS","17/40","-","42.5",,,"D:\report\report writing\new_output_compare\ansi\32b\output_32b_15_attempts_baseline_ansi_run1.tar"
"ansi_fixed","32b","15","baseline","1","Base32","SUCCESS","50/72","-","69.4444444444444",,,"D:\report\report writing\new_output_compare\ansi\32b\output_32b_15_attempts_baseline_ansi_run1.tar"
"ansi_fixed","32b","15","baseline","1","Base64","SUCCESS","67/95","-","70.5263157894737",,,"D:\report\report writing\new_output_compare\ansi\32b\output_32b_15_attempts_baseline_ansi_run1.tar"
"ansi_fixed","32b","15","baseline","1","Base64Coder","SUCCESS","81/94","88/94","86.1702127659574","93.6170212765958","7.44680851063831","D:\report\report writing\new_output_compare\ansi\32b\output_32b_15_attempts_baseline_ansi_run1.tar"
"ansi_fixed","32b","15","baseline","1","BigDecimalUtil","SUCCESS","4/6","-","66.6666666666667",,,"D:\report\report writing\new_output_compare\ansi\32b\output_32b_15_attempts_baseline_ansi_run1.tar"
"ansi_fixed","32b","15","baseline","1","BinaryDisplayConverter","FAILED","?","-",,,,"D:\report\report writing\new_output_compare\ansi\32b\output_32b_15_attempts_baseline_ansi_run1.tar"
"ansi_fixed","32b","15","baseline","1","ByteVector","SUCCESS","31/138","-","22.463768115942",,,"D:\report\report writing\new_output_compare\ansi\32b\output_32b_15_attempts_baseline_ansi_run1.tar"
"ansi_fixed","32b","15","baseline","1","CaselessStringMap","FAILED","?","-",,,,"D:\report\report writing\new_output_compare\ansi\32b\output_32b_15_attempts_baseline_ansi_run1.tar"
"ansi_fixed","32b","15","baseline","1","CommandLine","SUCCESS","17/32","20/32","53.125","62.5","9.375","D:\report\report writing\new_output_compare\ansi\32b\output_32b_15_attempts_baseline_ansi_run1.tar"
"ansi_fixed","32b","15","baseline","1","DateTools","SUCCESS","18/27","-","66.6666666666667",,,"D:\report\report writing\new_output_compare\ansi\32b\output_32b_15_attempts_baseline_ansi_run1.tar"
"ansi_fixed","32b","15","baseline","1","DateUtil","SUCCESS","20/28","26/28","71.4285714285714","92.8571428571429","21.4285714285714","D:\report\report writing\new_output_compare\ansi\32b\output_32b_15_attempts_baseline_ansi_run1.tar"
"ansi_fixed","32b","15","baseline","1","DisplayHelper","SUCCESS","9/9","-","100",,,"D:\report\report writing\new_output_compare\ansi\32b\output_32b_15_attempts_baseline_ansi_run1.tar"
"ansi_fixed","32b","15","baseline","1","EmailFacadeState","SUCCESS","11/13","13/13","84.6153846153846","100","15.3846153846154","D:\report\report writing\new_output_compare\ansi\32b\output_32b_15_attempts_baseline_ansi_run1.tar"
"ansi_fixed","32b","15","baseline","1","FilterMatcher","SUCCESS","19/24","-","79.1666666666667",,,"D:\report\report writing\new_output_compare\ansi\32b\output_32b_15_attempts_baseline_ansi_run1.tar"
"ansi_fixed","32b","15","baseline","1","GridLayout2","SUCCESS","20/103","-","19.4174757281553",,,"D:\report\report writing\new_output_compare\ansi\32b\output_32b_15_attempts_baseline_ansi_run1.tar"
"ansi_fixed","32b","15","baseline","1","HashCodeUtils","SUCCESS","30/38","-","78.9473684210526",,,"D:\report\report writing\new_output_compare\ansi\32b\output_32b_15_attempts_baseline_ansi_run1.tar"
"ansi_fixed","32b","15","baseline","1","HtmlEncoder","SUCCESS","6/7","6/7","85.7142857142857","85.7142857142857","0","D:\report\report writing\new_output_compare\ansi\32b\output_32b_15_attempts_baseline_ansi_run1.tar"
"ansi_fixed","32b","15","baseline","1","IndexedString","SUCCESS","27/28","27/28","96.4285714285714","96.4285714285714","0","D:\report\report writing\new_output_compare\ansi\32b\output_32b_15_attempts_baseline_ansi_run1.tar"
"ansi_fixed","32b","15","baseline","1","Inflection","SUCCESS","14/20","-","70",,,"D:\report\report writing\new_output_compare\ansi\32b\output_32b_15_attempts_baseline_ansi_run1.tar"
"ansi_fixed","32b","15","baseline","1","InspirentoUtilities","SUCCESS","15/16","15/16","93.75","93.75","0","D:\report\report writing\new_output_compare\ansi\32b\output_32b_15_attempts_baseline_ansi_run1.tar"
"ansi_fixed","32b","15","baseline","1","MapUtil","SUCCESS","16/16","-","100",,,"D:\report\report writing\new_output_compare\ansi\32b\output_32b_15_attempts_baseline_ansi_run1.tar"
"ansi_fixed","32b","15","baseline","1","MathUtil","FAILED","?","-",,,,"D:\report\report writing\new_output_compare\ansi\32b\output_32b_15_attempts_baseline_ansi_run1.tar"
"ansi_fixed","32b","15","baseline","1","NaturalSort","SUCCESS","47/66","49/66","71.2121212121212","74.2424242424242","3.03030303030303","D:\report\report writing\new_output_compare\ansi\32b\output_32b_15_attempts_baseline_ansi_run1.tar"
"ansi_fixed","32b","15","baseline","1","ObjectsUtil","SUCCESS","7/14","-","50",,,"D:\report\report writing\new_output_compare\ansi\32b\output_32b_15_attempts_baseline_ansi_run1.tar"
"ansi_fixed","32b","15","baseline","1","Reference","SUCCESS","10/19","-","52.6315789473684",,,"D:\report\report writing\new_output_compare\ansi\32b\output_32b_15_attempts_baseline_ansi_run1.tar"
"ansi_fixed","32b","15","baseline","1","Region","SUCCESS","10/25","20/25","40","80","40","D:\report\report writing\new_output_compare\ansi\32b\output_32b_15_attempts_baseline_ansi_run1.tar"
"ansi_fixed","32b","15","baseline","1","SAXPathException","SUCCESS","1/10","-","10",,,"D:\report\report writing\new_output_compare\ansi\32b\output_32b_15_attempts_baseline_ansi_run1.tar"
"ansi_fixed","32b","15","baseline","1","SimpleCounter","SUCCESS","2/3","3/3","66.6666666666667","100","33.3333333333333","D:\report\report writing\new_output_compare\ansi\32b\output_32b_15_attempts_baseline_ansi_run1.tar"
"ansi_fixed","32b","15","baseline","1","SortedArrayList","SUCCESS","14/19","-","73.6842105263158",,,"D:\report\report writing\new_output_compare\ansi\32b\output_32b_15_attempts_baseline_ansi_run1.tar"
"ansi_fixed","32b","15","baseline","1","SortedMapVector","SUCCESS","28/63","48/63","44.4444444444444","76.1904761904762","31.7460317460317","D:\report\report writing\new_output_compare\ansi\32b\output_32b_15_attempts_baseline_ansi_run1.tar"
"ansi_fixed","32b","15","baseline","1","StringComparator","SUCCESS","13/16","15/16","81.25","93.75","12.5","D:\report\report writing\new_output_compare\ansi\32b\output_32b_15_attempts_baseline_ansi_run1.tar"
"ansi_fixed","32b","15","baseline","1","StringEncoder64","SUCCESS","127/177","140/177","71.7514124293785","79.0960451977401","7.34463276836158","D:\report\report writing\new_output_compare\ansi\32b\output_32b_15_attempts_baseline_ansi_run1.tar"
"ansi_fixed","32b","15","baseline","1","StringLink","SUCCESS","8/15","8/15","53.3333333333333","53.3333333333333","0","D:\report\report writing\new_output_compare\ansi\32b\output_32b_15_attempts_baseline_ansi_run1.tar"
"ansi_fixed","32b","15","baseline","1","StringList","SUCCESS","9/13","-","69.2307692307692",,,"D:\report\report writing\new_output_compare\ansi\32b\output_32b_15_attempts_baseline_ansi_run1.tar"
"ansi_fixed","32b","15","baseline","1","StringUtils","FAILED","?","-",,,,"D:\report\report writing\new_output_compare\ansi\32b\output_32b_15_attempts_baseline_ansi_run1.tar"
"ansi_fixed","32b","15","baseline","1","ToStringConverter","SUCCESS","7/7","-","100",,,"D:\report\report writing\new_output_compare\ansi\32b\output_32b_15_attempts_baseline_ansi_run1.tar"
"ansi_fixed","32b","15","baseline","1","UniqueTimestampGenerator","SUCCESS","8/27","20/27","29.6296296296296","74.0740740740741","44.4444444444444","D:\report\report writing\new_output_compare\ansi\32b\output_32b_15_attempts_baseline_ansi_run1.tar"
"ansi_fixed","32b","15","baseline","1","Util","SUCCESS","8/28","-","28.5714285714286",,,"D:\report\report writing\new_output_compare\ansi\32b\output_32b_15_attempts_baseline_ansi_run1.tar"
"ansi_fixed","32b","15","baseline","1","Version","SUCCESS","12/19","15/19","63.1578947368421","78.9473684210526","15.7894736842105","D:\report\report writing\new_output_compare\ansi\32b\output_32b_15_attempts_baseline_ansi_run1.tar"
"ansi_fixed","32b","15","baseline","2","ArrayUtil","SUCCESS","23/57","35/57","40.3508771929825","61.4035087719298","21.0526315789474","D:\report\report writing\new_output_compare\ansi\32b\output_32b_15_attempts_baseline_ansi_run2.tar"
"ansi_fixed","32b","15","baseline","2","Axis","SUCCESS","16/40","-","40",,,"D:\report\report writing\new_output_compare\ansi\32b\output_32b_15_attempts_baseline_ansi_run2.tar"
"ansi_fixed","32b","15","baseline","2","Base32","FAILED","?","-",,,,"D:\report\report writing\new_output_compare\ansi\32b\output_32b_15_attempts_baseline_ansi_run2.tar"
"ansi_fixed","32b","15","baseline","2","Base64","FAILED","?","-",,,,"D:\report\report writing\new_output_compare\ansi\32b\output_32b_15_attempts_baseline_ansi_run2.tar"
"ansi_fixed","32b","15","baseline","2","Base64Coder","SUCCESS","81/94","89/94","86.1702127659574","94.6808510638298","8.51063829787235","D:\report\report writing\new_output_compare\ansi\32b\output_32b_15_attempts_baseline_ansi_run2.tar"
"ansi_fixed","32b","15","baseline","2","BigDecimalUtil","SUCCESS","4/6","-","66.6666666666667",,,"D:\report\report writing\new_output_compare\ansi\32b\output_32b_15_attempts_baseline_ansi_run2.tar"
"ansi_fixed","32b","15","baseline","2","BinaryDisplayConverter","FAILED","?","-",,,,"D:\report\report writing\new_output_compare\ansi\32b\output_32b_15_attempts_baseline_ansi_run2.tar"
"ansi_fixed","32b","15","baseline","2","ByteVector","SUCCESS","31/138","49/138","22.463768115942","35.5072463768116","13.0434782608696","D:\report\report writing\new_output_compare\ansi\32b\output_32b_15_attempts_baseline_ansi_run2.tar"
"ansi_fixed","32b","15","baseline","2","CaselessStringMap","FAILED","?","-",,,,"D:\report\report writing\new_output_compare\ansi\32b\output_32b_15_attempts_baseline_ansi_run2.tar"
"ansi_fixed","32b","15","baseline","2","CommandLine","SUCCESS","16/32","19/32","50","59.375","9.375","D:\report\report writing\new_output_compare\ansi\32b\output_32b_15_attempts_baseline_ansi_run2.tar"
"ansi_fixed","32b","15","baseline","2","DateTools","SUCCESS","18/27","-","66.6666666666667",,,"D:\report\report writing\new_output_compare\ansi\32b\output_32b_15_attempts_baseline_ansi_run2.tar"
"ansi_fixed","32b","15","baseline","2","DateUtil","SUCCESS","23/28","25/28","82.1428571428571","89.2857142857143","7.14285714285715","D:\report\report writing\new_output_compare\ansi\32b\output_32b_15_attempts_baseline_ansi_run2.tar"
"ansi_fixed","32b","15","baseline","2","DisplayHelper","SUCCESS","9/9","-","100",,,"D:\report\report writing\new_output_compare\ansi\32b\output_32b_15_attempts_baseline_ansi_run2.tar"
"ansi_fixed","32b","15","baseline","2","EmailFacadeState","SUCCESS","9/13","11/13","69.2307692307692","84.6153846153846","15.3846153846154","D:\report\report writing\new_output_compare\ansi\32b\output_32b_15_attempts_baseline_ansi_run2.tar"
"ansi_fixed","32b","15","baseline","2","FilterMatcher","FAILED","?","-",,,,"D:\report\report writing\new_output_compare\ansi\32b\output_32b_15_attempts_baseline_ansi_run2.tar"
"ansi_fixed","32b","15","baseline","2","GridLayout2","SUCCESS","20/103","-","19.4174757281553",,,"D:\report\report writing\new_output_compare\ansi\32b\output_32b_15_attempts_baseline_ansi_run2.tar"
"ansi_fixed","32b","15","baseline","2","HashCodeUtils","SUCCESS","27/38","33/38","71.0526315789474","86.8421052631579","15.7894736842105","D:\report\report writing\new_output_compare\ansi\32b\output_32b_15_attempts_baseline_ansi_run2.tar"
"ansi_fixed","32b","15","baseline","2","HtmlEncoder","SUCCESS","6/7","-","85.7142857142857",,,"D:\report\report writing\new_output_compare\ansi\32b\output_32b_15_attempts_baseline_ansi_run2.tar"
"ansi_fixed","32b","15","baseline","2","IndexedString","SUCCESS","25/28","28/28","89.2857142857143","100","10.7142857142857","D:\report\report writing\new_output_compare\ansi\32b\output_32b_15_attempts_baseline_ansi_run2.tar"
"ansi_fixed","32b","15","baseline","2","Inflection","SUCCESS","14/20","-","70",,,"D:\report\report writing\new_output_compare\ansi\32b\output_32b_15_attempts_baseline_ansi_run2.tar"
"ansi_fixed","32b","15","baseline","2","InspirentoUtilities","SUCCESS","15/16","15/16","93.75","93.75","0","D:\report\report writing\new_output_compare\ansi\32b\output_32b_15_attempts_baseline_ansi_run2.tar"
"ansi_fixed","32b","15","baseline","2","MapUtil","SUCCESS","16/16","-","100",,,"D:\report\report writing\new_output_compare\ansi\32b\output_32b_15_attempts_baseline_ansi_run2.tar"
"ansi_fixed","32b","15","baseline","2","MathUtil","SUCCESS","23/44","25/44","52.2727272727273","56.8181818181818","4.54545454545455","D:\report\report writing\new_output_compare\ansi\32b\output_32b_15_attempts_baseline_ansi_run2.tar"
"ansi_fixed","32b","15","baseline","2","NaturalSort","SUCCESS","29/66","-","43.9393939393939",,,"D:\report\report writing\new_output_compare\ansi\32b\output_32b_15_attempts_baseline_ansi_run2.tar"
"ansi_fixed","32b","15","baseline","2","ObjectsUtil","SUCCESS","6/14","-","42.8571428571429",,,"D:\report\report writing\new_output_compare\ansi\32b\output_32b_15_attempts_baseline_ansi_run2.tar"
"ansi_fixed","32b","15","baseline","2","Reference","SUCCESS","10/19","-","52.6315789473684",,,"D:\report\report writing\new_output_compare\ansi\32b\output_32b_15_attempts_baseline_ansi_run2.tar"
"ansi_fixed","32b","15","baseline","2","Region","SUCCESS","10/25","16/25","40","64","24","D:\report\report writing\new_output_compare\ansi\32b\output_32b_15_attempts_baseline_ansi_run2.tar"
"ansi_fixed","32b","15","baseline","2","SAXPathException","SUCCESS","2/10","3/10","20","30","10","D:\report\report writing\new_output_compare\ansi\32b\output_32b_15_attempts_baseline_ansi_run2.tar"
"ansi_fixed","32b","15","baseline","2","SimpleCounter","SUCCESS","3/3","-","100",,,"D:\report\report writing\new_output_compare\ansi\32b\output_32b_15_attempts_baseline_ansi_run2.tar"
"ansi_fixed","32b","15","baseline","2","SortedArrayList","SUCCESS","13/19","17/19","68.4210526315789","89.4736842105263","21.0526315789474","D:\report\report writing\new_output_compare\ansi\32b\output_32b_15_attempts_baseline_ansi_run2.tar"
"ansi_fixed","32b","15","baseline","2","SortedMapVector","SUCCESS","20/63","-","31.7460317460317",,,"D:\report\report writing\new_output_compare\ansi\32b\output_32b_15_attempts_baseline_ansi_run2.tar"
"ansi_fixed","32b","15","baseline","2","StringComparator","SUCCESS","14/16","-","87.5",,,"D:\report\report writing\new_output_compare\ansi\32b\output_32b_15_attempts_baseline_ansi_run2.tar"
"ansi_fixed","32b","15","baseline","2","StringEncoder64","SUCCESS","103/177","-","58.1920903954802",,,"D:\report\report writing\new_output_compare\ansi\32b\output_32b_15_attempts_baseline_ansi_run2.tar"
"ansi_fixed","32b","15","baseline","2","StringLink","SUCCESS","8/15","-","53.3333333333333",,,"D:\report\report writing\new_output_compare\ansi\32b\output_32b_15_attempts_baseline_ansi_run2.tar"
"ansi_fixed","32b","15","baseline","2","StringList","SUCCESS","9/13","-","69.2307692307692",,,"D:\report\report writing\new_output_compare\ansi\32b\output_32b_15_attempts_baseline_ansi_run2.tar"
"ansi_fixed","32b","15","baseline","2","StringUtils","FAILED","?","-",,,,"D:\report\report writing\new_output_compare\ansi\32b\output_32b_15_attempts_baseline_ansi_run2.tar"
"ansi_fixed","32b","15","baseline","2","ToStringConverter","SUCCESS","7/7","-","100",,,"D:\report\report writing\new_output_compare\ansi\32b\output_32b_15_attempts_baseline_ansi_run2.tar"
"ansi_fixed","32b","15","baseline","2","UniqueTimestampGenerator","FAILED","?","-",,,,"D:\report\report writing\new_output_compare\ansi\32b\output_32b_15_attempts_baseline_ansi_run2.tar"
"ansi_fixed","32b","15","baseline","2","Util","SUCCESS","14/28","27/28","50","96.4285714285714","46.4285714285714","D:\report\report writing\new_output_compare\ansi\32b\output_32b_15_attempts_baseline_ansi_run2.tar"
"ansi_fixed","32b","15","baseline","2","Version","FAILED","?","-",,,,"D:\report\report writing\new_output_compare\ansi\32b\output_32b_15_attempts_baseline_ansi_run2.tar"
"ansi_fixed","32b","15","baseline","3","ArrayUtil","SUCCESS","35/57","42/57","61.4035087719298","73.6842105263158","12.280701754386","D:\report\report writing\new_output_compare\ansi\32b\output_32b_15_attempts_baseline_ansi_run3.tar"
"ansi_fixed","32b","15","baseline","3","Axis","SUCCESS","17/40","-","42.5",,,"D:\report\report writing\new_output_compare\ansi\32b\output_32b_15_attempts_baseline_ansi_run3.tar"
"ansi_fixed","32b","15","baseline","3","Base32","FAILED","?","-",,,,"D:\report\report writing\new_output_compare\ansi\32b\output_32b_15_attempts_baseline_ansi_run3.tar"
"ansi_fixed","32b","15","baseline","3","Base64","FAILED","?","-",,,,"D:\report\report writing\new_output_compare\ansi\32b\output_32b_15_attempts_baseline_ansi_run3.tar"
"ansi_fixed","32b","15","baseline","3","Base64Coder","SUCCESS","81/94","-","86.1702127659574",,,"D:\report\report writing\new_output_compare\ansi\32b\output_32b_15_attempts_baseline_ansi_run3.tar"
"ansi_fixed","32b","15","baseline","3","BigDecimalUtil","SUCCESS","4/6","-","66.6666666666667",,,"D:\report\report writing\new_output_compare\ansi\32b\output_32b_15_attempts_baseline_ansi_run3.tar"
"ansi_fixed","32b","15","baseline","3","BinaryDisplayConverter","FAILED","?","-",,,,"D:\report\report writing\new_output_compare\ansi\32b\output_32b_15_attempts_baseline_ansi_run3.tar"
"ansi_fixed","32b","15","baseline","3","ByteVector","SUCCESS","31/138","53/138","22.463768115942","38.4057971014493","15.9420289855072","D:\report\report writing\new_output_compare\ansi\32b\output_32b_15_attempts_baseline_ansi_run3.tar"
"ansi_fixed","32b","15","baseline","3","CaselessStringMap","FAILED","?","-",,,,"D:\report\report writing\new_output_compare\ansi\32b\output_32b_15_attempts_baseline_ansi_run3.tar"
"ansi_fixed","32b","15","baseline","3","CommandLine","SUCCESS","25/32","-","78.125",,,"D:\report\report writing\new_output_compare\ansi\32b\output_32b_15_attempts_baseline_ansi_run3.tar"
"ansi_fixed","32b","15","baseline","3","DateTools","SUCCESS","18/27","22/27","66.6666666666667","81.4814814814815","14.8148148148148","D:\report\report writing\new_output_compare\ansi\32b\output_32b_15_attempts_baseline_ansi_run3.tar"
"ansi_fixed","32b","15","baseline","3","DateUtil","SUCCESS","20/28","26/28","71.4285714285714","92.8571428571429","21.4285714285714","D:\report\report writing\new_output_compare\ansi\32b\output_32b_15_attempts_baseline_ansi_run3.tar"
"ansi_fixed","32b","15","baseline","3","DisplayHelper","SUCCESS","9/9","-","100",,,"D:\report\report writing\new_output_compare\ansi\32b\output_32b_15_attempts_baseline_ansi_run3.tar"
"ansi_fixed","32b","15","baseline","3","EmailFacadeState","SUCCESS","10/13","13/13","76.9230769230769","100","23.0769230769231","D:\report\report writing\new_output_compare\ansi\32b\output_32b_15_attempts_baseline_ansi_run3.tar"
"ansi_fixed","32b","15","baseline","3","FilterMatcher","SUCCESS","18/24","-","75",,,"D:\report\report writing\new_output_compare\ansi\32b\output_32b_15_attempts_baseline_ansi_run3.tar"
"ansi_fixed","32b","15","baseline","3","GridLayout2","SUCCESS","20/103","-","19.4174757281553",,,"D:\report\report writing\new_output_compare\ansi\32b\output_32b_15_attempts_baseline_ansi_run3.tar"
"ansi_fixed","32b","15","baseline","3","HashCodeUtils","SUCCESS","31/38","34/38","81.5789473684211","89.4736842105263","7.89473684210526","D:\report\report writing\new_output_compare\ansi\32b\output_32b_15_attempts_baseline_ansi_run3.tar"
"ansi_fixed","32b","15","baseline","3","HtmlEncoder","SUCCESS","6/7","6/7","85.7142857142857","85.7142857142857","0","D:\report\report writing\new_output_compare\ansi\32b\output_32b_15_attempts_baseline_ansi_run3.tar"
"ansi_fixed","32b","15","baseline","3","IndexedString","SUCCESS","26/28","28/28","92.8571428571429","100","7.14285714285714","D:\report\report writing\new_output_compare\ansi\32b\output_32b_15_attempts_baseline_ansi_run3.tar"
"ansi_fixed","32b","15","baseline","3","Inflection","SUCCESS","14/20","-","70",,,"D:\report\report writing\new_output_compare\ansi\32b\output_32b_15_attempts_baseline_ansi_run3.tar"
"ansi_fixed","32b","15","baseline","3","InspirentoUtilities","FAILED","?","-",,,,"D:\report\report writing\new_output_compare\ansi\32b\output_32b_15_attempts_baseline_ansi_run3.tar"
"ansi_fixed","32b","15","baseline","3","MapUtil","SUCCESS","16/16","-","100",,,"D:\report\report writing\new_output_compare\ansi\32b\output_32b_15_attempts_baseline_ansi_run3.tar"
"ansi_fixed","32b","15","baseline","3","MathUtil","SUCCESS","21/44","25/44","47.7272727272727","56.8181818181818","9.09090909090909","D:\report\report writing\new_output_compare\ansi\32b\output_32b_15_attempts_baseline_ansi_run3.tar"
"ansi_fixed","32b","15","baseline","3","NaturalSort","SUCCESS","35/66","51/66","53.030303030303","77.2727272727273","24.2424242424242","D:\report\report writing\new_output_compare\ansi\32b\output_32b_15_attempts_baseline_ansi_run3.tar"
"ansi_fixed","32b","15","baseline","3","ObjectsUtil","SUCCESS","6/14","-","42.8571428571429",,,"D:\report\report writing\new_output_compare\ansi\32b\output_32b_15_attempts_baseline_ansi_run3.tar"
"ansi_fixed","32b","15","baseline","3","Reference","SUCCESS","10/19","-","52.6315789473684",,,"D:\report\report writing\new_output_compare\ansi\32b\output_32b_15_attempts_baseline_ansi_run3.tar"
"ansi_fixed","32b","15","baseline","3","Region","SUCCESS","7/25","24/25","28","96","68","D:\report\report writing\new_output_compare\ansi\32b\output_32b_15_attempts_baseline_ansi_run3.tar"
"ansi_fixed","32b","15","baseline","3","SAXPathException","SUCCESS","1/10","-","10",,,"D:\report\report writing\new_output_compare\ansi\32b\output_32b_15_attempts_baseline_ansi_run3.tar"
"ansi_fixed","32b","15","baseline","3","SimpleCounter","SUCCESS","3/3","-","100",,,"D:\report\report writing\new_output_compare\ansi\32b\output_32b_15_attempts_baseline_ansi_run3.tar"
"ansi_fixed","32b","15","baseline","3","SortedArrayList","SUCCESS","13/19","-","68.4210526315789",,,"D:\report\report writing\new_output_compare\ansi\32b\output_32b_15_attempts_baseline_ansi_run3.tar"
"ansi_fixed","32b","15","baseline","3","SortedMapVector","FAILED","?","-",,,,"D:\report\report writing\new_output_compare\ansi\32b\output_32b_15_attempts_baseline_ansi_run3.tar"
"ansi_fixed","32b","15","baseline","3","StringComparator","SUCCESS","14/16","-","87.5",,,"D:\report\report writing\new_output_compare\ansi\32b\output_32b_15_attempts_baseline_ansi_run3.tar"
"ansi_fixed","32b","15","baseline","3","StringEncoder64","SUCCESS","90/177","-","50.8474576271186",,,"D:\report\report writing\new_output_compare\ansi\32b\output_32b_15_attempts_baseline_ansi_run3.tar"
"ansi_fixed","32b","15","baseline","3","StringLink","SUCCESS","8/15","8/15","53.3333333333333","53.3333333333333","0","D:\report\report writing\new_output_compare\ansi\32b\output_32b_15_attempts_baseline_ansi_run3.tar"
"ansi_fixed","32b","15","baseline","3","StringList","SUCCESS","8/13","10/13","61.5384615384615","76.9230769230769","15.3846153846154","D:\report\report writing\new_output_compare\ansi\32b\output_32b_15_attempts_baseline_ansi_run3.tar"
"ansi_fixed","32b","15","baseline","3","StringUtils","FAILED","?","-",,,,"D:\report\report writing\new_output_compare\ansi\32b\output_32b_15_attempts_baseline_ansi_run3.tar"
"ansi_fixed","32b","15","baseline","3","ToStringConverter","SUCCESS","7/7","-","100",,,"D:\report\report writing\new_output_compare\ansi\32b\output_32b_15_attempts_baseline_ansi_run3.tar"
"ansi_fixed","32b","15","baseline","3","UniqueTimestampGenerator","FAILED","?","-",,,,"D:\report\report writing\new_output_compare\ansi\32b\output_32b_15_attempts_baseline_ansi_run3.tar"
"ansi_fixed","32b","15","baseline","3","Util","SUCCESS","8/28","-","28.5714285714286",,,"D:\report\report writing\new_output_compare\ansi\32b\output_32b_15_attempts_baseline_ansi_run3.tar"
"ansi_fixed","32b","15","baseline","3","Version","SUCCESS","12/19","16/19","63.1578947368421","84.2105263157895","21.0526315789474","D:\report\report writing\new_output_compare\ansi\32b\output_32b_15_attempts_baseline_ansi_run3.tar"
"ansi_fixed","32b","15","detailed","1","ArrayUtil","SUCCESS","14/57","27/57","24.5614035087719","47.3684210526316","22.8070175438596","D:\report\report writing\new_output_compare\ansi\32b\output_32b_15_attempts_detailed_ansi_run1.tar"
"ansi_fixed","32b","15","detailed","1","Axis","SUCCESS","16/40","-","40",,,"D:\report\report writing\new_output_compare\ansi\32b\output_32b_15_attempts_detailed_ansi_run1.tar"
"ansi_fixed","32b","15","detailed","1","Base32","FAILED","?","-",,,,"D:\report\report writing\new_output_compare\ansi\32b\output_32b_15_attempts_detailed_ansi_run1.tar"
"ansi_fixed","32b","15","detailed","1","Base64","SUCCESS","72/95","-","75.7894736842105",,,"D:\report\report writing\new_output_compare\ansi\32b\output_32b_15_attempts_detailed_ansi_run1.tar"
"ansi_fixed","32b","15","detailed","1","Base64Coder","SUCCESS","87/94","87/94","92.5531914893617","92.5531914893617","0","D:\report\report writing\new_output_compare\ansi\32b\output_32b_15_attempts_detailed_ansi_run1.tar"
"ansi_fixed","32b","15","detailed","1","BigDecimalUtil","SUCCESS","3/6","-","50",,,"D:\report\report writing\new_output_compare\ansi\32b\output_32b_15_attempts_detailed_ansi_run1.tar"
"ansi_fixed","32b","15","detailed","1","BinaryDisplayConverter","FAILED","?","-",,,,"D:\report\report writing\new_output_compare\ansi\32b\output_32b_15_attempts_detailed_ansi_run1.tar"
"ansi_fixed","32b","15","detailed","1","ByteVector","SUCCESS","16/138","-","11.5942028985507",,,"D:\report\report writing\new_output_compare\ansi\32b\output_32b_15_attempts_detailed_ansi_run1.tar"
"ansi_fixed","32b","15","detailed","1","CaselessStringMap","FAILED","?","-",,,,"D:\report\report writing\new_output_compare\ansi\32b\output_32b_15_attempts_detailed_ansi_run1.tar"
"ansi_fixed","32b","15","detailed","1","CommandLine","SUCCESS","23/32","27/32","71.875","84.375","12.5","D:\report\report writing\new_output_compare\ansi\32b\output_32b_15_attempts_detailed_ansi_run1.tar"
"ansi_fixed","32b","15","detailed","1","DateTools","SUCCESS","10/27","16/27","37.037037037037","59.2592592592593","22.2222222222222","D:\report\report writing\new_output_compare\ansi\32b\output_32b_15_attempts_detailed_ansi_run1.tar"
"ansi_fixed","32b","15","detailed","1","DateUtil","SUCCESS","19/28","-","67.8571428571429",,,"D:\report\report writing\new_output_compare\ansi\32b\output_32b_15_attempts_detailed_ansi_run1.tar"
"ansi_fixed","32b","15","detailed","1","DisplayHelper","SUCCESS","9/9","-","100",,,"D:\report\report writing\new_output_compare\ansi\32b\output_32b_15_attempts_detailed_ansi_run1.tar"
"ansi_fixed","32b","15","detailed","1","EmailFacadeState","SUCCESS","8/13","9/13","61.5384615384615","69.2307692307692","7.69230769230769","D:\report\report writing\new_output_compare\ansi\32b\output_32b_15_attempts_detailed_ansi_run1.tar"
"ansi_fixed","32b","15","detailed","1","FilterMatcher","SUCCESS","16/24","21/24","66.6666666666667","87.5","20.8333333333333","D:\report\report writing\new_output_compare\ansi\32b\output_32b_15_attempts_detailed_ansi_run1.tar"
"ansi_fixed","32b","15","detailed","1","GridLayout2","SUCCESS","0/103","-","0",,,"D:\report\report writing\new_output_compare\ansi\32b\output_32b_15_attempts_detailed_ansi_run1.tar"
"ansi_fixed","32b","15","detailed","1","HashCodeUtils","SUCCESS","27/38","-","71.0526315789474",,,"D:\report\report writing\new_output_compare\ansi\32b\output_32b_15_attempts_detailed_ansi_run1.tar"
"ansi_fixed","32b","15","detailed","1","HtmlEncoder","SUCCESS","6/7","6/7","85.7142857142857","85.7142857142857","0","D:\report\report writing\new_output_compare\ansi\32b\output_32b_15_attempts_detailed_ansi_run1.tar"
"ansi_fixed","32b","15","detailed","1","IndexedString","SUCCESS","24/28","28/28","85.7142857142857","100","14.2857142857143","D:\report\report writing\new_output_compare\ansi\32b\output_32b_15_attempts_detailed_ansi_run1.tar"
"ansi_fixed","32b","15","detailed","1","Inflection","SUCCESS","13/20","-","65",,,"D:\report\report writing\new_output_compare\ansi\32b\output_32b_15_attempts_detailed_ansi_run1.tar"
"ansi_fixed","32b","15","detailed","1","InspirentoUtilities","SUCCESS","15/16","15/16","93.75","93.75","0","D:\report\report writing\new_output_compare\ansi\32b\output_32b_15_attempts_detailed_ansi_run1.tar"
"ansi_fixed","32b","15","detailed","1","MapUtil","SUCCESS","16/16","-","100",,,"D:\report\report writing\new_output_compare\ansi\32b\output_32b_15_attempts_detailed_ansi_run1.tar"
"ansi_fixed","32b","15","detailed","1","MathUtil","FAILED","?","-",,,,"D:\report\report writing\new_output_compare\ansi\32b\output_32b_15_attempts_detailed_ansi_run1.tar"
"ansi_fixed","32b","15","detailed","1","NaturalSort","SUCCESS","34/66","49/66","51.5151515151515","74.2424242424242","22.7272727272727","D:\report\report writing\new_output_compare\ansi\32b\output_32b_15_attempts_detailed_ansi_run1.tar"
"ansi_fixed","32b","15","detailed","1","ObjectsUtil","TIMEOUT","?","-",,,,"D:\report\report writing\new_output_compare\ansi\32b\output_32b_15_attempts_detailed_ansi_run1.tar"
"ansi_fixed","32b","15","detailed","1","Reference","SUCCESS","10/19","11/19","52.6315789473684","57.8947368421053","5.26315789473685","D:\report\report writing\new_output_compare\ansi\32b\output_32b_15_attempts_detailed_ansi_run1.tar"
"ansi_fixed","32b","15","detailed","1","Region","SUCCESS","12/25","22/25","48","88","40","D:\report\report writing\new_output_compare\ansi\32b\output_32b_15_attempts_detailed_ansi_run1.tar"
"ansi_fixed","32b","15","detailed","1","SAXPathException","SUCCESS","1/10","-","10",,,"D:\report\report writing\new_output_compare\ansi\32b\output_32b_15_attempts_detailed_ansi_run1.tar"
"ansi_fixed","32b","15","detailed","1","SimpleCounter","SUCCESS","3/3","-","100",,,"D:\report\report writing\new_output_compare\ansi\32b\output_32b_15_attempts_detailed_ansi_run1.tar"
"ansi_fixed","32b","15","detailed","1","SortedArrayList","SUCCESS","15/19","-","78.9473684210526",,,"D:\report\report writing\new_output_compare\ansi\32b\output_32b_15_attempts_detailed_ansi_run1.tar"
"ansi_fixed","32b","15","detailed","1","SortedMapVector","FAILED","?","-",,,,"D:\report\report writing\new_output_compare\ansi\32b\output_32b_15_attempts_detailed_ansi_run1.tar"
"ansi_fixed","32b","15","detailed","1","StringComparator","SUCCESS","12/16","-","75",,,"D:\report\report writing\new_output_compare\ansi\32b\output_32b_15_attempts_detailed_ansi_run1.tar"
"ansi_fixed","32b","15","detailed","1","StringEncoder64","SUCCESS","90/177","-","50.8474576271186",,,"D:\report\report writing\new_output_compare\ansi\32b\output_32b_15_attempts_detailed_ansi_run1.tar"
"ansi_fixed","32b","15","detailed","1","StringLink","SUCCESS","8/15","8/15","53.3333333333333","53.3333333333333","0","D:\report\report writing\new_output_compare\ansi\32b\output_32b_15_attempts_detailed_ansi_run1.tar"
"ansi_fixed","32b","15","detailed","1","StringList","SUCCESS","6/13","-","46.1538461538462",,,"D:\report\report writing\new_output_compare\ansi\32b\output_32b_15_attempts_detailed_ansi_run1.tar"
"ansi_fixed","32b","15","detailed","1","StringUtils","FAILED","?","-",,,,"D:\report\report writing\new_output_compare\ansi\32b\output_32b_15_attempts_detailed_ansi_run1.tar"
"ansi_fixed","32b","15","detailed","1","ToStringConverter","SUCCESS","7/7","-","100",,,"D:\report\report writing\new_output_compare\ansi\32b\output_32b_15_attempts_detailed_ansi_run1.tar"
"ansi_fixed","32b","15","detailed","1","UniqueTimestampGenerator","SUCCESS","11/27","-","40.7407407407407",,,"D:\report\report writing\new_output_compare\ansi\32b\output_32b_15_attempts_detailed_ansi_run1.tar"
"ansi_fixed","32b","15","detailed","1","Util","SUCCESS","7/28","-","25",,,"D:\report\report writing\new_output_compare\ansi\32b\output_32b_15_attempts_detailed_ansi_run1.tar"
"ansi_fixed","32b","15","detailed","1","Version","SUCCESS","11/19","16/19","57.8947368421053","84.2105263157895","26.3157894736842","D:\report\report writing\new_output_compare\ansi\32b\output_32b_15_attempts_detailed_ansi_run1.tar"
"ansi_fixed","32b","15","detailed","2","ArrayUtil","SUCCESS","30/57","35/57","52.6315789473684","61.4035087719298","8.77192982456141","D:\report\report writing\new_output_compare\ansi\32b\output_32b_15_attempts_detailed_ansi_run2.tar"
"ansi_fixed","32b","15","detailed","2","Axis","SUCCESS","16/40","-","40",,,"D:\report\report writing\new_output_compare\ansi\32b\output_32b_15_attempts_detailed_ansi_run2.tar"
"ansi_fixed","32b","15","detailed","2","Base32","FAILED","?","-",,,,"D:\report\report writing\new_output_compare\ansi\32b\output_32b_15_attempts_detailed_ansi_run2.tar"
"ansi_fixed","32b","15","detailed","2","Base64","SUCCESS","72/95","-","75.7894736842105",,,"D:\report\report writing\new_output_compare\ansi\32b\output_32b_15_attempts_detailed_ansi_run2.tar"
"ansi_fixed","32b","15","detailed","2","Base64Coder","SUCCESS","81/94","89/94","86.1702127659574","94.6808510638298","8.51063829787235","D:\report\report writing\new_output_compare\ansi\32b\output_32b_15_attempts_detailed_ansi_run2.tar"
"ansi_fixed","32b","15","detailed","2","BigDecimalUtil","SUCCESS","3/6","-","50",,,"D:\report\report writing\new_output_compare\ansi\32b\output_32b_15_attempts_detailed_ansi_run2.tar"
"ansi_fixed","32b","15","detailed","2","BinaryDisplayConverter","FAILED","?","-",,,,"D:\report\report writing\new_output_compare\ansi\32b\output_32b_15_attempts_detailed_ansi_run2.tar"
"ansi_fixed","32b","15","detailed","2","ByteVector","SUCCESS","16/138","-","11.5942028985507",,,"D:\report\report writing\new_output_compare\ansi\32b\output_32b_15_attempts_detailed_ansi_run2.tar"
"ansi_fixed","32b","15","detailed","2","CaselessStringMap","FAILED","?","-",,,,"D:\report\report writing\new_output_compare\ansi\32b\output_32b_15_attempts_detailed_ansi_run2.tar"
"ansi_fixed","32b","15","detailed","2","CommandLine","SUCCESS","16/32","25/32","50","78.125","28.125","D:\report\report writing\new_output_compare\ansi\32b\output_32b_15_attempts_detailed_ansi_run2.tar"
"ansi_fixed","32b","15","detailed","2","DateTools","SUCCESS","10/27","-","37.037037037037",,,"D:\report\report writing\new_output_compare\ansi\32b\output_32b_15_attempts_detailed_ansi_run2.tar"
"ansi_fixed","32b","15","detailed","2","DateUtil","SUCCESS","6/28","26/28","21.4285714285714","92.8571428571429","71.4285714285714","D:\report\report writing\new_output_compare\ansi\32b\output_32b_15_attempts_detailed_ansi_run2.tar"
"ansi_fixed","32b","15","detailed","2","DisplayHelper","SUCCESS","9/9","-","100",,,"D:\report\report writing\new_output_compare\ansi\32b\output_32b_15_attempts_detailed_ansi_run2.tar"
"ansi_fixed","32b","15","detailed","2","EmailFacadeState","SUCCESS","11/13","13/13","84.6153846153846","100","15.3846153846154","D:\report\report writing\new_output_compare\ansi\32b\output_32b_15_attempts_detailed_ansi_run2.tar"
"ansi_fixed","32b","15","detailed","2","FilterMatcher","SUCCESS","15/24","21/24","62.5","87.5","25","D:\report\report writing\new_output_compare\ansi\32b\output_32b_15_attempts_detailed_ansi_run2.tar"
"ansi_fixed","32b","15","detailed","2","GridLayout2","FAILED","?","-",,,,"D:\report\report writing\new_output_compare\ansi\32b\output_32b_15_attempts_detailed_ansi_run2.tar"
"ansi_fixed","32b","15","detailed","2","HashCodeUtils","SUCCESS","31/38","33/38","81.5789473684211","86.8421052631579","5.26315789473685","D:\report\report writing\new_output_compare\ansi\32b\output_32b_15_attempts_detailed_ansi_run2.tar"
"ansi_fixed","32b","15","detailed","2","HtmlEncoder","FAILED","?","-",,,,"D:\report\report writing\new_output_compare\ansi\32b\output_32b_15_attempts_detailed_ansi_run2.tar"
"ansi_fixed","32b","15","detailed","2","IndexedString","SUCCESS","26/28","28/28","92.8571428571429","100","7.14285714285714","D:\report\report writing\new_output_compare\ansi\32b\output_32b_15_attempts_detailed_ansi_run2.tar"
"ansi_fixed","32b","15","detailed","2","Inflection","SUCCESS","12/20","-","60",,,"D:\report\report writing\new_output_compare\ansi\32b\output_32b_15_attempts_detailed_ansi_run2.tar"
"ansi_fixed","32b","15","detailed","2","InspirentoUtilities","FAILED","?","-",,,,"D:\report\report writing\new_output_compare\ansi\32b\output_32b_15_attempts_detailed_ansi_run2.tar"
"ansi_fixed","32b","15","detailed","2","MapUtil","SUCCESS","16/16","-","100",,,"D:\report\report writing\new_output_compare\ansi\32b\output_32b_15_attempts_detailed_ansi_run2.tar"
"ansi_fixed","32b","15","detailed","2","MathUtil","SUCCESS","16/44","18/44","36.3636363636364","40.9090909090909","4.54545454545455","D:\report\report writing\new_output_compare\ansi\32b\output_32b_15_attempts_detailed_ansi_run2.tar"
"ansi_fixed","32b","15","detailed","2","NaturalSort","SUCCESS","34/66","-","51.5151515151515",,,"D:\report\report writing\new_output_compare\ansi\32b\output_32b_15_attempts_detailed_ansi_run2.tar"
"ansi_fixed","32b","15","detailed","2","ObjectsUtil","TIMEOUT","?","-",,,,"D:\report\report writing\new_output_compare\ansi\32b\output_32b_15_attempts_detailed_ansi_run2.tar"
"ansi_fixed","32b","15","detailed","2","Reference","SUCCESS","8/19","13/19","42.1052631578947","68.4210526315789","26.3157894736842","D:\report\report writing\new_output_compare\ansi\32b\output_32b_15_attempts_detailed_ansi_run2.tar"
"ansi_fixed","32b","15","detailed","2","Region","SUCCESS","11/25","18/25","44","72","28","D:\report\report writing\new_output_compare\ansi\32b\output_32b_15_attempts_detailed_ansi_run2.tar"
"ansi_fixed","32b","15","detailed","2","SAXPathException","SUCCESS","1/10","3/10","10","30","20","D:\report\report writing\new_output_compare\ansi\32b\output_32b_15_attempts_detailed_ansi_run2.tar"
"ansi_fixed","32b","15","detailed","2","SimpleCounter","SUCCESS","3/3","-","100",,,"D:\report\report writing\new_output_compare\ansi\32b\output_32b_15_attempts_detailed_ansi_run2.tar"
"ansi_fixed","32b","15","detailed","2","SortedArrayList","SUCCESS","15/19","-","78.9473684210526",,,"D:\report\report writing\new_output_compare\ansi\32b\output_32b_15_attempts_detailed_ansi_run2.tar"
"ansi_fixed","32b","15","detailed","2","SortedMapVector","FAILED","?","-",,,,"D:\report\report writing\new_output_compare\ansi\32b\output_32b_15_attempts_detailed_ansi_run2.tar"
"ansi_fixed","32b","15","detailed","2","StringComparator","SUCCESS","10/16","14/16","62.5","87.5","25","D:\report\report writing\new_output_compare\ansi\32b\output_32b_15_attempts_detailed_ansi_run2.tar"
"ansi_fixed","32b","15","detailed","2","StringEncoder64","SUCCESS","102/177","-","57.6271186440678",,,"D:\report\report writing\new_output_compare\ansi\32b\output_32b_15_attempts_detailed_ansi_run2.tar"
"ansi_fixed","32b","15","detailed","2","StringLink","SUCCESS","8/15","8/15","53.3333333333333","53.3333333333333","0","D:\report\report writing\new_output_compare\ansi\32b\output_32b_15_attempts_detailed_ansi_run2.tar"
"ansi_fixed","32b","15","detailed","2","StringList","SUCCESS","3/13","13/13","23.0769230769231","100","76.9230769230769","D:\report\report writing\new_output_compare\ansi\32b\output_32b_15_attempts_detailed_ansi_run2.tar"
"ansi_fixed","32b","15","detailed","2","StringUtils","FAILED","?","-",,,,"D:\report\report writing\new_output_compare\ansi\32b\output_32b_15_attempts_detailed_ansi_run2.tar"
"ansi_fixed","32b","15","detailed","2","ToStringConverter","SUCCESS","7/7","-","100",,,"D:\report\report writing\new_output_compare\ansi\32b\output_32b_15_attempts_detailed_ansi_run2.tar"
"ansi_fixed","32b","15","detailed","2","UniqueTimestampGenerator","SUCCESS","12/27","-","44.4444444444444",,,"D:\report\report writing\new_output_compare\ansi\32b\output_32b_15_attempts_detailed_ansi_run2.tar"
"ansi_fixed","32b","15","detailed","2","Util","SUCCESS","16/28","17/28","57.1428571428571","60.7142857142857","3.57142857142857","D:\report\report writing\new_output_compare\ansi\32b\output_32b_15_attempts_detailed_ansi_run2.tar"
"ansi_fixed","32b","15","detailed","2","Version","SUCCESS","11/19","17/19","57.8947368421053","89.4736842105263","31.578947368421","D:\report\report writing\new_output_compare\ansi\32b\output_32b_15_attempts_detailed_ansi_run2.tar"
"ansi_fixed","32b","15","detailed","3","ArrayUtil","FAILED","?","-",,,,"D:\report\report writing\new_output_compare\ansi\32b\output_32b_15_attempts_detailed_ansi_run3.tar"
"ansi_fixed","32b","15","detailed","3","Axis","SUCCESS","16/40","-","40",,,"D:\report\report writing\new_output_compare\ansi\32b\output_32b_15_attempts_detailed_ansi_run3.tar"
"ansi_fixed","32b","15","detailed","3","Base32","SUCCESS","55/72","-","76.3888888888889",,,"D:\report\report writing\new_output_compare\ansi\32b\output_32b_15_attempts_detailed_ansi_run3.tar"
"ansi_fixed","32b","15","detailed","3","Base64","SUCCESS","72/95","-","75.7894736842105",,,"D:\report\report writing\new_output_compare\ansi\32b\output_32b_15_attempts_detailed_ansi_run3.tar"
"ansi_fixed","32b","15","detailed","3","Base64Coder","SUCCESS","87/94","88/94","92.5531914893617","93.6170212765958","1.06382978723406","D:\report\report writing\new_output_compare\ansi\32b\output_32b_15_attempts_detailed_ansi_run3.tar"
"ansi_fixed","32b","15","detailed","3","BigDecimalUtil","SUCCESS","3/6","-","50",,,"D:\report\report writing\new_output_compare\ansi\32b\output_32b_15_attempts_detailed_ansi_run3.tar"
"ansi_fixed","32b","15","detailed","3","BinaryDisplayConverter","FAILED","?","-",,,,"D:\report\report writing\new_output_compare\ansi\32b\output_32b_15_attempts_detailed_ansi_run3.tar"
"ansi_fixed","32b","15","detailed","3","ByteVector","SUCCESS","16/138","-","11.5942028985507",,,"D:\report\report writing\new_output_compare\ansi\32b\output_32b_15_attempts_detailed_ansi_run3.tar"
"ansi_fixed","32b","15","detailed","3","CaselessStringMap","FAILED","?","-",,,,"D:\report\report writing\new_output_compare\ansi\32b\output_32b_15_attempts_detailed_ansi_run3.tar"
"ansi_fixed","32b","15","detailed","3","CommandLine","SUCCESS","17/32","27/32","53.125","84.375","31.25","D:\report\report writing\new_output_compare\ansi\32b\output_32b_15_attempts_detailed_ansi_run3.tar"
"ansi_fixed","32b","15","detailed","3","DateTools","SUCCESS","16/27","21/27","59.2592592592593","77.7777777777778","18.5185185185185","D:\report\report writing\new_output_compare\ansi\32b\output_32b_15_attempts_detailed_ansi_run3.tar"
"ansi_fixed","32b","15","detailed","3","DateUtil","FAILED","?","-",,,,"D:\report\report writing\new_output_compare\ansi\32b\output_32b_15_attempts_detailed_ansi_run3.tar"
"ansi_fixed","32b","15","detailed","3","DisplayHelper","SUCCESS","7/9","-","77.7777777777778",,,"D:\report\report writing\new_output_compare\ansi\32b\output_32b_15_attempts_detailed_ansi_run3.tar"
"ansi_fixed","32b","15","detailed","3","EmailFacadeState","SUCCESS","10/13","-","76.9230769230769",,,"D:\report\report writing\new_output_compare\ansi\32b\output_32b_15_attempts_detailed_ansi_run3.tar"
"ansi_fixed","32b","15","detailed","3","FilterMatcher","SUCCESS","18/24","21/24","75","87.5","12.5","D:\report\report writing\new_output_compare\ansi\32b\output_32b_15_attempts_detailed_ansi_run3.tar"
"ansi_fixed","32b","15","detailed","3","GridLayout2","SUCCESS","18/103","-","17.4757281553398",,,"D:\report\report writing\new_output_compare\ansi\32b\output_32b_15_attempts_detailed_ansi_run3.tar"
"ansi_fixed","32b","15","detailed","3","HashCodeUtils","SUCCESS","31/38","-","81.5789473684211",,,"D:\report\report writing\new_output_compare\ansi\32b\output_32b_15_attempts_detailed_ansi_run3.tar"
"ansi_fixed","32b","15","detailed","3","HtmlEncoder","SUCCESS","6/7","-","85.7142857142857",,,"D:\report\report writing\new_output_compare\ansi\32b\output_32b_15_attempts_detailed_ansi_run3.tar"
"ansi_fixed","32b","15","detailed","3","IndexedString","SUCCESS","26/28","28/28","92.8571428571429","100","7.14285714285714","D:\report\report writing\new_output_compare\ansi\32b\output_32b_15_attempts_detailed_ansi_run3.tar"
"ansi_fixed","32b","15","detailed","3","Inflection","SUCCESS","12/20","-","60",,,"D:\report\report writing\new_output_compare\ansi\32b\output_32b_15_attempts_detailed_ansi_run3.tar"
"ansi_fixed","32b","15","detailed","3","InspirentoUtilities","FAILED","?","-",,,,"D:\report\report writing\new_output_compare\ansi\32b\output_32b_15_attempts_detailed_ansi_run3.tar"
"ansi_fixed","32b","15","detailed","3","MapUtil","SUCCESS","16/16","-","100",,,"D:\report\report writing\new_output_compare\ansi\32b\output_32b_15_attempts_detailed_ansi_run3.tar"
"ansi_fixed","32b","15","detailed","3","MathUtil","SUCCESS","16/44","20/44","36.3636363636364","45.4545454545455","9.09090909090909","D:\report\report writing\new_output_compare\ansi\32b\output_32b_15_attempts_detailed_ansi_run3.tar"
"ansi_fixed","32b","15","detailed","3","NaturalSort","SUCCESS","34/66","39/66","51.5151515151515","59.0909090909091","7.57575757575758","D:\report\report writing\new_output_compare\ansi\32b\output_32b_15_attempts_detailed_ansi_run3.tar"
"ansi_fixed","32b","15","detailed","3","ObjectsUtil","SUCCESS","7/14","14/14","50","100","50","D:\report\report writing\new_output_compare\ansi\32b\output_32b_15_attempts_detailed_ansi_run3.tar"
"ansi_fixed","32b","15","detailed","3","Reference","SUCCESS","8/19","13/19","42.1052631578947","68.4210526315789","26.3157894736842","D:\report\report writing\new_output_compare\ansi\32b\output_32b_15_attempts_detailed_ansi_run3.tar"
"ansi_fixed","32b","15","detailed","3","Region","SUCCESS","12/25","22/25","48","88","40","D:\report\report writing\new_output_compare\ansi\32b\output_32b_15_attempts_detailed_ansi_run3.tar"
"ansi_fixed","32b","15","detailed","3","SAXPathException","SUCCESS","1/10","-","10",,,"D:\report\report writing\new_output_compare\ansi\32b\output_32b_15_attempts_detailed_ansi_run3.tar"
"ansi_fixed","32b","15","detailed","3","SimpleCounter","SUCCESS","3/3","-","100",,,"D:\report\report writing\new_output_compare\ansi\32b\output_32b_15_attempts_detailed_ansi_run3.tar"
"ansi_fixed","32b","15","detailed","3","SortedArrayList","SUCCESS","14/19","-","73.6842105263158",,,"D:\report\report writing\new_output_compare\ansi\32b\output_32b_15_attempts_detailed_ansi_run3.tar"
"ansi_fixed","32b","15","detailed","3","SortedMapVector","FAILED","?","-",,,,"D:\report\report writing\new_output_compare\ansi\32b\output_32b_15_attempts_detailed_ansi_run3.tar"
"ansi_fixed","32b","15","detailed","3","StringComparator","TIMEOUT","?","-",,,,"D:\report\report writing\new_output_compare\ansi\32b\output_32b_15_attempts_detailed_ansi_run3.tar"
"ansi_fixed","32b","15","detailed","3","StringEncoder64","SUCCESS","96/177","-","54.2372881355932",,,"D:\report\report writing\new_output_compare\ansi\32b\output_32b_15_attempts_detailed_ansi_run3.tar"
"ansi_fixed","32b","15","detailed","3","StringLink","SUCCESS","6/15","-","40",,,"D:\report\report writing\new_output_compare\ansi\32b\output_32b_15_attempts_detailed_ansi_run3.tar"
"ansi_fixed","32b","15","detailed","3","StringList","SUCCESS","3/13","-","23.0769230769231",,,"D:\report\report writing\new_output_compare\ansi\32b\output_32b_15_attempts_detailed_ansi_run3.tar"
"ansi_fixed","32b","15","detailed","3","StringUtils","FAILED","?","-",,,,"D:\report\report writing\new_output_compare\ansi\32b\output_32b_15_attempts_detailed_ansi_run3.tar"
"ansi_fixed","32b","15","detailed","3","ToStringConverter","SUCCESS","7/7","-","100",,,"D:\report\report writing\new_output_compare\ansi\32b\output_32b_15_attempts_detailed_ansi_run3.tar"
"ansi_fixed","32b","15","detailed","3","UniqueTimestampGenerator","SUCCESS","18/27","-","66.6666666666667",,,"D:\report\report writing\new_output_compare\ansi\32b\output_32b_15_attempts_detailed_ansi_run3.tar"
"ansi_fixed","32b","15","detailed","3","Util","SUCCESS","16/28","24/28","57.1428571428571","85.7142857142857","28.5714285714286","D:\report\report writing\new_output_compare\ansi\32b\output_32b_15_attempts_detailed_ansi_run3.tar"
"ansi_fixed","32b","15","detailed","3","Version","SUCCESS","11/19","15/19","57.8947368421053","78.9473684210526","21.0526315789474","D:\report\report writing\new_output_compare\ansi\32b\output_32b_15_attempts_detailed_ansi_run3.tar"
"ansi_fixed","32b","5","baseline","1","ArrayUtil","SUCCESS","35/57","-","61.4035087719298",,,"D:\report\report writing\new_output_compare\ansi\32b\output_32b_5_attempts_baseline_ansi_run1.tar"
"ansi_fixed","32b","5","baseline","1","Axis","SUCCESS","20/40","-","50",,,"D:\report\report writing\new_output_compare\ansi\32b\output_32b_5_attempts_baseline_ansi_run1.tar"
"ansi_fixed","32b","5","baseline","1","Base32","FAILED","?","-",,,,"D:\report\report writing\new_output_compare\ansi\32b\output_32b_5_attempts_baseline_ansi_run1.tar"
"ansi_fixed","32b","5","baseline","1","Base64","SUCCESS","36/95","-","37.8947368421053",,,"D:\report\report writing\new_output_compare\ansi\32b\output_32b_5_attempts_baseline_ansi_run1.tar"
"ansi_fixed","32b","5","baseline","1","Base64Coder","SUCCESS","82/94","-","87.2340425531915",,,"D:\report\report writing\new_output_compare\ansi\32b\output_32b_5_attempts_baseline_ansi_run1.tar"
"ansi_fixed","32b","5","baseline","1","BigDecimalUtil","SUCCESS","4/6","-","66.6666666666667",,,"D:\report\report writing\new_output_compare\ansi\32b\output_32b_5_attempts_baseline_ansi_run1.tar"
"ansi_fixed","32b","5","baseline","1","BinaryDisplayConverter","SUCCESS","12/47","-","25.531914893617",,,"D:\report\report writing\new_output_compare\ansi\32b\output_32b_5_attempts_baseline_ansi_run1.tar"
"ansi_fixed","32b","5","baseline","1","ByteVector","SUCCESS","31/138","47/138","22.463768115942","34.0579710144928","11.5942028985507","D:\report\report writing\new_output_compare\ansi\32b\output_32b_5_attempts_baseline_ansi_run1.tar"
"ansi_fixed","32b","5","baseline","1","CaselessStringMap","SUCCESS","4/5","4/5","80","80","0","D:\report\report writing\new_output_compare\ansi\32b\output_32b_5_attempts_baseline_ansi_run1.tar"
"ansi_fixed","32b","5","baseline","1","CommandLine","SUCCESS","19/32","22/32","59.375","68.75","9.375","D:\report\report writing\new_output_compare\ansi\32b\output_32b_5_attempts_baseline_ansi_run1.tar"
"ansi_fixed","32b","5","baseline","1","DateTools","SUCCESS","16/27","-","59.2592592592593",,,"D:\report\report writing\new_output_compare\ansi\32b\output_32b_5_attempts_baseline_ansi_run1.tar"
"ansi_fixed","32b","5","baseline","1","DateUtil","SUCCESS","20/28","25/28","71.4285714285714","89.2857142857143","17.8571428571429","D:\report\report writing\new_output_compare\ansi\32b\output_32b_5_attempts_baseline_ansi_run1.tar"
"ansi_fixed","32b","5","baseline","1","DisplayHelper","SUCCESS","8/9","-","88.8888888888889",,,"D:\report\report writing\new_output_compare\ansi\32b\output_32b_5_attempts_baseline_ansi_run1.tar"
"ansi_fixed","32b","5","baseline","1","EmailFacadeState","SUCCESS","10/13","10/13","76.9230769230769","76.9230769230769","0","D:\report\report writing\new_output_compare\ansi\32b\output_32b_5_attempts_baseline_ansi_run1.tar"
"ansi_fixed","32b","5","baseline","1","FilterMatcher","SUCCESS","19/24","20/24","79.1666666666667","83.3333333333333","4.16666666666669","D:\report\report writing\new_output_compare\ansi\32b\output_32b_5_attempts_baseline_ansi_run1.tar"
"ansi_fixed","32b","5","baseline","1","GridLayout2","SUCCESS","0/103","-","0",,,"D:\report\report writing\new_output_compare\ansi\32b\output_32b_5_attempts_baseline_ansi_run1.tar"
"ansi_fixed","32b","5","baseline","1","HashCodeUtils","SUCCESS","27/38","32/38","71.0526315789474","84.2105263157895","13.1578947368421","D:\report\report writing\new_output_compare\ansi\32b\output_32b_5_attempts_baseline_ansi_run1.tar"
"ansi_fixed","32b","5","baseline","1","HtmlEncoder","SUCCESS","6/7","-","85.7142857142857",,,"D:\report\report writing\new_output_compare\ansi\32b\output_32b_5_attempts_baseline_ansi_run1.tar"
"ansi_fixed","32b","5","baseline","1","IndexedString","SUCCESS","27/28","27/28","96.4285714285714","96.4285714285714","0","D:\report\report writing\new_output_compare\ansi\32b\output_32b_5_attempts_baseline_ansi_run1.tar"
"ansi_fixed","32b","5","baseline","1","Inflection","SUCCESS","14/20","16/20","70","80","10","D:\report\report writing\new_output_compare\ansi\32b\output_32b_5_attempts_baseline_ansi_run1.tar"
"ansi_fixed","32b","5","baseline","1","InspirentoUtilities","SUCCESS","15/16","15/16","93.75","93.75","0","D:\report\report writing\new_output_compare\ansi\32b\output_32b_5_attempts_baseline_ansi_run1.tar"
"ansi_fixed","32b","5","baseline","1","MapUtil","SUCCESS","16/16","-","100",,,"D:\report\report writing\new_output_compare\ansi\32b\output_32b_5_attempts_baseline_ansi_run1.tar"
"ansi_fixed","32b","5","baseline","1","MathUtil","SUCCESS","24/44","28/44","54.5454545454545","63.6363636363636","9.09090909090909","D:\report\report writing\new_output_compare\ansi\32b\output_32b_5_attempts_baseline_ansi_run1.tar"
"ansi_fixed","32b","5","baseline","1","NaturalSort","SUCCESS","29/66","-","43.9393939393939",,,"D:\report\report writing\new_output_compare\ansi\32b\output_32b_5_attempts_baseline_ansi_run1.tar"
"ansi_fixed","32b","5","baseline","1","ObjectsUtil","SUCCESS","6/14","13/14","42.8571428571429","92.8571428571429","50","D:\report\report writing\new_output_compare\ansi\32b\output_32b_5_attempts_baseline_ansi_run1.tar"
"ansi_fixed","32b","5","baseline","1","Reference","SUCCESS","11/19","11/19","57.8947368421053","57.8947368421053","0","D:\report\report writing\new_output_compare\ansi\32b\output_32b_5_attempts_baseline_ansi_run1.tar"
"ansi_fixed","32b","5","baseline","1","Region","SUCCESS","10/25","20/25","40","80","40","D:\report\report writing\new_output_compare\ansi\32b\output_32b_5_attempts_baseline_ansi_run1.tar"
"ansi_fixed","32b","5","baseline","1","SAXPathException","SUCCESS","3/10","-","30",,,"D:\report\report writing\new_output_compare\ansi\32b\output_32b_5_attempts_baseline_ansi_run1.tar"
"ansi_fixed","32b","5","baseline","1","SimpleCounter","SUCCESS","3/3","-","100",,,"D:\report\report writing\new_output_compare\ansi\32b\output_32b_5_attempts_baseline_ansi_run1.tar"
"ansi_fixed","32b","5","baseline","1","SortedArrayList","SUCCESS","13/19","-","68.4210526315789",,,"D:\report\report writing\new_output_compare\ansi\32b\output_32b_5_attempts_baseline_ansi_run1.tar"
"ansi_fixed","32b","5","baseline","1","SortedMapVector","FAILED","?","-",,,,"D:\report\report writing\new_output_compare\ansi\32b\output_32b_5_attempts_baseline_ansi_run1.tar"
"ansi_fixed","32b","5","baseline","1","StringComparator","SUCCESS","14/16","-","87.5",,,"D:\report\report writing\new_output_compare\ansi\32b\output_32b_5_attempts_baseline_ansi_run1.tar"
"ansi_fixed","32b","5","baseline","1","StringEncoder64","SUCCESS","90/177","-","50.8474576271186",,,"D:\report\report writing\new_output_compare\ansi\32b\output_32b_5_attempts_baseline_ansi_run1.tar"
"ansi_fixed","32b","5","baseline","1","StringLink","SUCCESS","8/15","-","53.3333333333333",,,"D:\report\report writing\new_output_compare\ansi\32b\output_32b_5_attempts_baseline_ansi_run1.tar"
"ansi_fixed","32b","5","baseline","1","StringList","SUCCESS","7/13","9/13","53.8461538461538","69.2307692307692","15.3846153846154","D:\report\report writing\new_output_compare\ansi\32b\output_32b_5_attempts_baseline_ansi_run1.tar"
"ansi_fixed","32b","5","baseline","1","StringUtils","FAILED","?","-",,,,"D:\report\report writing\new_output_compare\ansi\32b\output_32b_5_attempts_baseline_ansi_run1.tar"
"ansi_fixed","32b","5","baseline","1","ToStringConverter","SUCCESS","7/7","-","100",,,"D:\report\report writing\new_output_compare\ansi\32b\output_32b_5_attempts_baseline_ansi_run1.tar"
"ansi_fixed","32b","5","baseline","1","UniqueTimestampGenerator","SUCCESS","18/27","-","66.6666666666667",,,"D:\report\report writing\new_output_compare\ansi\32b\output_32b_5_attempts_baseline_ansi_run1.tar"
"ansi_fixed","32b","5","baseline","1","Util","SUCCESS","23/28","-","82.1428571428571",,,"D:\report\report writing\new_output_compare\ansi\32b\output_32b_5_attempts_baseline_ansi_run1.tar"
"ansi_fixed","32b","5","baseline","1","Version","SUCCESS","11/19","14/19","57.8947368421053","73.6842105263158","15.7894736842105","D:\report\report writing\new_output_compare\ansi\32b\output_32b_5_attempts_baseline_ansi_run1.tar"
"ansi_fixed","32b","5","baseline","2","ArrayUtil","SUCCESS","30/57","41/57","52.6315789473684","71.9298245614035","19.2982456140351","D:\report\report writing\new_output_compare\ansi\32b\output_32b_5_attempts_baseline_ansi_run2.tar"
"ansi_fixed","32b","5","baseline","2","Axis","SUCCESS","18/40","-","45",,,"D:\report\report writing\new_output_compare\ansi\32b\output_32b_5_attempts_baseline_ansi_run2.tar"
"ansi_fixed","32b","5","baseline","2","Base32","FAILED","?","-",,,,"D:\report\report writing\new_output_compare\ansi\32b\output_32b_5_attempts_baseline_ansi_run2.tar"
"ansi_fixed","32b","5","baseline","2","Base64","FAILED","?","-",,,,"D:\report\report writing\new_output_compare\ansi\32b\output_32b_5_attempts_baseline_ansi_run2.tar"
"ansi_fixed","32b","5","baseline","2","Base64Coder","SUCCESS","82/94","-","87.2340425531915",,,"D:\report\report writing\new_output_compare\ansi\32b\output_32b_5_attempts_baseline_ansi_run2.tar"
"ansi_fixed","32b","5","baseline","2","BigDecimalUtil","SUCCESS","4/6","-","66.6666666666667",,,"D:\report\report writing\new_output_compare\ansi\32b\output_32b_5_attempts_baseline_ansi_run2.tar"
"ansi_fixed","32b","5","baseline","2","BinaryDisplayConverter","SUCCESS","12/47","-","25.531914893617",,,"D:\report\report writing\new_output_compare\ansi\32b\output_32b_5_attempts_baseline_ansi_run2.tar"
"ansi_fixed","32b","5","baseline","2","ByteVector","SUCCESS","27/138","48/138","19.5652173913043","34.7826086956522","15.2173913043478","D:\report\report writing\new_output_compare\ansi\32b\output_32b_5_attempts_baseline_ansi_run2.tar"
"ansi_fixed","32b","5","baseline","2","CaselessStringMap","FAILED","?","-",,,,"D:\report\report writing\new_output_compare\ansi\32b\output_32b_5_attempts_baseline_ansi_run2.tar"
"ansi_fixed","32b","5","baseline","2","CommandLine","SUCCESS","19/32","22/32","59.375","68.75","9.375","D:\report\report writing\new_output_compare\ansi\32b\output_32b_5_attempts_baseline_ansi_run2.tar"
"ansi_fixed","32b","5","baseline","2","DateTools","SUCCESS","13/27","21/27","48.1481481481481","77.7777777777778","29.6296296296296","D:\report\report writing\new_output_compare\ansi\32b\output_32b_5_attempts_baseline_ansi_run2.tar"
"ansi_fixed","32b","5","baseline","2","DateUtil","SUCCESS","18/28","-","64.2857142857143",,,"D:\report\report writing\new_output_compare\ansi\32b\output_32b_5_attempts_baseline_ansi_run2.tar"
"ansi_fixed","32b","5","baseline","2","DisplayHelper","FAILED","?","-",,,,"D:\report\report writing\new_output_compare\ansi\32b\output_32b_5_attempts_baseline_ansi_run2.tar"
"ansi_fixed","32b","5","baseline","2","EmailFacadeState","SUCCESS","7/13","8/13","53.8461538461538","61.5384615384615","7.69230769230769","D:\report\report writing\new_output_compare\ansi\32b\output_32b_5_attempts_baseline_ansi_run2.tar"
"ansi_fixed","32b","5","baseline","2","FilterMatcher","SUCCESS","15/24","20/24","62.5","83.3333333333333","20.8333333333333","D:\report\report writing\new_output_compare\ansi\32b\output_32b_5_attempts_baseline_ansi_run2.tar"
"ansi_fixed","32b","5","baseline","2","GridLayout2","SUCCESS","20/103","-","19.4174757281553",,,"D:\report\report writing\new_output_compare\ansi\32b\output_32b_5_attempts_baseline_ansi_run2.tar"
"ansi_fixed","32b","5","baseline","2","HashCodeUtils","SUCCESS","27/38","34/38","71.0526315789474","89.4736842105263","18.4210526315789","D:\report\report writing\new_output_compare\ansi\32b\output_32b_5_attempts_baseline_ansi_run2.tar"
"ansi_fixed","32b","5","baseline","2","HtmlEncoder","SUCCESS","6/7","6/7","85.7142857142857","85.7142857142857","0","D:\report\report writing\new_output_compare\ansi\32b\output_32b_5_attempts_baseline_ansi_run2.tar"
"ansi_fixed","32b","5","baseline","2","IndexedString","SUCCESS","25/28","28/28","89.2857142857143","100","10.7142857142857","D:\report\report writing\new_output_compare\ansi\32b\output_32b_5_attempts_baseline_ansi_run2.tar"
"ansi_fixed","32b","5","baseline","2","Inflection","SUCCESS","14/20","14/20","70","70","0","D:\report\report writing\new_output_compare\ansi\32b\output_32b_5_attempts_baseline_ansi_run2.tar"
"ansi_fixed","32b","5","baseline","2","InspirentoUtilities","SUCCESS","15/16","15/16","93.75","93.75","0","D:\report\report writing\new_output_compare\ansi\32b\output_32b_5_attempts_baseline_ansi_run2.tar"
"ansi_fixed","32b","5","baseline","2","MapUtil","SUCCESS","16/16","-","100",,,"D:\report\report writing\new_output_compare\ansi\32b\output_32b_5_attempts_baseline_ansi_run2.tar"
"ansi_fixed","32b","5","baseline","2","MathUtil","SUCCESS","21/44","-","47.7272727272727",,,"D:\report\report writing\new_output_compare\ansi\32b\output_32b_5_attempts_baseline_ansi_run2.tar"
"ansi_fixed","32b","5","baseline","2","NaturalSort","SUCCESS","35/66","-","53.030303030303",,,"D:\report\report writing\new_output_compare\ansi\32b\output_32b_5_attempts_baseline_ansi_run2.tar"
"ansi_fixed","32b","5","baseline","2","ObjectsUtil","SUCCESS","8/14","-","57.1428571428571",,,"D:\report\report writing\new_output_compare\ansi\32b\output_32b_5_attempts_baseline_ansi_run2.tar"
"ansi_fixed","32b","5","baseline","2","Reference","SUCCESS","10/19","-","52.6315789473684",,,"D:\report\report writing\new_output_compare\ansi\32b\output_32b_5_attempts_baseline_ansi_run2.tar"
"ansi_fixed","32b","5","baseline","2","Region","SUCCESS","10/25","20/25","40","80","40","D:\report\report writing\new_output_compare\ansi\32b\output_32b_5_attempts_baseline_ansi_run2.tar"
"ansi_fixed","32b","5","baseline","2","SAXPathException","SUCCESS","3/10","-","30",,,"D:\report\report writing\new_output_compare\ansi\32b\output_32b_5_attempts_baseline_ansi_run2.tar"
"ansi_fixed","32b","5","baseline","2","SimpleCounter","SUCCESS","3/3","-","100",,,"D:\report\report writing\new_output_compare\ansi\32b\output_32b_5_attempts_baseline_ansi_run2.tar"
"ansi_fixed","32b","5","baseline","2","SortedArrayList","FAILED","?","-",,,,"D:\report\report writing\new_output_compare\ansi\32b\output_32b_5_attempts_baseline_ansi_run2.tar"
"ansi_fixed","32b","5","baseline","2","SortedMapVector","SUCCESS","26/63","-","41.2698412698413",,,"D:\report\report writing\new_output_compare\ansi\32b\output_32b_5_attempts_baseline_ansi_run2.tar"
"ansi_fixed","32b","5","baseline","2","StringComparator","SUCCESS","15/16","-","93.75",,,"D:\report\report writing\new_output_compare\ansi\32b\output_32b_5_attempts_baseline_ansi_run2.tar"
"ansi_fixed","32b","5","baseline","2","StringEncoder64","SUCCESS","90/177","-","50.8474576271186",,,"D:\report\report writing\new_output_compare\ansi\32b\output_32b_5_attempts_baseline_ansi_run2.tar"
"ansi_fixed","32b","5","baseline","2","StringLink","SUCCESS","8/15","-","53.3333333333333",,,"D:\report\report writing\new_output_compare\ansi\32b\output_32b_5_attempts_baseline_ansi_run2.tar"
"ansi_fixed","32b","5","baseline","2","StringList","SUCCESS","7/13","9/13","53.8461538461538","69.2307692307692","15.3846153846154","D:\report\report writing\new_output_compare\ansi\32b\output_32b_5_attempts_baseline_ansi_run2.tar"
"ansi_fixed","32b","5","baseline","2","StringUtils","FAILED","?","-",,,,"D:\report\report writing\new_output_compare\ansi\32b\output_32b_5_attempts_baseline_ansi_run2.tar"
"ansi_fixed","32b","5","baseline","2","ToStringConverter","SUCCESS","7/7","-","100",,,"D:\report\report writing\new_output_compare\ansi\32b\output_32b_5_attempts_baseline_ansi_run2.tar"
"ansi_fixed","32b","5","baseline","2","UniqueTimestampGenerator","SUCCESS","13/27","-","48.1481481481481",,,"D:\report\report writing\new_output_compare\ansi\32b\output_32b_5_attempts_baseline_ansi_run2.tar"
"ansi_fixed","32b","5","baseline","2","Util","SUCCESS","8/28","-","28.5714285714286",,,"D:\report\report writing\new_output_compare\ansi\32b\output_32b_5_attempts_baseline_ansi_run2.tar"
"ansi_fixed","32b","5","baseline","2","Version","SUCCESS","10/19","15/19","52.6315789473684","78.9473684210526","26.3157894736842","D:\report\report writing\new_output_compare\ansi\32b\output_32b_5_attempts_baseline_ansi_run2.tar"
"ansi_fixed","32b","5","baseline","3","ArrayUtil","SUCCESS","19/57","-","33.3333333333333",,,"D:\report\report writing\new_output_compare\ansi\32b\output_32b_5_attempts_baseline_ansi_run3.tar"
"ansi_fixed","32b","5","baseline","3","Axis","SUCCESS","17/40","-","42.5",,,"D:\report\report writing\new_output_compare\ansi\32b\output_32b_5_attempts_baseline_ansi_run3.tar"
"ansi_fixed","32b","5","baseline","3","Base32","FAILED","?","-",,,,"D:\report\report writing\new_output_compare\ansi\32b\output_32b_5_attempts_baseline_ansi_run3.tar"
"ansi_fixed","32b","5","baseline","3","Base64","FAILED","?","-",,,,"D:\report\report writing\new_output_compare\ansi\32b\output_32b_5_attempts_baseline_ansi_run3.tar"
"ansi_fixed","32b","5","baseline","3","Base64Coder","SUCCESS","81/94","-","86.1702127659574",,,"D:\report\report writing\new_output_compare\ansi\32b\output_32b_5_attempts_baseline_ansi_run3.tar"
"ansi_fixed","32b","5","baseline","3","BigDecimalUtil","SUCCESS","4/6","-","66.6666666666667",,,"D:\report\report writing\new_output_compare\ansi\32b\output_32b_5_attempts_baseline_ansi_run3.tar"
"ansi_fixed","32b","5","baseline","3","BinaryDisplayConverter","FAILED","?","-",,,,"D:\report\report writing\new_output_compare\ansi\32b\output_32b_5_attempts_baseline_ansi_run3.tar"
"ansi_fixed","32b","5","baseline","3","ByteVector","SUCCESS","31/138","-","22.463768115942",,,"D:\report\report writing\new_output_compare\ansi\32b\output_32b_5_attempts_baseline_ansi_run3.tar"
"ansi_fixed","32b","5","baseline","3","CaselessStringMap","SUCCESS","4/5","-","80",,,"D:\report\report writing\new_output_compare\ansi\32b\output_32b_5_attempts_baseline_ansi_run3.tar"
"ansi_fixed","32b","5","baseline","3","CommandLine","SUCCESS","19/32","-","59.375",,,"D:\report\report writing\new_output_compare\ansi\32b\output_32b_5_attempts_baseline_ansi_run3.tar"
"ansi_fixed","32b","5","baseline","3","DateTools","SUCCESS","18/27","-","66.6666666666667",,,"D:\report\report writing\new_output_compare\ansi\32b\output_32b_5_attempts_baseline_ansi_run3.tar"
"ansi_fixed","32b","5","baseline","3","DateUtil","SUCCESS","19/28","26/28","67.8571428571429","92.8571428571429","25","D:\report\report writing\new_output_compare\ansi\32b\output_32b_5_attempts_baseline_ansi_run3.tar"
"ansi_fixed","32b","5","baseline","3","DisplayHelper","SUCCESS","8/9","-","88.8888888888889",,,"D:\report\report writing\new_output_compare\ansi\32b\output_32b_5_attempts_baseline_ansi_run3.tar"
"ansi_fixed","32b","5","baseline","3","EmailFacadeState","SUCCESS","10/13","13/13","76.9230769230769","100","23.0769230769231","D:\report\report writing\new_output_compare\ansi\32b\output_32b_5_attempts_baseline_ansi_run3.tar"
"ansi_fixed","32b","5","baseline","3","FilterMatcher","SUCCESS","18/24","21/24","75","87.5","12.5","D:\report\report writing\new_output_compare\ansi\32b\output_32b_5_attempts_baseline_ansi_run3.tar"
"ansi_fixed","32b","5","baseline","3","GridLayout2","SUCCESS","24/103","-","23.3009708737864",,,"D:\report\report writing\new_output_compare\ansi\32b\output_32b_5_attempts_baseline_ansi_run3.tar"
"ansi_fixed","32b","5","baseline","3","HashCodeUtils","SUCCESS","28/38","33/38","73.6842105263158","86.8421052631579","13.1578947368421","D:\report\report writing\new_output_compare\ansi\32b\output_32b_5_attempts_baseline_ansi_run3.tar"
"ansi_fixed","32b","5","baseline","3","HtmlEncoder","SUCCESS","6/7","6/7","85.7142857142857","85.7142857142857","0","D:\report\report writing\new_output_compare\ansi\32b\output_32b_5_attempts_baseline_ansi_run3.tar"
"ansi_fixed","32b","5","baseline","3","IndexedString","SUCCESS","26/28","-","92.8571428571429",,,"D:\report\report writing\new_output_compare\ansi\32b\output_32b_5_attempts_baseline_ansi_run3.tar"
"ansi_fixed","32b","5","baseline","3","Inflection","FAILED","?","-",,,,"D:\report\report writing\new_output_compare\ansi\32b\output_32b_5_attempts_baseline_ansi_run3.tar"
"ansi_fixed","32b","5","baseline","3","InspirentoUtilities","SUCCESS","15/16","15/16","93.75","93.75","0","D:\report\report writing\new_output_compare\ansi\32b\output_32b_5_attempts_baseline_ansi_run3.tar"
"ansi_fixed","32b","5","baseline","3","MapUtil","SUCCESS","16/16","-","100",,,"D:\report\report writing\new_output_compare\ansi\32b\output_32b_5_attempts_baseline_ansi_run3.tar"
"ansi_fixed","32b","5","baseline","3","MathUtil","SUCCESS","24/44","-","54.5454545454545",,,"D:\report\report writing\new_output_compare\ansi\32b\output_32b_5_attempts_baseline_ansi_run3.tar"
"ansi_fixed","32b","5","baseline","3","NaturalSort","SUCCESS","34/66","51/66","51.5151515151515","77.2727272727273","25.7575757575758","D:\report\report writing\new_output_compare\ansi\32b\output_32b_5_attempts_baseline_ansi_run3.tar"
"ansi_fixed","32b","5","baseline","3","ObjectsUtil","SUCCESS","8/14","13/14","57.1428571428571","92.8571428571429","35.7142857142857","D:\report\report writing\new_output_compare\ansi\32b\output_32b_5_attempts_baseline_ansi_run3.tar"
"ansi_fixed","32b","5","baseline","3","Reference","SUCCESS","10/19","-","52.6315789473684",,,"D:\report\report writing\new_output_compare\ansi\32b\output_32b_5_attempts_baseline_ansi_run3.tar"
"ansi_fixed","32b","5","baseline","3","Region","SUCCESS","6/25","16/25","24","64","40","D:\report\report writing\new_output_compare\ansi\32b\output_32b_5_attempts_baseline_ansi_run3.tar"
"ansi_fixed","32b","5","baseline","3","SAXPathException","SUCCESS","1/10","-","10",,,"D:\report\report writing\new_output_compare\ansi\32b\output_32b_5_attempts_baseline_ansi_run3.tar"
"ansi_fixed","32b","5","baseline","3","SimpleCounter","SUCCESS","3/3","-","100",,,"D:\report\report writing\new_output_compare\ansi\32b\output_32b_5_attempts_baseline_ansi_run3.tar"
"ansi_fixed","32b","5","baseline","3","SortedArrayList","SUCCESS","15/19","17/19","78.9473684210526","89.4736842105263","10.5263157894737","D:\report\report writing\new_output_compare\ansi\32b\output_32b_5_attempts_baseline_ansi_run3.tar"
"ansi_fixed","32b","5","baseline","3","SortedMapVector","FAILED","?","-",,,,"D:\report\report writing\new_output_compare\ansi\32b\output_32b_5_attempts_baseline_ansi_run3.tar"
"ansi_fixed","32b","5","baseline","3","StringComparator","SUCCESS","13/16","15/16","81.25","93.75","12.5","D:\report\report writing\new_output_compare\ansi\32b\output_32b_5_attempts_baseline_ansi_run3.tar"
"ansi_fixed","32b","5","baseline","3","StringEncoder64","SUCCESS","127/177","-","71.7514124293785",,,"D:\report\report writing\new_output_compare\ansi\32b\output_32b_5_attempts_baseline_ansi_run3.tar"
"ansi_fixed","32b","5","baseline","3","StringLink","SUCCESS","8/15","8/15","53.3333333333333","53.3333333333333","0","D:\report\report writing\new_output_compare\ansi\32b\output_32b_5_attempts_baseline_ansi_run3.tar"
"ansi_fixed","32b","5","baseline","3","StringList","SUCCESS","9/13","-","69.2307692307692",,,"D:\report\report writing\new_output_compare\ansi\32b\output_32b_5_attempts_baseline_ansi_run3.tar"
"ansi_fixed","32b","5","baseline","3","StringUtils","FAILED","?","-",,,,"D:\report\report writing\new_output_compare\ansi\32b\output_32b_5_attempts_baseline_ansi_run3.tar"
"ansi_fixed","32b","5","baseline","3","ToStringConverter","SUCCESS","7/7","-","100",,,"D:\report\report writing\new_output_compare\ansi\32b\output_32b_5_attempts_baseline_ansi_run3.tar"
"ansi_fixed","32b","5","baseline","3","UniqueTimestampGenerator","SUCCESS","7/27","-","25.9259259259259",,,"D:\report\report writing\new_output_compare\ansi\32b\output_32b_5_attempts_baseline_ansi_run3.tar"
"ansi_fixed","32b","5","baseline","3","Util","SUCCESS","18/28","24/28","64.2857142857143","85.7142857142857","21.4285714285714","D:\report\report writing\new_output_compare\ansi\32b\output_32b_5_attempts_baseline_ansi_run3.tar"
"ansi_fixed","32b","5","baseline","3","Version","FAILED","?","-",,,,"D:\report\report writing\new_output_compare\ansi\32b\output_32b_5_attempts_baseline_ansi_run3.tar"
"ansi_fixed","32b","5","detailed","1","ArrayUtil","SUCCESS","19/57","20/57","33.3333333333333","35.0877192982456","1.75438596491228","D:\report\report writing\new_output_compare\ansi\32b\output_32b_5_attempts_detailed_ansi_run1.tar"
"ansi_fixed","32b","5","detailed","1","Axis","SUCCESS","16/40","-","40",,,"D:\report\report writing\new_output_compare\ansi\32b\output_32b_5_attempts_detailed_ansi_run1.tar"
"ansi_fixed","32b","5","detailed","1","Base32","SUCCESS","46/72","-","63.8888888888889",,,"D:\report\report writing\new_output_compare\ansi\32b\output_32b_5_attempts_detailed_ansi_run1.tar"
"ansi_fixed","32b","5","detailed","1","Base64","SUCCESS","60/95","-","63.1578947368421",,,"D:\report\report writing\new_output_compare\ansi\32b\output_32b_5_attempts_detailed_ansi_run1.tar"
"ansi_fixed","32b","5","detailed","1","Base64Coder","SUCCESS","77/94","-","81.9148936170213",,,"D:\report\report writing\new_output_compare\ansi\32b\output_32b_5_attempts_detailed_ansi_run1.tar"
"ansi_fixed","32b","5","detailed","1","BigDecimalUtil","SUCCESS","4/6","-","66.6666666666667",,,"D:\report\report writing\new_output_compare\ansi\32b\output_32b_5_attempts_detailed_ansi_run1.tar"
"ansi_fixed","32b","5","detailed","1","BinaryDisplayConverter","FAILED","?","-",,,,"D:\report\report writing\new_output_compare\ansi\32b\output_32b_5_attempts_detailed_ansi_run1.tar"
"ansi_fixed","32b","5","detailed","1","ByteVector","SUCCESS","16/138","-","11.5942028985507",,,"D:\report\report writing\new_output_compare\ansi\32b\output_32b_5_attempts_detailed_ansi_run1.tar"
"ansi_fixed","32b","5","detailed","1","CaselessStringMap","FAILED","?","-",,,,"D:\report\report writing\new_output_compare\ansi\32b\output_32b_5_attempts_detailed_ansi_run1.tar"
"ansi_fixed","32b","5","detailed","1","CommandLine","SUCCESS","17/32","21/32","53.125","65.625","12.5","D:\report\report writing\new_output_compare\ansi\32b\output_32b_5_attempts_detailed_ansi_run1.tar"
"ansi_fixed","32b","5","detailed","1","DateTools","SUCCESS","11/27","-","40.7407407407407",,,"D:\report\report writing\new_output_compare\ansi\32b\output_32b_5_attempts_detailed_ansi_run1.tar"
"ansi_fixed","32b","5","detailed","1","DateUtil","SUCCESS","19/28","24/28","67.8571428571429","85.7142857142857","17.8571428571428","D:\report\report writing\new_output_compare\ansi\32b\output_32b_5_attempts_detailed_ansi_run1.tar"
"ansi_fixed","32b","5","detailed","1","DisplayHelper","SUCCESS","9/9","-","100",,,"D:\report\report writing\new_output_compare\ansi\32b\output_32b_5_attempts_detailed_ansi_run1.tar"
"ansi_fixed","32b","5","detailed","1","EmailFacadeState","SUCCESS","11/13","13/13","84.6153846153846","100","15.3846153846154","D:\report\report writing\new_output_compare\ansi\32b\output_32b_5_attempts_detailed_ansi_run1.tar"
"ansi_fixed","32b","5","detailed","1","FilterMatcher","SUCCESS","17/24","-","70.8333333333333",,,"D:\report\report writing\new_output_compare\ansi\32b\output_32b_5_attempts_detailed_ansi_run1.tar"
"ansi_fixed","32b","5","detailed","1","GridLayout2","SUCCESS","0/103","-","0",,,"D:\report\report writing\new_output_compare\ansi\32b\output_32b_5_attempts_detailed_ansi_run1.tar"
"ansi_fixed","32b","5","detailed","1","HashCodeUtils","SUCCESS","31/38","33/38","81.5789473684211","86.8421052631579","5.26315789473685","D:\report\report writing\new_output_compare\ansi\32b\output_32b_5_attempts_detailed_ansi_run1.tar"
"ansi_fixed","32b","5","detailed","1","HtmlEncoder","FAILED","?","-",,,,"D:\report\report writing\new_output_compare\ansi\32b\output_32b_5_attempts_detailed_ansi_run1.tar"
"ansi_fixed","32b","5","detailed","1","IndexedString","SUCCESS","26/28","28/28","92.8571428571429","100","7.14285714285714","D:\report\report writing\new_output_compare\ansi\32b\output_32b_5_attempts_detailed_ansi_run1.tar"
"ansi_fixed","32b","5","detailed","1","Inflection","SUCCESS","14/20","-","70",,,"D:\report\report writing\new_output_compare\ansi\32b\output_32b_5_attempts_detailed_ansi_run1.tar"
"ansi_fixed","32b","5","detailed","1","InspirentoUtilities","FAILED","?","-",,,,"D:\report\report writing\new_output_compare\ansi\32b\output_32b_5_attempts_detailed_ansi_run1.tar"
"ansi_fixed","32b","5","detailed","1","MapUtil","SUCCESS","16/16","-","100",,,"D:\report\report writing\new_output_compare\ansi\32b\output_32b_5_attempts_detailed_ansi_run1.tar"
"ansi_fixed","32b","5","detailed","1","MathUtil","SUCCESS","16/44","18/44","36.3636363636364","40.9090909090909","4.54545454545455","D:\report\report writing\new_output_compare\ansi\32b\output_32b_5_attempts_detailed_ansi_run1.tar"
"ansi_fixed","32b","5","detailed","1","NaturalSort","SUCCESS","36/66","36/66","54.5454545454545","54.5454545454545","0","D:\report\report writing\new_output_compare\ansi\32b\output_32b_5_attempts_detailed_ansi_run1.tar"
"ansi_fixed","32b","5","detailed","1","ObjectsUtil","SUCCESS","5/14","14/14","35.7142857142857","100","64.2857142857143","D:\report\report writing\new_output_compare\ansi\32b\output_32b_5_attempts_detailed_ansi_run1.tar"
"ansi_fixed","32b","5","detailed","1","Reference","SUCCESS","10/19","11/19","52.6315789473684","57.8947368421053","5.26315789473685","D:\report\report writing\new_output_compare\ansi\32b\output_32b_5_attempts_detailed_ansi_run1.tar"
"ansi_fixed","32b","5","detailed","1","Region","SUCCESS","10/25","18/25","40","72","32","D:\report\report writing\new_output_compare\ansi\32b\output_32b_5_attempts_detailed_ansi_run1.tar"
"ansi_fixed","32b","5","detailed","1","SAXPathException","SUCCESS","1/10","-","10",,,"D:\report\report writing\new_output_compare\ansi\32b\output_32b_5_attempts_detailed_ansi_run1.tar"
"ansi_fixed","32b","5","detailed","1","SimpleCounter","SUCCESS","3/3","-","100",,,"D:\report\report writing\new_output_compare\ansi\32b\output_32b_5_attempts_detailed_ansi_run1.tar"
"ansi_fixed","32b","5","detailed","1","SortedArrayList","SUCCESS","13/19","15/19","68.4210526315789","78.9473684210526","10.5263157894737","D:\report\report writing\new_output_compare\ansi\32b\output_32b_5_attempts_detailed_ansi_run1.tar"
"ansi_fixed","32b","5","detailed","1","SortedMapVector","FAILED","?","-",,,,"D:\report\report writing\new_output_compare\ansi\32b\output_32b_5_attempts_detailed_ansi_run1.tar"
"ansi_fixed","32b","5","detailed","1","StringComparator","SUCCESS","13/16","-","81.25",,,"D:\report\report writing\new_output_compare\ansi\32b\output_32b_5_attempts_detailed_ansi_run1.tar"
"ansi_fixed","32b","5","detailed","1","StringEncoder64","SUCCESS","91/177","-","51.4124293785311",,,"D:\report\report writing\new_output_compare\ansi\32b\output_32b_5_attempts_detailed_ansi_run1.tar"
"ansi_fixed","32b","5","detailed","1","StringLink","SUCCESS","8/15","8/15","53.3333333333333","53.3333333333333","0","D:\report\report writing\new_output_compare\ansi\32b\output_32b_5_attempts_detailed_ansi_run1.tar"
"ansi_fixed","32b","5","detailed","1","StringList","SUCCESS","4/13","-","30.7692307692308",,,"D:\report\report writing\new_output_compare\ansi\32b\output_32b_5_attempts_detailed_ansi_run1.tar"
"ansi_fixed","32b","5","detailed","1","StringUtils","FAILED","?","-",,,,"D:\report\report writing\new_output_compare\ansi\32b\output_32b_5_attempts_detailed_ansi_run1.tar"
"ansi_fixed","32b","5","detailed","1","ToStringConverter","SUCCESS","7/7","-","100",,,"D:\report\report writing\new_output_compare\ansi\32b\output_32b_5_attempts_detailed_ansi_run1.tar"
"ansi_fixed","32b","5","detailed","1","UniqueTimestampGenerator","SUCCESS","16/27","-","59.2592592592593",,,"D:\report\report writing\new_output_compare\ansi\32b\output_32b_5_attempts_detailed_ansi_run1.tar"
"ansi_fixed","32b","5","detailed","1","Util","SUCCESS","14/28","-","50",,,"D:\report\report writing\new_output_compare\ansi\32b\output_32b_5_attempts_detailed_ansi_run1.tar"
"ansi_fixed","32b","5","detailed","1","Version","SUCCESS","11/19","16/19","57.8947368421053","84.2105263157895","26.3157894736842","D:\report\report writing\new_output_compare\ansi\32b\output_32b_5_attempts_detailed_ansi_run1.tar"
"ansi_fixed","32b","5","detailed","2","ArrayUtil","SUCCESS","28/57","43/57","49.1228070175439","75.4385964912281","26.3157894736842","D:\report\report writing\new_output_compare\ansi\32b\output_32b_5_attempts_detailed_ansi_run2.tar"
"ansi_fixed","32b","5","detailed","2","Axis","SUCCESS","16/40","-","40",,,"D:\report\report writing\new_output_compare\ansi\32b\output_32b_5_attempts_detailed_ansi_run2.tar"
"ansi_fixed","32b","5","detailed","2","Base32","SUCCESS","45/72","-","62.5",,,"D:\report\report writing\new_output_compare\ansi\32b\output_32b_5_attempts_detailed_ansi_run2.tar"
"ansi_fixed","32b","5","detailed","2","Base64","SUCCESS","78/95","-","82.1052631578947",,,"D:\report\report writing\new_output_compare\ansi\32b\output_32b_5_attempts_detailed_ansi_run2.tar"
"ansi_fixed","32b","5","detailed","2","Base64Coder","SUCCESS","85/94","-","90.4255319148936",,,"D:\report\report writing\new_output_compare\ansi\32b\output_32b_5_attempts_detailed_ansi_run2.tar"
"ansi_fixed","32b","5","detailed","2","BigDecimalUtil","SUCCESS","4/6","-","66.6666666666667",,,"D:\report\report writing\new_output_compare\ansi\32b\output_32b_5_attempts_detailed_ansi_run2.tar"
"ansi_fixed","32b","5","detailed","2","BinaryDisplayConverter","FAILED","?","-",,,,"D:\report\report writing\new_output_compare\ansi\32b\output_32b_5_attempts_detailed_ansi_run2.tar"
"ansi_fixed","32b","5","detailed","2","ByteVector","SUCCESS","16/138","-","11.5942028985507",,,"D:\report\report writing\new_output_compare\ansi\32b\output_32b_5_attempts_detailed_ansi_run2.tar"
"ansi_fixed","32b","5","detailed","2","CaselessStringMap","FAILED","?","-",,,,"D:\report\report writing\new_output_compare\ansi\32b\output_32b_5_attempts_detailed_ansi_run2.tar"
"ansi_fixed","32b","5","detailed","2","CommandLine","SUCCESS","14/32","18/32","43.75","56.25","12.5","D:\report\report writing\new_output_compare\ansi\32b\output_32b_5_attempts_detailed_ansi_run2.tar"
"ansi_fixed","32b","5","detailed","2","DateTools","SUCCESS","9/27","-","33.3333333333333",,,"D:\report\report writing\new_output_compare\ansi\32b\output_32b_5_attempts_detailed_ansi_run2.tar"
"ansi_fixed","32b","5","detailed","2","DateUtil","SUCCESS","6/28","-","21.4285714285714",,,"D:\report\report writing\new_output_compare\ansi\32b\output_32b_5_attempts_detailed_ansi_run2.tar"
"ansi_fixed","32b","5","detailed","2","DisplayHelper","SUCCESS","9/9","-","100",,,"D:\report\report writing\new_output_compare\ansi\32b\output_32b_5_attempts_detailed_ansi_run2.tar"
"ansi_fixed","32b","5","detailed","2","EmailFacadeState","SUCCESS","8/13","13/13","61.5384615384615","100","38.4615384615385","D:\report\report writing\new_output_compare\ansi\32b\output_32b_5_attempts_detailed_ansi_run2.tar"
"ansi_fixed","32b","5","detailed","2","FilterMatcher","SUCCESS","16/24","19/24","66.6666666666667","79.1666666666667","12.5","D:\report\report writing\new_output_compare\ansi\32b\output_32b_5_attempts_detailed_ansi_run2.tar"
"ansi_fixed","32b","5","detailed","2","GridLayout2","SUCCESS","0/103","-","0",,,"D:\report\report writing\new_output_compare\ansi\32b\output_32b_5_attempts_detailed_ansi_run2.tar"
"ansi_fixed","32b","5","detailed","2","HashCodeUtils","SUCCESS","27/38","32/38","71.0526315789474","84.2105263157895","13.1578947368421","D:\report\report writing\new_output_compare\ansi\32b\output_32b_5_attempts_detailed_ansi_run2.tar"
"ansi_fixed","32b","5","detailed","2","HtmlEncoder","FAILED","?","-",,,,"D:\report\report writing\new_output_compare\ansi\32b\output_32b_5_attempts_detailed_ansi_run2.tar"
"ansi_fixed","32b","5","detailed","2","IndexedString","SUCCESS","26/28","28/28","92.8571428571429","100","7.14285714285714","D:\report\report writing\new_output_compare\ansi\32b\output_32b_5_attempts_detailed_ansi_run2.tar"
"ansi_fixed","32b","5","detailed","2","Inflection","SUCCESS","14/20","-","70",,,"D:\report\report writing\new_output_compare\ansi\32b\output_32b_5_attempts_detailed_ansi_run2.tar"
"ansi_fixed","32b","5","detailed","2","InspirentoUtilities","FAILED","?","-",,,,"D:\report\report writing\new_output_compare\ansi\32b\output_32b_5_attempts_detailed_ansi_run2.tar"
"ansi_fixed","32b","5","detailed","2","MapUtil","SUCCESS","16/16","-","100",,,"D:\report\report writing\new_output_compare\ansi\32b\output_32b_5_attempts_detailed_ansi_run2.tar"
"ansi_fixed","32b","5","detailed","2","MathUtil","SUCCESS","16/44","-","36.3636363636364",,,"D:\report\report writing\new_output_compare\ansi\32b\output_32b_5_attempts_detailed_ansi_run2.tar"
"ansi_fixed","32b","5","detailed","2","NaturalSort","SUCCESS","34/66","47/66","51.5151515151515","71.2121212121212","19.6969696969697","D:\report\report writing\new_output_compare\ansi\32b\output_32b_5_attempts_detailed_ansi_run2.tar"
"ansi_fixed","32b","5","detailed","2","ObjectsUtil","SUCCESS","7/14","14/14","50","100","50","D:\report\report writing\new_output_compare\ansi\32b\output_32b_5_attempts_detailed_ansi_run2.tar"
"ansi_fixed","32b","5","detailed","2","Reference","SUCCESS","10/19","11/19","52.6315789473684","57.8947368421053","5.26315789473685","D:\report\report writing\new_output_compare\ansi\32b\output_32b_5_attempts_detailed_ansi_run2.tar"
"ansi_fixed","32b","5","detailed","2","Region","SUCCESS","10/25","20/25","40","80","40","D:\report\report writing\new_output_compare\ansi\32b\output_32b_5_attempts_detailed_ansi_run2.tar"
"ansi_fixed","32b","5","detailed","2","SAXPathException","SUCCESS","1/10","-","10",,,"D:\report\report writing\new_output_compare\ansi\32b\output_32b_5_attempts_detailed_ansi_run2.tar"
"ansi_fixed","32b","5","detailed","2","SimpleCounter","SUCCESS","3/3","-","100",,,"D:\report\report writing\new_output_compare\ansi\32b\output_32b_5_attempts_detailed_ansi_run2.tar"
"ansi_fixed","32b","5","detailed","2","SortedArrayList","SUCCESS","14/19","-","73.6842105263158",,,"D:\report\report writing\new_output_compare\ansi\32b\output_32b_5_attempts_detailed_ansi_run2.tar"
"ansi_fixed","32b","5","detailed","2","SortedMapVector","FAILED","?","-",,,,"D:\report\report writing\new_output_compare\ansi\32b\output_32b_5_attempts_detailed_ansi_run2.tar"
"ansi_fixed","32b","5","detailed","2","StringComparator","SUCCESS","12/16","15/16","75","93.75","18.75","D:\report\report writing\new_output_compare\ansi\32b\output_32b_5_attempts_detailed_ansi_run2.tar"
"ansi_fixed","32b","5","detailed","2","StringEncoder64","FAILED","?","-",,,,"D:\report\report writing\new_output_compare\ansi\32b\output_32b_5_attempts_detailed_ansi_run2.tar"
"ansi_fixed","32b","5","detailed","2","StringLink","SUCCESS","8/15","8/15","53.3333333333333","53.3333333333333","0","D:\report\report writing\new_output_compare\ansi\32b\output_32b_5_attempts_detailed_ansi_run2.tar"
"ansi_fixed","32b","5","detailed","2","StringList","SUCCESS","3/13","6/13","23.0769230769231","46.1538461538462","23.0769230769231","D:\report\report writing\new_output_compare\ansi\32b\output_32b_5_attempts_detailed_ansi_run2.tar"
"ansi_fixed","32b","5","detailed","2","StringUtils","FAILED","?","-",,,,"D:\report\report writing\new_output_compare\ansi\32b\output_32b_5_attempts_detailed_ansi_run2.tar"
"ansi_fixed","32b","5","detailed","2","ToStringConverter","SUCCESS","7/7","-","100",,,"D:\report\report writing\new_output_compare\ansi\32b\output_32b_5_attempts_detailed_ansi_run2.tar"
"ansi_fixed","32b","5","detailed","2","UniqueTimestampGenerator","SUCCESS","11/27","-","40.7407407407407",,,"D:\report\report writing\new_output_compare\ansi\32b\output_32b_5_attempts_detailed_ansi_run2.tar"
"ansi_fixed","32b","5","detailed","2","Util","SUCCESS","7/28","-","25",,,"D:\report\report writing\new_output_compare\ansi\32b\output_32b_5_attempts_detailed_ansi_run2.tar"
"ansi_fixed","32b","5","detailed","2","Version","SUCCESS","14/19","-","73.6842105263158",,,"D:\report\report writing\new_output_compare\ansi\32b\output_32b_5_attempts_detailed_ansi_run2.tar"
"ansi_fixed","32b","5","detailed","3","ArrayUtil","SUCCESS","25/57","-","43.859649122807",,,"D:\report\report writing\new_output_compare\ansi\32b\output_32b_5_attempts_detailed_ansi_run3.tar"
"ansi_fixed","32b","5","detailed","3","Axis","SUCCESS","18/40","-","45",,,"D:\report\report writing\new_output_compare\ansi\32b\output_32b_5_attempts_detailed_ansi_run3.tar"
"ansi_fixed","32b","5","detailed","3","Base32","FAILED","?","-",,,,"D:\report\report writing\new_output_compare\ansi\32b\output_32b_5_attempts_detailed_ansi_run3.tar"
"ansi_fixed","32b","5","detailed","3","Base64","SUCCESS","71/95","-","74.7368421052632",,,"D:\report\report writing\new_output_compare\ansi\32b\output_32b_5_attempts_detailed_ansi_run3.tar"
"ansi_fixed","32b","5","detailed","3","Base64Coder","SUCCESS","80/94","-","85.1063829787234",,,"D:\report\report writing\new_output_compare\ansi\32b\output_32b_5_attempts_detailed_ansi_run3.tar"
"ansi_fixed","32b","5","detailed","3","BigDecimalUtil","SUCCESS","3/6","-","50",,,"D:\report\report writing\new_output_compare\ansi\32b\output_32b_5_attempts_detailed_ansi_run3.tar"
"ansi_fixed","32b","5","detailed","3","BinaryDisplayConverter","FAILED","?","-",,,,"D:\report\report writing\new_output_compare\ansi\32b\output_32b_5_attempts_detailed_ansi_run3.tar"
"ansi_fixed","32b","5","detailed","3","ByteVector","SUCCESS","16/138","-","11.5942028985507",,,"D:\report\report writing\new_output_compare\ansi\32b\output_32b_5_attempts_detailed_ansi_run3.tar"
"ansi_fixed","32b","5","detailed","3","CaselessStringMap","FAILED","?","-",,,,"D:\report\report writing\new_output_compare\ansi\32b\output_32b_5_attempts_detailed_ansi_run3.tar"
"ansi_fixed","32b","5","detailed","3","CommandLine","SUCCESS","13/32","14/32","40.625","43.75","3.125","D:\report\report writing\new_output_compare\ansi\32b\output_32b_5_attempts_detailed_ansi_run3.tar"
"ansi_fixed","32b","5","detailed","3","DateTools","SUCCESS","10/27","-","37.037037037037",,,"D:\report\report writing\new_output_compare\ansi\32b\output_32b_5_attempts_detailed_ansi_run3.tar"
"ansi_fixed","32b","5","detailed","3","DateUtil","SUCCESS","26/28","26/28","92.8571428571429","92.8571428571429","0","D:\report\report writing\new_output_compare\ansi\32b\output_32b_5_attempts_detailed_ansi_run3.tar"
"ansi_fixed","32b","5","detailed","3","DisplayHelper","SUCCESS","9/9","-","100",,,"D:\report\report writing\new_output_compare\ansi\32b\output_32b_5_attempts_detailed_ansi_run3.tar"
"ansi_fixed","32b","5","detailed","3","EmailFacadeState","SUCCESS","12/13","-","92.3076923076923",,,"D:\report\report writing\new_output_compare\ansi\32b\output_32b_5_attempts_detailed_ansi_run3.tar"
"ansi_fixed","32b","5","detailed","3","FilterMatcher","SUCCESS","16/24","20/24","66.6666666666667","83.3333333333333","16.6666666666667","D:\report\report writing\new_output_compare\ansi\32b\output_32b_5_attempts_detailed_ansi_run3.tar"
"ansi_fixed","32b","5","detailed","3","GridLayout2","SUCCESS","20/103","-","19.4174757281553",,,"D:\report\report writing\new_output_compare\ansi\32b\output_32b_5_attempts_detailed_ansi_run3.tar"
"ansi_fixed","32b","5","detailed","3","HashCodeUtils","SUCCESS","27/38","32/38","71.0526315789474","84.2105263157895","13.1578947368421","D:\report\report writing\new_output_compare\ansi\32b\output_32b_5_attempts_detailed_ansi_run3.tar"
"ansi_fixed","32b","5","detailed","3","HtmlEncoder","SUCCESS","6/7","6/7","85.7142857142857","85.7142857142857","0","D:\report\report writing\new_output_compare\ansi\32b\output_32b_5_attempts_detailed_ansi_run3.tar"
"ansi_fixed","32b","5","detailed","3","IndexedString","SUCCESS","27/28","-","96.4285714285714",,,"D:\report\report writing\new_output_compare\ansi\32b\output_32b_5_attempts_detailed_ansi_run3.tar"
"ansi_fixed","32b","5","detailed","3","Inflection","SUCCESS","14/20","-","70",,,"D:\report\report writing\new_output_compare\ansi\32b\output_32b_5_attempts_detailed_ansi_run3.tar"
"ansi_fixed","32b","5","detailed","3","InspirentoUtilities","FAILED","?","-",,,,"D:\report\report writing\new_output_compare\ansi\32b\output_32b_5_attempts_detailed_ansi_run3.tar"
"ansi_fixed","32b","5","detailed","3","MapUtil","SUCCESS","16/16","-","100",,,"D:\report\report writing\new_output_compare\ansi\32b\output_32b_5_attempts_detailed_ansi_run3.tar"
"ansi_fixed","32b","5","detailed","3","MathUtil","SUCCESS","13/44","14/44","29.5454545454545","31.8181818181818","2.27272727272727","D:\report\report writing\new_output_compare\ansi\32b\output_32b_5_attempts_detailed_ansi_run3.tar"
"ansi_fixed","32b","5","detailed","3","NaturalSort","SUCCESS","36/66","51/66","54.5454545454545","77.2727272727273","22.7272727272727","D:\report\report writing\new_output_compare\ansi\32b\output_32b_5_attempts_detailed_ansi_run3.tar"
"ansi_fixed","32b","5","detailed","3","ObjectsUtil","TIMEOUT","?","-",,,,"D:\report\report writing\new_output_compare\ansi\32b\output_32b_5_attempts_detailed_ansi_run3.tar"
"ansi_fixed","32b","5","detailed","3","Reference","SUCCESS","10/19","-","52.6315789473684",,,"D:\report\report writing\new_output_compare\ansi\32b\output_32b_5_attempts_detailed_ansi_run3.tar"
"ansi_fixed","32b","5","detailed","3","Region","SUCCESS","12/25","18/25","48","72","24","D:\report\report writing\new_output_compare\ansi\32b\output_32b_5_attempts_detailed_ansi_run3.tar"
"ansi_fixed","32b","5","detailed","3","SAXPathException","SUCCESS","1/10","-","10",,,"D:\report\report writing\new_output_compare\ansi\32b\output_32b_5_attempts_detailed_ansi_run3.tar"
"ansi_fixed","32b","5","detailed","3","SimpleCounter","SUCCESS","3/3","-","100",,,"D:\report\report writing\new_output_compare\ansi\32b\output_32b_5_attempts_detailed_ansi_run3.tar"
"ansi_fixed","32b","5","detailed","3","SortedArrayList","SUCCESS","13/19","-","68.4210526315789",,,"D:\report\report writing\new_output_compare\ansi\32b\output_32b_5_attempts_detailed_ansi_run3.tar"
"ansi_fixed","32b","5","detailed","3","SortedMapVector","FAILED","?","-",,,,"D:\report\report writing\new_output_compare\ansi\32b\output_32b_5_attempts_detailed_ansi_run3.tar"
"ansi_fixed","32b","5","detailed","3","StringComparator","SUCCESS","14/16","-","87.5",,,"D:\report\report writing\new_output_compare\ansi\32b\output_32b_5_attempts_detailed_ansi_run3.tar"
"ansi_fixed","32b","5","detailed","3","StringEncoder64","SUCCESS","96/177","-","54.2372881355932",,,"D:\report\report writing\new_output_compare\ansi\32b\output_32b_5_attempts_detailed_ansi_run3.tar"
"ansi_fixed","32b","5","detailed","3","StringLink","FAILED","?","-",,,,"D:\report\report writing\new_output_compare\ansi\32b\output_32b_5_attempts_detailed_ansi_run3.tar"
"ansi_fixed","32b","5","detailed","3","StringList","SUCCESS","9/13","-","69.2307692307692",,,"D:\report\report writing\new_output_compare\ansi\32b\output_32b_5_attempts_detailed_ansi_run3.tar"
"ansi_fixed","32b","5","detailed","3","StringUtils","FAILED","?","-",,,,"D:\report\report writing\new_output_compare\ansi\32b\output_32b_5_attempts_detailed_ansi_run3.tar"
"ansi_fixed","32b","5","detailed","3","ToStringConverter","SUCCESS","7/7","-","100",,,"D:\report\report writing\new_output_compare\ansi\32b\output_32b_5_attempts_detailed_ansi_run3.tar"
"ansi_fixed","32b","5","detailed","3","UniqueTimestampGenerator","FAILED","?","-",,,,"D:\report\report writing\new_output_compare\ansi\32b\output_32b_5_attempts_detailed_ansi_run3.tar"
"ansi_fixed","32b","5","detailed","3","Util","SUCCESS","14/28","-","50",,,"D:\report\report writing\new_output_compare\ansi\32b\output_32b_5_attempts_detailed_ansi_run3.tar"
"ansi_fixed","32b","5","detailed","3","Version","SUCCESS","11/19","15/19","57.8947368421053","78.9473684210526","21.0526315789474","D:\report\report writing\new_output_compare\ansi\32b\output_32b_5_attempts_detailed_ansi_run3.tar"
"ansi_fixed","6.7b","15","baseline","1","ArrayUtil","SUCCESS","40/57","16/57","70.1754385964912","28.0701754385965","-42.1052631578947","D:\report\report writing\new_output_compare\ansi\6.7b\output_6.7b_15_attempts_baseline_ansi_run1.tar"
"ansi_fixed","6.7b","15","baseline","1","Axis","FAILED","?","-",,,,"D:\report\report writing\new_output_compare\ansi\6.7b\output_6.7b_15_attempts_baseline_ansi_run1.tar"
"ansi_fixed","6.7b","15","baseline","1","Base32","SUCCESS","60/72","-","83.3333333333333",,,"D:\report\report writing\new_output_compare\ansi\6.7b\output_6.7b_15_attempts_baseline_ansi_run1.tar"
"ansi_fixed","6.7b","15","baseline","1","Base64","FAILED","?","-",,,,"D:\report\report writing\new_output_compare\ansi\6.7b\output_6.7b_15_attempts_baseline_ansi_run1.tar"
"ansi_fixed","6.7b","15","baseline","1","Base64Coder","FAILED","?","-",,,,"D:\report\report writing\new_output_compare\ansi\6.7b\output_6.7b_15_attempts_baseline_ansi_run1.tar"
"ansi_fixed","6.7b","15","baseline","1","BigDecimalUtil","SUCCESS","4/6","-","66.6666666666667",,,"D:\report\report writing\new_output_compare\ansi\6.7b\output_6.7b_15_attempts_baseline_ansi_run1.tar"
"ansi_fixed","6.7b","15","baseline","1","BinaryDisplayConverter","FAILED","?","-",,,,"D:\report\report writing\new_output_compare\ansi\6.7b\output_6.7b_15_attempts_baseline_ansi_run1.tar"
"ansi_fixed","6.7b","15","baseline","1","ByteVector","TIMEOUT","?","-",,,,"D:\report\report writing\new_output_compare\ansi\6.7b\output_6.7b_15_attempts_baseline_ansi_run1.tar"
"ansi_fixed","6.7b","15","baseline","1","CaselessStringMap","SUCCESS","4/5","-","80",,,"D:\report\report writing\new_output_compare\ansi\6.7b\output_6.7b_15_attempts_baseline_ansi_run1.tar"
"ansi_fixed","6.7b","15","baseline","1","CommandLine","FAILED","?","-",,,,"D:\report\report writing\new_output_compare\ansi\6.7b\output_6.7b_15_attempts_baseline_ansi_run1.tar"
"ansi_fixed","6.7b","15","baseline","1","DateTools","SUCCESS","15/27","22/27","55.5555555555556","81.4814814814815","25.9259259259259","D:\report\report writing\new_output_compare\ansi\6.7b\output_6.7b_15_attempts_baseline_ansi_run1.tar"
"ansi_fixed","6.7b","15","baseline","1","DateUtil","FAILED","?","-",,,,"D:\report\report writing\new_output_compare\ansi\6.7b\output_6.7b_15_attempts_baseline_ansi_run1.tar"
"ansi_fixed","6.7b","15","baseline","1","DisplayHelper","SUCCESS","1/9","-","11.1111111111111",,,"D:\report\report writing\new_output_compare\ansi\6.7b\output_6.7b_15_attempts_baseline_ansi_run1.tar"
"ansi_fixed","6.7b","15","baseline","1","EmailFacadeState","SUCCESS","11/13","-","84.6153846153846",,,"D:\report\report writing\new_output_compare\ansi\6.7b\output_6.7b_15_attempts_baseline_ansi_run1.tar"
"ansi_fixed","6.7b","15","baseline","1","FilterMatcher","SUCCESS","19/24","7/24","79.1666666666667","29.1666666666667","-50","D:\report\report writing\new_output_compare\ansi\6.7b\output_6.7b_15_attempts_baseline_ansi_run1.tar"
"ansi_fixed","6.7b","15","baseline","1","GridLayout2","SUCCESS","0/103","-","0",,,"D:\report\report writing\new_output_compare\ansi\6.7b\output_6.7b_15_attempts_baseline_ansi_run1.tar"
"ansi_fixed","6.7b","15","baseline","1","HashCodeUtils","FAILED","?","-",,,,"D:\report\report writing\new_output_compare\ansi\6.7b\output_6.7b_15_attempts_baseline_ansi_run1.tar"
"ansi_fixed","6.7b","15","baseline","1","HtmlEncoder","FAILED","?","-",,,,"D:\report\report writing\new_output_compare\ansi\6.7b\output_6.7b_15_attempts_baseline_ansi_run1.tar"
"ansi_fixed","6.7b","15","baseline","1","IndexedString","SUCCESS","22/28","-","78.5714285714286",,,"D:\report\report writing\new_output_compare\ansi\6.7b\output_6.7b_15_attempts_baseline_ansi_run1.tar"
"ansi_fixed","6.7b","15","baseline","1","Inflection","SUCCESS","12/20","-","60",,,"D:\report\report writing\new_output_compare\ansi\6.7b\output_6.7b_15_attempts_baseline_ansi_run1.tar"
"ansi_fixed","6.7b","15","baseline","1","InspirentoUtilities","SUCCESS","15/16","-","93.75",,,"D:\report\report writing\new_output_compare\ansi\6.7b\output_6.7b_15_attempts_baseline_ansi_run1.tar"
"ansi_fixed","6.7b","15","baseline","1","MapUtil","SUCCESS","15/16","-","93.75",,,"D:\report\report writing\new_output_compare\ansi\6.7b\output_6.7b_15_attempts_baseline_ansi_run1.tar"
"ansi_fixed","6.7b","15","baseline","1","MathUtil","FAILED","?","-",,,,"D:\report\report writing\new_output_compare\ansi\6.7b\output_6.7b_15_attempts_baseline_ansi_run1.tar"
"ansi_fixed","6.7b","15","baseline","1","NaturalSort","SUCCESS","28/66","-","42.4242424242424",,,"D:\report\report writing\new_output_compare\ansi\6.7b\output_6.7b_15_attempts_baseline_ansi_run1.tar"
"ansi_fixed","6.7b","15","baseline","1","ObjectsUtil","FAILED","?","-",,,,"D:\report\report writing\new_output_compare\ansi\6.7b\output_6.7b_15_attempts_baseline_ansi_run1.tar"
"ansi_fixed","6.7b","15","baseline","1","Reference","SUCCESS","8/19","-","42.1052631578947",,,"D:\report\report writing\new_output_compare\ansi\6.7b\output_6.7b_15_attempts_baseline_ansi_run1.tar"
"ansi_fixed","6.7b","15","baseline","1","Region","FAILED","?","-",,,,"D:\report\report writing\new_output_compare\ansi\6.7b\output_6.7b_15_attempts_baseline_ansi_run1.tar"
"ansi_fixed","6.7b","15","baseline","1","SAXPathException","FAILED","?","-",,,,"D:\report\report writing\new_output_compare\ansi\6.7b\output_6.7b_15_attempts_baseline_ansi_run1.tar"
"ansi_fixed","6.7b","15","baseline","1","SimpleCounter","FAILED","?","-",,,,"D:\report\report writing\new_output_compare\ansi\6.7b\output_6.7b_15_attempts_baseline_ansi_run1.tar"
"ansi_fixed","6.7b","15","baseline","1","SortedArrayList","SUCCESS","16/19","12/19","84.2105263157895","63.1578947368421","-21.0526315789474","D:\report\report writing\new_output_compare\ansi\6.7b\output_6.7b_15_attempts_baseline_ansi_run1.tar"
"ansi_fixed","6.7b","15","baseline","1","SortedMapVector","SUCCESS","18/63","-","28.5714285714286",,,"D:\report\report writing\new_output_compare\ansi\6.7b\output_6.7b_15_attempts_baseline_ansi_run1.tar"
"ansi_fixed","6.7b","15","baseline","1","StringComparator","FAILED","?","-",,,,"D:\report\report writing\new_output_compare\ansi\6.7b\output_6.7b_15_attempts_baseline_ansi_run1.tar"
"ansi_fixed","6.7b","15","baseline","1","StringEncoder64","SUCCESS","88/177","-","49.7175141242938",,,"D:\report\report writing\new_output_compare\ansi\6.7b\output_6.7b_15_attempts_baseline_ansi_run1.tar"
"ansi_fixed","6.7b","15","baseline","1","StringLink","SUCCESS","4/15","-","26.6666666666667",,,"D:\report\report writing\new_output_compare\ansi\6.7b\output_6.7b_15_attempts_baseline_ansi_run1.tar"
"ansi_fixed","6.7b","15","baseline","1","StringList","SUCCESS","10/13","-","76.9230769230769",,,"D:\report\report writing\new_output_compare\ansi\6.7b\output_6.7b_15_attempts_baseline_ansi_run1.tar"
"ansi_fixed","6.7b","15","baseline","1","StringUtils","FAILED","?","-",,,,"D:\report\report writing\new_output_compare\ansi\6.7b\output_6.7b_15_attempts_baseline_ansi_run1.tar"
"ansi_fixed","6.7b","15","baseline","1","ToStringConverter","SUCCESS","7/7","-","100",,,"D:\report\report writing\new_output_compare\ansi\6.7b\output_6.7b_15_attempts_baseline_ansi_run1.tar"
"ansi_fixed","6.7b","15","baseline","1","UniqueTimestampGenerator","FAILED","?","-",,,,"D:\report\report writing\new_output_compare\ansi\6.7b\output_6.7b_15_attempts_baseline_ansi_run1.tar"
"ansi_fixed","6.7b","15","baseline","1","Util","FAILED","?","-",,,,"D:\report\report writing\new_output_compare\ansi\6.7b\output_6.7b_15_attempts_baseline_ansi_run1.tar"
"ansi_fixed","6.7b","15","baseline","1","Version","FAILED","?","-",,,,"D:\report\report writing\new_output_compare\ansi\6.7b\output_6.7b_15_attempts_baseline_ansi_run1.tar"
"ansi_fixed","6.7b","15","baseline","2","ArrayUtil","SUCCESS","28/57","34/57","49.1228070175439","59.6491228070175","10.5263157894737","D:\report\report writing\new_output_compare\ansi\6.7b\output_6.7b_15_attempts_baseline_ansi_run2.tar"
"ansi_fixed","6.7b","15","baseline","2","Axis","SUCCESS","40/40","-","100",,,"D:\report\report writing\new_output_compare\ansi\6.7b\output_6.7b_15_attempts_baseline_ansi_run2.tar"
"ansi_fixed","6.7b","15","baseline","2","Base32","FAILED","?","-",,,,"D:\report\report writing\new_output_compare\ansi\6.7b\output_6.7b_15_attempts_baseline_ansi_run2.tar"
"ansi_fixed","6.7b","15","baseline","2","Base64","FAILED","?","-",,,,"D:\report\report writing\new_output_compare\ansi\6.7b\output_6.7b_15_attempts_baseline_ansi_run2.tar"
"ansi_fixed","6.7b","15","baseline","2","Base64Coder","SUCCESS","88/94","-","93.6170212765958",,,"D:\report\report writing\new_output_compare\ansi\6.7b\output_6.7b_15_attempts_baseline_ansi_run2.tar"
"ansi_fixed","6.7b","15","baseline","2","BigDecimalUtil","SUCCESS","4/6","-","66.6666666666667",,,"D:\report\report writing\new_output_compare\ansi\6.7b\output_6.7b_15_attempts_baseline_ansi_run2.tar"
"ansi_fixed","6.7b","15","baseline","2","BinaryDisplayConverter","FAILED","?","-",,,,"D:\report\report writing\new_output_compare\ansi\6.7b\output_6.7b_15_attempts_baseline_ansi_run2.tar"
"ansi_fixed","6.7b","15","baseline","2","ByteVector","FAILED","?","-",,,,"D:\report\report writing\new_output_compare\ansi\6.7b\output_6.7b_15_attempts_baseline_ansi_run2.tar"
"ansi_fixed","6.7b","15","baseline","2","CaselessStringMap","FAILED","?","-",,,,"D:\report\report writing\new_output_compare\ansi\6.7b\output_6.7b_15_attempts_baseline_ansi_run2.tar"
"ansi_fixed","6.7b","15","baseline","2","CommandLine","SUCCESS","15/32","-","46.875",,,"D:\report\report writing\new_output_compare\ansi\6.7b\output_6.7b_15_attempts_baseline_ansi_run2.tar"
"ansi_fixed","6.7b","15","baseline","2","DateTools","FAILED","?","-",,,,"D:\report\report writing\new_output_compare\ansi\6.7b\output_6.7b_15_attempts_baseline_ansi_run2.tar"
"ansi_fixed","6.7b","15","baseline","2","DateUtil","FAILED","?","-",,,,"D:\report\report writing\new_output_compare\ansi\6.7b\output_6.7b_15_attempts_baseline_ansi_run2.tar"
"ansi_fixed","6.7b","15","baseline","2","DisplayHelper","FAILED","?","-",,,,"D:\report\report writing\new_output_compare\ansi\6.7b\output_6.7b_15_attempts_baseline_ansi_run2.tar"
"ansi_fixed","6.7b","15","baseline","2","EmailFacadeState","FAILED","?","-",,,,"D:\report\report writing\new_output_compare\ansi\6.7b\output_6.7b_15_attempts_baseline_ansi_run2.tar"
"ansi_fixed","6.7b","15","baseline","2","FilterMatcher","SUCCESS","19/24","10/24","79.1666666666667","41.6666666666667","-37.5","D:\report\report writing\new_output_compare\ansi\6.7b\output_6.7b_15_attempts_baseline_ansi_run2.tar"
"ansi_fixed","6.7b","15","baseline","2","GridLayout2","SUCCESS","0/103","-","0",,,"D:\report\report writing\new_output_compare\ansi\6.7b\output_6.7b_15_attempts_baseline_ansi_run2.tar"
"ansi_fixed","6.7b","15","baseline","2","HashCodeUtils","FAILED","?","-",,,,"D:\report\report writing\new_output_compare\ansi\6.7b\output_6.7b_15_attempts_baseline_ansi_run2.tar"
"ansi_fixed","6.7b","15","baseline","2","HtmlEncoder","FAILED","?","-",,,,"D:\report\report writing\new_output_compare\ansi\6.7b\output_6.7b_15_attempts_baseline_ansi_run2.tar"
"ansi_fixed","6.7b","15","baseline","2","IndexedString","FAILED","?","-",,,,"D:\report\report writing\new_output_compare\ansi\6.7b\output_6.7b_15_attempts_baseline_ansi_run2.tar"
"ansi_fixed","6.7b","15","baseline","2","Inflection","SUCCESS","12/20","-","60",,,"D:\report\report writing\new_output_compare\ansi\6.7b\output_6.7b_15_attempts_baseline_ansi_run2.tar"
"ansi_fixed","6.7b","15","baseline","2","InspirentoUtilities","SUCCESS","5/16","-","31.25",,,"D:\report\report writing\new_output_compare\ansi\6.7b\output_6.7b_15_attempts_baseline_ansi_run2.tar"
"ansi_fixed","6.7b","15","baseline","2","MapUtil","SUCCESS","16/16","-","100",,,"D:\report\report writing\new_output_compare\ansi\6.7b\output_6.7b_15_attempts_baseline_ansi_run2.tar"
"ansi_fixed","6.7b","15","baseline","2","MathUtil","FAILED","?","-",,,,"D:\report\report writing\new_output_compare\ansi\6.7b\output_6.7b_15_attempts_baseline_ansi_run2.tar"
"ansi_fixed","6.7b","15","baseline","2","NaturalSort","SUCCESS","28/66","40/66","42.4242424242424","60.6060606060606","18.1818181818182","D:\report\report writing\new_output_compare\ansi\6.7b\output_6.7b_15_attempts_baseline_ansi_run2.tar"
"ansi_fixed","6.7b","15","baseline","2","ObjectsUtil","SUCCESS","13/14","-","92.8571428571429",,,"D:\report\report writing\new_output_compare\ansi\6.7b\output_6.7b_15_attempts_baseline_ansi_run2.tar"
"ansi_fixed","6.7b","15","baseline","2","Reference","SUCCESS","8/19","-","42.1052631578947",,,"D:\report\report writing\new_output_compare\ansi\6.7b\output_6.7b_15_attempts_baseline_ansi_run2.tar"
"ansi_fixed","6.7b","15","baseline","2","Region","SUCCESS","12/25","10/25","48","40","-8","D:\report\report writing\new_output_compare\ansi\6.7b\output_6.7b_15_attempts_baseline_ansi_run2.tar"
"ansi_fixed","6.7b","15","baseline","2","SAXPathException","SUCCESS","1/10","-","10",,,"D:\report\report writing\new_output_compare\ansi\6.7b\output_6.7b_15_attempts_baseline_ansi_run2.tar"
"ansi_fixed","6.7b","15","baseline","2","SimpleCounter","SUCCESS","2/3","-","66.6666666666667",,,"D:\report\report writing\new_output_compare\ansi\6.7b\output_6.7b_15_attempts_baseline_ansi_run2.tar"
"ansi_fixed","6.7b","15","baseline","2","SortedArrayList","SUCCESS","15/19","-","78.9473684210526",,,"D:\report\report writing\new_output_compare\ansi\6.7b\output_6.7b_15_attempts_baseline_ansi_run2.tar"
"ansi_fixed","6.7b","15","baseline","2","SortedMapVector","SUCCESS","16/63","13/63","25.3968253968254","20.6349206349206","-4.76190476190476","D:\report\report writing\new_output_compare\ansi\6.7b\output_6.7b_15_attempts_baseline_ansi_run2.tar"
"ansi_fixed","6.7b","15","baseline","2","StringComparator","SUCCESS","14/16","-","87.5",,,"D:\report\report writing\new_output_compare\ansi\6.7b\output_6.7b_15_attempts_baseline_ansi_run2.tar"
"ansi_fixed","6.7b","15","baseline","2","StringEncoder64","FAILED","?","-",,,,"D:\report\report writing\new_output_compare\ansi\6.7b\output_6.7b_15_attempts_baseline_ansi_run2.tar"
"ansi_fixed","6.7b","15","baseline","2","StringLink","FAILED","?","-",,,,"D:\report\report writing\new_output_compare\ansi\6.7b\output_6.7b_15_attempts_baseline_ansi_run2.tar"
"ansi_fixed","6.7b","15","baseline","2","StringList","SUCCESS","8/13","-","61.5384615384615",,,"D:\report\report writing\new_output_compare\ansi\6.7b\output_6.7b_15_attempts_baseline_ansi_run2.tar"
"ansi_fixed","6.7b","15","baseline","2","StringUtils","FAILED","?","-",,,,"D:\report\report writing\new_output_compare\ansi\6.7b\output_6.7b_15_attempts_baseline_ansi_run2.tar"
"ansi_fixed","6.7b","15","baseline","2","ToStringConverter","SUCCESS","7/7","-","100",,,"D:\report\report writing\new_output_compare\ansi\6.7b\output_6.7b_15_attempts_baseline_ansi_run2.tar"
"ansi_fixed","6.7b","15","baseline","2","UniqueTimestampGenerator","SUCCESS","18/27","7/27","66.6666666666667","25.9259259259259","-40.7407407407407","D:\report\report writing\new_output_compare\ansi\6.7b\output_6.7b_15_attempts_baseline_ansi_run2.tar"
"ansi_fixed","6.7b","15","baseline","2","Util","SUCCESS","17/28","11/28","60.7142857142857","39.2857142857143","-21.4285714285714","D:\report\report writing\new_output_compare\ansi\6.7b\output_6.7b_15_attempts_baseline_ansi_run2.tar"
"ansi_fixed","6.7b","15","baseline","2","Version","SUCCESS","14/19","-","73.6842105263158",,,"D:\report\report writing\new_output_compare\ansi\6.7b\output_6.7b_15_attempts_baseline_ansi_run2.tar"
"ansi_fixed","6.7b","15","baseline","3","ArrayUtil","SUCCESS","40/57","46/57","70.1754385964912","80.7017543859649","10.5263157894737","D:\report\report writing\new_output_compare\ansi\6.7b\output_6.7b_15_attempts_baseline_ansi_run3.tar"
"ansi_fixed","6.7b","15","baseline","3","Axis","SUCCESS","40/40","-","100",,,"D:\report\report writing\new_output_compare\ansi\6.7b\output_6.7b_15_attempts_baseline_ansi_run3.tar"
"ansi_fixed","6.7b","15","baseline","3","Base32","FAILED","?","-",,,,"D:\report\report writing\new_output_compare\ansi\6.7b\output_6.7b_15_attempts_baseline_ansi_run3.tar"
"ansi_fixed","6.7b","15","baseline","3","Base64","FAILED","?","-",,,,"D:\report\report writing\new_output_compare\ansi\6.7b\output_6.7b_15_attempts_baseline_ansi_run3.tar"
"ansi_fixed","6.7b","15","baseline","3","Base64Coder","SUCCESS","85/94","-","90.4255319148936",,,"D:\report\report writing\new_output_compare\ansi\6.7b\output_6.7b_15_attempts_baseline_ansi_run3.tar"
"ansi_fixed","6.7b","15","baseline","3","BigDecimalUtil","SUCCESS","4/6","-","66.6666666666667",,,"D:\report\report writing\new_output_compare\ansi\6.7b\output_6.7b_15_attempts_baseline_ansi_run3.tar"
"ansi_fixed","6.7b","15","baseline","3","BinaryDisplayConverter","FAILED","?","-",,,,"D:\report\report writing\new_output_compare\ansi\6.7b\output_6.7b_15_attempts_baseline_ansi_run3.tar"
"ansi_fixed","6.7b","15","baseline","3","ByteVector","SUCCESS","16/138","-","11.5942028985507",,,"D:\report\report writing\new_output_compare\ansi\6.7b\output_6.7b_15_attempts_baseline_ansi_run3.tar"
"ansi_fixed","6.7b","15","baseline","3","CaselessStringMap","SUCCESS","5/5","-","100",,,"D:\report\report writing\new_output_compare\ansi\6.7b\output_6.7b_15_attempts_baseline_ansi_run3.tar"
"ansi_fixed","6.7b","15","baseline","3","CommandLine","SUCCESS","7/32","-","21.875",,,"D:\report\report writing\new_output_compare\ansi\6.7b\output_6.7b_15_attempts_baseline_ansi_run3.tar"
"ansi_fixed","6.7b","15","baseline","3","DateTools","FAILED","?","-",,,,"D:\report\report writing\new_output_compare\ansi\6.7b\output_6.7b_15_attempts_baseline_ansi_run3.tar"
"ansi_fixed","6.7b","15","baseline","3","DateUtil","FAILED","?","-",,,,"D:\report\report writing\new_output_compare\ansi\6.7b\output_6.7b_15_attempts_baseline_ansi_run3.tar"
"ansi_fixed","6.7b","15","baseline","3","DisplayHelper","SUCCESS","9/9","-","100",,,"D:\report\report writing\new_output_compare\ansi\6.7b\output_6.7b_15_attempts_baseline_ansi_run3.tar"
"ansi_fixed","6.7b","15","baseline","3","EmailFacadeState","SUCCESS","11/13","-","84.6153846153846",,,"D:\report\report writing\new_output_compare\ansi\6.7b\output_6.7b_15_attempts_baseline_ansi_run3.tar"
"ansi_fixed","6.7b","15","baseline","3","FilterMatcher","FAILED","?","-",,,,"D:\report\report writing\new_output_compare\ansi\6.7b\output_6.7b_15_attempts_baseline_ansi_run3.tar"
"ansi_fixed","6.7b","15","baseline","3","GridLayout2","SUCCESS","0/103","-","0",,,"D:\report\report writing\new_output_compare\ansi\6.7b\output_6.7b_15_attempts_baseline_ansi_run3.tar"
"ansi_fixed","6.7b","15","baseline","3","HashCodeUtils","SUCCESS","23/38","23/38","60.5263157894737","60.5263157894737","0","D:\report\report writing\new_output_compare\ansi\6.7b\output_6.7b_15_attempts_baseline_ansi_run3.tar"
"ansi_fixed","6.7b","15","baseline","3","HtmlEncoder","SUCCESS","6/7","6/7","85.7142857142857","85.7142857142857","0","D:\report\report writing\new_output_compare\ansi\6.7b\output_6.7b_15_attempts_baseline_ansi_run3.tar"
"ansi_fixed","6.7b","15","baseline","3","IndexedString","SUCCESS","24/28","-","85.7142857142857",,,"D:\report\report writing\new_output_compare\ansi\6.7b\output_6.7b_15_attempts_baseline_ansi_run3.tar"
"ansi_fixed","6.7b","15","baseline","3","Inflection","FAILED","?","-",,,,"D:\report\report writing\new_output_compare\ansi\6.7b\output_6.7b_15_attempts_baseline_ansi_run3.tar"
"ansi_fixed","6.7b","15","baseline","3","InspirentoUtilities","SUCCESS","15/16","15/16","93.75","93.75","0","D:\report\report writing\new_output_compare\ansi\6.7b\output_6.7b_15_attempts_baseline_ansi_run3.tar"
"ansi_fixed","6.7b","15","baseline","3","MapUtil","SUCCESS","16/16","-","100",,,"D:\report\report writing\new_output_compare\ansi\6.7b\output_6.7b_15_attempts_baseline_ansi_run3.tar"
"ansi_fixed","6.7b","15","baseline","3","MathUtil","SUCCESS","11/44","20/44","25","45.4545454545455","20.4545454545455","D:\report\report writing\new_output_compare\ansi\6.7b\output_6.7b_15_attempts_baseline_ansi_run3.tar"
"ansi_fixed","6.7b","15","baseline","3","NaturalSort","SUCCESS","34/66","-","51.5151515151515",,,"D:\report\report writing\new_output_compare\ansi\6.7b\output_6.7b_15_attempts_baseline_ansi_run3.tar"
"ansi_fixed","6.7b","15","baseline","3","ObjectsUtil","SUCCESS","13/14","13/14","92.8571428571429","92.8571428571429","0","D:\report\report writing\new_output_compare\ansi\6.7b\output_6.7b_15_attempts_baseline_ansi_run3.tar"
"ansi_fixed","6.7b","15","baseline","3","Reference","SUCCESS","8/19","12/19","42.1052631578947","63.1578947368421","21.0526315789474","D:\report\report writing\new_output_compare\ansi\6.7b\output_6.7b_15_attempts_baseline_ansi_run3.tar"
"ansi_fixed","6.7b","15","baseline","3","Region","SUCCESS","3/25","8/25","12","32","20","D:\report\report writing\new_output_compare\ansi\6.7b\output_6.7b_15_attempts_baseline_ansi_run3.tar"
"ansi_fixed","6.7b","15","baseline","3","SAXPathException","SUCCESS","2/10","3/10","20","30","10","D:\report\report writing\new_output_compare\ansi\6.7b\output_6.7b_15_attempts_baseline_ansi_run3.tar"
"ansi_fixed","6.7b","15","baseline","3","SimpleCounter","SUCCESS","3/3","-","100",,,"D:\report\report writing\new_output_compare\ansi\6.7b\output_6.7b_15_attempts_baseline_ansi_run3.tar"
"ansi_fixed","6.7b","15","baseline","3","SortedArrayList","SUCCESS","16/19","-","84.2105263157895",,,"D:\report\report writing\new_output_compare\ansi\6.7b\output_6.7b_15_attempts_baseline_ansi_run3.tar"
"ansi_fixed","6.7b","15","baseline","3","SortedMapVector","SUCCESS","20/63","-","31.7460317460317",,,"D:\report\report writing\new_output_compare\ansi\6.7b\output_6.7b_15_attempts_baseline_ansi_run3.tar"
"ansi_fixed","6.7b","15","baseline","3","StringComparator","SUCCESS","11/16","14/16","68.75","87.5","18.75","D:\report\report writing\new_output_compare\ansi\6.7b\output_6.7b_15_attempts_baseline_ansi_run3.tar"
"ansi_fixed","6.7b","15","baseline","3","StringEncoder64","SUCCESS","25/177","-","14.1242937853107",,,"D:\report\report writing\new_output_compare\ansi\6.7b\output_6.7b_15_attempts_baseline_ansi_run3.tar"
"ansi_fixed","6.7b","15","baseline","3","StringLink","SUCCESS","4/15","-","26.6666666666667",,,"D:\report\report writing\new_output_compare\ansi\6.7b\output_6.7b_15_attempts_baseline_ansi_run3.tar"
"ansi_fixed","6.7b","15","baseline","3","StringList","SUCCESS","10/13","-","76.9230769230769",,,"D:\report\report writing\new_output_compare\ansi\6.7b\output_6.7b_15_attempts_baseline_ansi_run3.tar"
"ansi_fixed","6.7b","15","baseline","3","StringUtils","FAILED","?","-",,,,"D:\report\report writing\new_output_compare\ansi\6.7b\output_6.7b_15_attempts_baseline_ansi_run3.tar"
"ansi_fixed","6.7b","15","baseline","3","ToStringConverter","SUCCESS","7/7","-","100",,,"D:\report\report writing\new_output_compare\ansi\6.7b\output_6.7b_15_attempts_baseline_ansi_run3.tar"
"ansi_fixed","6.7b","15","baseline","3","UniqueTimestampGenerator","SUCCESS","12/27","-","44.4444444444444",,,"D:\report\report writing\new_output_compare\ansi\6.7b\output_6.7b_15_attempts_baseline_ansi_run3.tar"
"ansi_fixed","6.7b","15","baseline","3","Util","SUCCESS","16/28","-","57.1428571428571",,,"D:\report\report writing\new_output_compare\ansi\6.7b\output_6.7b_15_attempts_baseline_ansi_run3.tar"
"ansi_fixed","6.7b","15","baseline","3","Version","FAILED","?","-",,,,"D:\report\report writing\new_output_compare\ansi\6.7b\output_6.7b_15_attempts_baseline_ansi_run3.tar"
"ansi_fixed","6.7b","15","detailed","1","ArrayUtil","FAILED","?","-",,,,"D:\report\report writing\new_output_compare\ansi\6.7b\output_6.7b_15_attempts_detailed_ansi_run1.tar"
"ansi_fixed","6.7b","15","detailed","1","Axis","SUCCESS","18/40","-","45",,,"D:\report\report writing\new_output_compare\ansi\6.7b\output_6.7b_15_attempts_detailed_ansi_run1.tar"
"ansi_fixed","6.7b","15","detailed","1","Base32","FAILED","?","-",,,,"D:\report\report writing\new_output_compare\ansi\6.7b\output_6.7b_15_attempts_detailed_ansi_run1.tar"
"ansi_fixed","6.7b","15","detailed","1","Base64","FAILED","?","-",,,,"D:\report\report writing\new_output_compare\ansi\6.7b\output_6.7b_15_attempts_detailed_ansi_run1.tar"
"ansi_fixed","6.7b","15","detailed","1","Base64Coder","SUCCESS","83/94","87/94","88.2978723404255","92.5531914893617","4.25531914893617","D:\report\report writing\new_output_compare\ansi\6.7b\output_6.7b_15_attempts_detailed_ansi_run1.tar"
"ansi_fixed","6.7b","15","detailed","1","BigDecimalUtil","SUCCESS","4/6","-","66.6666666666667",,,"D:\report\report writing\new_output_compare\ansi\6.7b\output_6.7b_15_attempts_detailed_ansi_run1.tar"
"ansi_fixed","6.7b","15","detailed","1","BinaryDisplayConverter","FAILED","?","-",,,,"D:\report\report writing\new_output_compare\ansi\6.7b\output_6.7b_15_attempts_detailed_ansi_run1.tar"
"ansi_fixed","6.7b","15","detailed","1","ByteVector","FAILED","?","-",,,,"D:\report\report writing\new_output_compare\ansi\6.7b\output_6.7b_15_attempts_detailed_ansi_run1.tar"
"ansi_fixed","6.7b","15","detailed","1","CaselessStringMap","FAILED","?","-",,,,"D:\report\report writing\new_output_compare\ansi\6.7b\output_6.7b_15_attempts_detailed_ansi_run1.tar"
"ansi_fixed","6.7b","15","detailed","1","CommandLine","SUCCESS","18/32","18/32","56.25","56.25","0","D:\report\report writing\new_output_compare\ansi\6.7b\output_6.7b_15_attempts_detailed_ansi_run1.tar"
"ansi_fixed","6.7b","15","detailed","1","DateTools","SUCCESS","17/27","-","62.962962962963",,,"D:\report\report writing\new_output_compare\ansi\6.7b\output_6.7b_15_attempts_detailed_ansi_run1.tar"
"ansi_fixed","6.7b","15","detailed","1","DateUtil","SUCCESS","16/28","-","57.1428571428571",,,"D:\report\report writing\new_output_compare\ansi\6.7b\output_6.7b_15_attempts_detailed_ansi_run1.tar"
"ansi_fixed","6.7b","15","detailed","1","DisplayHelper","SUCCESS","1/9","-","11.1111111111111",,,"D:\report\report writing\new_output_compare\ansi\6.7b\output_6.7b_15_attempts_detailed_ansi_run1.tar"
"ansi_fixed","6.7b","15","detailed","1","EmailFacadeState","SUCCESS","11/13","-","84.6153846153846",,,"D:\report\report writing\new_output_compare\ansi\6.7b\output_6.7b_15_attempts_detailed_ansi_run1.tar"
"ansi_fixed","6.7b","15","detailed","1","FilterMatcher","SUCCESS","15/24","-","62.5",,,"D:\report\report writing\new_output_compare\ansi\6.7b\output_6.7b_15_attempts_detailed_ansi_run1.tar"
"ansi_fixed","6.7b","15","detailed","1","GridLayout2","SUCCESS","0/103","-","0",,,"D:\report\report writing\new_output_compare\ansi\6.7b\output_6.7b_15_attempts_detailed_ansi_run1.tar"
"ansi_fixed","6.7b","15","detailed","1","HashCodeUtils","FAILED","?","-",,,,"D:\report\report writing\new_output_compare\ansi\6.7b\output_6.7b_15_attempts_detailed_ansi_run1.tar"
"ansi_fixed","6.7b","15","detailed","1","HtmlEncoder","FAILED","?","-",,,,"D:\report\report writing\new_output_compare\ansi\6.7b\output_6.7b_15_attempts_detailed_ansi_run1.tar"
"ansi_fixed","6.7b","15","detailed","1","IndexedString","SUCCESS","25/28","-","89.2857142857143",,,"D:\report\report writing\new_output_compare\ansi\6.7b\output_6.7b_15_attempts_detailed_ansi_run1.tar"
"ansi_fixed","6.7b","15","detailed","1","Inflection","FAILED","?","-",,,,"D:\report\report writing\new_output_compare\ansi\6.7b\output_6.7b_15_attempts_detailed_ansi_run1.tar"
"ansi_fixed","6.7b","15","detailed","1","InspirentoUtilities","FAILED","?","-",,,,"D:\report\report writing\new_output_compare\ansi\6.7b\output_6.7b_15_attempts_detailed_ansi_run1.tar"
"ansi_fixed","6.7b","15","detailed","1","MapUtil","SUCCESS","15/16","-","93.75",,,"D:\report\report writing\new_output_compare\ansi\6.7b\output_6.7b_15_attempts_detailed_ansi_run1.tar"
"ansi_fixed","6.7b","15","detailed","1","MathUtil","SUCCESS","26/44","16/44","59.0909090909091","36.3636363636364","-22.7272727272727","D:\report\report writing\new_output_compare\ansi\6.7b\output_6.7b_15_attempts_detailed_ansi_run1.tar"
"ansi_fixed","6.7b","15","detailed","1","NaturalSort","SUCCESS","30/66","-","45.4545454545455",,,"D:\report\report writing\new_output_compare\ansi\6.7b\output_6.7b_15_attempts_detailed_ansi_run1.tar"
"ansi_fixed","6.7b","15","detailed","1","ObjectsUtil","SUCCESS","3/14","-","21.4285714285714",,,"D:\report\report writing\new_output_compare\ansi\6.7b\output_6.7b_15_attempts_detailed_ansi_run1.tar"
"ansi_fixed","6.7b","15","detailed","1","Reference","SUCCESS","8/19","12/19","42.1052631578947","63.1578947368421","21.0526315789474","D:\report\report writing\new_output_compare\ansi\6.7b\output_6.7b_15_attempts_detailed_ansi_run1.tar"
"ansi_fixed","6.7b","15","detailed","1","Region","FAILED","?","-",,,,"D:\report\report writing\new_output_compare\ansi\6.7b\output_6.7b_15_attempts_detailed_ansi_run1.tar"
"ansi_fixed","6.7b","15","detailed","1","SAXPathException","SUCCESS","1/10","-","10",,,"D:\report\report writing\new_output_compare\ansi\6.7b\output_6.7b_15_attempts_detailed_ansi_run1.tar"
"ansi_fixed","6.7b","15","detailed","1","SimpleCounter","SUCCESS","1/3","3/3","33.3333333333333","100","66.6666666666667","D:\report\report writing\new_output_compare\ansi\6.7b\output_6.7b_15_attempts_detailed_ansi_run1.tar"
"ansi_fixed","6.7b","15","detailed","1","SortedArrayList","SUCCESS","15/19","15/19","78.9473684210526","78.9473684210526","0","D:\report\report writing\new_output_compare\ansi\6.7b\output_6.7b_15_attempts_detailed_ansi_run1.tar"
"ansi_fixed","6.7b","15","detailed","1","SortedMapVector","SUCCESS","20/63","-","31.7460317460317",,,"D:\report\report writing\new_output_compare\ansi\6.7b\output_6.7b_15_attempts_detailed_ansi_run1.tar"
"ansi_fixed","6.7b","15","detailed","1","StringComparator","FAILED","?","-",,,,"D:\report\report writing\new_output_compare\ansi\6.7b\output_6.7b_15_attempts_detailed_ansi_run1.tar"
"ansi_fixed","6.7b","15","detailed","1","StringEncoder64","SUCCESS","109/177","112/177","61.5819209039548","63.2768361581921","1.69491525423729","D:\report\report writing\new_output_compare\ansi\6.7b\output_6.7b_15_attempts_detailed_ansi_run1.tar"
"ansi_fixed","6.7b","15","detailed","1","StringLink","SUCCESS","4/15","-","26.6666666666667",,,"D:\report\report writing\new_output_compare\ansi\6.7b\output_6.7b_15_attempts_detailed_ansi_run1.tar"
"ansi_fixed","6.7b","15","detailed","1","StringList","SUCCESS","3/13","-","23.0769230769231",,,"D:\report\report writing\new_output_compare\ansi\6.7b\output_6.7b_15_attempts_detailed_ansi_run1.tar"
"ansi_fixed","6.7b","15","detailed","1","StringUtils","FAILED","?","-",,,,"D:\report\report writing\new_output_compare\ansi\6.7b\output_6.7b_15_attempts_detailed_ansi_run1.tar"
"ansi_fixed","6.7b","15","detailed","1","ToStringConverter","SUCCESS","7/7","-","100",,,"D:\report\report writing\new_output_compare\ansi\6.7b\output_6.7b_15_attempts_detailed_ansi_run1.tar"
"ansi_fixed","6.7b","15","detailed","1","UniqueTimestampGenerator","SUCCESS","3/27","-","11.1111111111111",,,"D:\report\report writing\new_output_compare\ansi\6.7b\output_6.7b_15_attempts_detailed_ansi_run1.tar"
"ansi_fixed","6.7b","15","detailed","1","Util","SUCCESS","10/28","-","35.7142857142857",,,"D:\report\report writing\new_output_compare\ansi\6.7b\output_6.7b_15_attempts_detailed_ansi_run1.tar"
"ansi_fixed","6.7b","15","detailed","1","Version","SUCCESS","14/19","-","73.6842105263158",,,"D:\report\report writing\new_output_compare\ansi\6.7b\output_6.7b_15_attempts_detailed_ansi_run1.tar"
"ansi_fixed","6.7b","15","detailed","2","ArrayUtil","SUCCESS","43/57","-","75.4385964912281",,,"D:\report\report writing\new_output_compare\ansi\6.7b\output_6.7b_15_attempts_detailed_ansi_run2.tar"
"ansi_fixed","6.7b","15","detailed","2","Axis","SUCCESS","40/40","-","100",,,"D:\report\report writing\new_output_compare\ansi\6.7b\output_6.7b_15_attempts_detailed_ansi_run2.tar"
"ansi_fixed","6.7b","15","detailed","2","Base32","FAILED","?","-",,,,"D:\report\report writing\new_output_compare\ansi\6.7b\output_6.7b_15_attempts_detailed_ansi_run2.tar"
"ansi_fixed","6.7b","15","detailed","2","Base64","FAILED","?","-",,,,"D:\report\report writing\new_output_compare\ansi\6.7b\output_6.7b_15_attempts_detailed_ansi_run2.tar"
"ansi_fixed","6.7b","15","detailed","2","Base64Coder","FAILED","?","-",,,,"D:\report\report writing\new_output_compare\ansi\6.7b\output_6.7b_15_attempts_detailed_ansi_run2.tar"
"ansi_fixed","6.7b","15","detailed","2","BigDecimalUtil","FAILED","?","-",,,,"D:\report\report writing\new_output_compare\ansi\6.7b\output_6.7b_15_attempts_detailed_ansi_run2.tar"
"ansi_fixed","6.7b","15","detailed","2","BinaryDisplayConverter","FAILED","?","-",,,,"D:\report\report writing\new_output_compare\ansi\6.7b\output_6.7b_15_attempts_detailed_ansi_run2.tar"
"ansi_fixed","6.7b","15","detailed","2","ByteVector","TIMEOUT","?","-",,,,"D:\report\report writing\new_output_compare\ansi\6.7b\output_6.7b_15_attempts_detailed_ansi_run2.tar"
"ansi_fixed","6.7b","15","detailed","2","CaselessStringMap","FAILED","?","-",,,,"D:\report\report writing\new_output_compare\ansi\6.7b\output_6.7b_15_attempts_detailed_ansi_run2.tar"
"ansi_fixed","6.7b","15","detailed","2","CommandLine","FAILED","?","-",,,,"D:\report\report writing\new_output_compare\ansi\6.7b\output_6.7b_15_attempts_detailed_ansi_run2.tar"
"ansi_fixed","6.7b","15","detailed","2","DateTools","SUCCESS","8/27","-","29.6296296296296",,,"D:\report\report writing\new_output_compare\ansi\6.7b\output_6.7b_15_attempts_detailed_ansi_run2.tar"
"ansi_fixed","6.7b","15","detailed","2","DateUtil","FAILED","?","-",,,,"D:\report\report writing\new_output_compare\ansi\6.7b\output_6.7b_15_attempts_detailed_ansi_run2.tar"
"ansi_fixed","6.7b","15","detailed","2","DisplayHelper","SUCCESS","9/9","-","100",,,"D:\report\report writing\new_output_compare\ansi\6.7b\output_6.7b_15_attempts_detailed_ansi_run2.tar"
"ansi_fixed","6.7b","15","detailed","2","EmailFacadeState","SUCCESS","5/13","-","38.4615384615385",,,"D:\report\report writing\new_output_compare\ansi\6.7b\output_6.7b_15_attempts_detailed_ansi_run2.tar"
"ansi_fixed","6.7b","15","detailed","2","FilterMatcher","FAILED","?","-",,,,"D:\report\report writing\new_output_compare\ansi\6.7b\output_6.7b_15_attempts_detailed_ansi_run2.tar"
"ansi_fixed","6.7b","15","detailed","2","GridLayout2","SUCCESS","20/103","-","19.4174757281553",,,"D:\report\report writing\new_output_compare\ansi\6.7b\output_6.7b_15_attempts_detailed_ansi_run2.tar"
"ansi_fixed","6.7b","15","detailed","2","HashCodeUtils","FAILED","?","-",,,,"D:\report\report writing\new_output_compare\ansi\6.7b\output_6.7b_15_attempts_detailed_ansi_run2.tar"
"ansi_fixed","6.7b","15","detailed","2","HtmlEncoder","FAILED","?","-",,,,"D:\report\report writing\new_output_compare\ansi\6.7b\output_6.7b_15_attempts_detailed_ansi_run2.tar"
"ansi_fixed","6.7b","15","detailed","2","IndexedString","SUCCESS","26/28","-","92.8571428571429",,,"D:\report\report writing\new_output_compare\ansi\6.7b\output_6.7b_15_attempts_detailed_ansi_run2.tar"
"ansi_fixed","6.7b","15","detailed","2","Inflection","FAILED","?","-",,,,"D:\report\report writing\new_output_compare\ansi\6.7b\output_6.7b_15_attempts_detailed_ansi_run2.tar"
"ansi_fixed","6.7b","15","detailed","2","InspirentoUtilities","FAILED","?","-",,,,"D:\report\report writing\new_output_compare\ansi\6.7b\output_6.7b_15_attempts_detailed_ansi_run2.tar"
"ansi_fixed","6.7b","15","detailed","2","MapUtil","FAILED","?","-",,,,"D:\report\report writing\new_output_compare\ansi\6.7b\output_6.7b_15_attempts_detailed_ansi_run2.tar"
"ansi_fixed","6.7b","15","detailed","2","MathUtil","FAILED","?","-",,,,"D:\report\report writing\new_output_compare\ansi\6.7b\output_6.7b_15_attempts_detailed_ansi_run2.tar"
"ansi_fixed","6.7b","15","detailed","2","NaturalSort","SUCCESS","31/66","-","46.969696969697",,,"D:\report\report writing\new_output_compare\ansi\6.7b\output_6.7b_15_attempts_detailed_ansi_run2.tar"
"ansi_fixed","6.7b","15","detailed","2","ObjectsUtil","SUCCESS","14/14","-","100",,,"D:\report\report writing\new_output_compare\ansi\6.7b\output_6.7b_15_attempts_detailed_ansi_run2.tar"
"ansi_fixed","6.7b","15","detailed","2","Reference","SUCCESS","8/19","14/19","42.1052631578947","73.6842105263158","31.578947368421","D:\report\report writing\new_output_compare\ansi\6.7b\output_6.7b_15_attempts_detailed_ansi_run2.tar"
"ansi_fixed","6.7b","15","detailed","2","Region","SUCCESS","13/25","-","52",,,"D:\report\report writing\new_output_compare\ansi\6.7b\output_6.7b_15_attempts_detailed_ansi_run2.tar"
"ansi_fixed","6.7b","15","detailed","2","SAXPathException","SUCCESS","1/10","-","10",,,"D:\report\report writing\new_output_compare\ansi\6.7b\output_6.7b_15_attempts_detailed_ansi_run2.tar"
"ansi_fixed","6.7b","15","detailed","2","SimpleCounter","TIMEOUT","?","-",,,,"D:\report\report writing\new_output_compare\ansi\6.7b\output_6.7b_15_attempts_detailed_ansi_run2.tar"
"ansi_fixed","6.7b","15","detailed","2","SortedArrayList","SUCCESS","10/19","-","52.6315789473684",,,"D:\report\report writing\new_output_compare\ansi\6.7b\output_6.7b_15_attempts_detailed_ansi_run2.tar"
"ansi_fixed","6.7b","15","detailed","2","SortedMapVector","SUCCESS","25/63","-","39.6825396825397",,,"D:\report\report writing\new_output_compare\ansi\6.7b\output_6.7b_15_attempts_detailed_ansi_run2.tar"
"ansi_fixed","6.7b","15","detailed","2","StringComparator","FAILED","?","-",,,,"D:\report\report writing\new_output_compare\ansi\6.7b\output_6.7b_15_attempts_detailed_ansi_run2.tar"
"ansi_fixed","6.7b","15","detailed","2","StringEncoder64","SUCCESS","85/177","-","48.0225988700565",,,"D:\report\report writing\new_output_compare\ansi\6.7b\output_6.7b_15_attempts_detailed_ansi_run2.tar"
"ansi_fixed","6.7b","15","detailed","2","StringLink","FAILED","?","-",,,,"D:\report\report writing\new_output_compare\ansi\6.7b\output_6.7b_15_attempts_detailed_ansi_run2.tar"
"ansi_fixed","6.7b","15","detailed","2","StringList","SUCCESS","6/13","-","46.1538461538462",,,"D:\report\report writing\new_output_compare\ansi\6.7b\output_6.7b_15_attempts_detailed_ansi_run2.tar"
"ansi_fixed","6.7b","15","detailed","2","StringUtils","FAILED","?","-",,,,"D:\report\report writing\new_output_compare\ansi\6.7b\output_6.7b_15_attempts_detailed_ansi_run2.tar"
"ansi_fixed","6.7b","15","detailed","2","ToStringConverter","SUCCESS","7/7","-","100",,,"D:\report\report writing\new_output_compare\ansi\6.7b\output_6.7b_15_attempts_detailed_ansi_run2.tar"
"ansi_fixed","6.7b","15","detailed","2","UniqueTimestampGenerator","FAILED","?","-",,,,"D:\report\report writing\new_output_compare\ansi\6.7b\output_6.7b_15_attempts_detailed_ansi_run2.tar"
"ansi_fixed","6.7b","15","detailed","2","Util","SUCCESS","26/28","-","92.8571428571429",,,"D:\report\report writing\new_output_compare\ansi\6.7b\output_6.7b_15_attempts_detailed_ansi_run2.tar"
"ansi_fixed","6.7b","15","detailed","2","Version","FAILED","?","-",,,,"D:\report\report writing\new_output_compare\ansi\6.7b\output_6.7b_15_attempts_detailed_ansi_run2.tar"
"ansi_fixed","6.7b","15","detailed","3","ArrayUtil","FAILED","?","-",,,,"D:\report\report writing\new_output_compare\ansi\6.7b\output_6.7b_15_attempts_detailed_ansi_run3.tar"
"ansi_fixed","6.7b","15","detailed","3","Axis","SUCCESS","27/40","-","67.5",,,"D:\report\report writing\new_output_compare\ansi\6.7b\output_6.7b_15_attempts_detailed_ansi_run3.tar"
"ansi_fixed","6.7b","15","detailed","3","Base32","SUCCESS","53/72","-","73.6111111111111",,,"D:\report\report writing\new_output_compare\ansi\6.7b\output_6.7b_15_attempts_detailed_ansi_run3.tar"
"ansi_fixed","6.7b","15","detailed","3","Base64","FAILED","?","-",,,,"D:\report\report writing\new_output_compare\ansi\6.7b\output_6.7b_15_attempts_detailed_ansi_run3.tar"
"ansi_fixed","6.7b","15","detailed","3","Base64Coder","SUCCESS","84/94","-","89.3617021276596",,,"D:\report\report writing\new_output_compare\ansi\6.7b\output_6.7b_15_attempts_detailed_ansi_run3.tar"
"ansi_fixed","6.7b","15","detailed","3","BigDecimalUtil","SUCCESS","4/6","-","66.6666666666667",,,"D:\report\report writing\new_output_compare\ansi\6.7b\output_6.7b_15_attempts_detailed_ansi_run3.tar"
"ansi_fixed","6.7b","15","detailed","3","BinaryDisplayConverter","FAILED","?","-",,,,"D:\report\report writing\new_output_compare\ansi\6.7b\output_6.7b_15_attempts_detailed_ansi_run3.tar"
"ansi_fixed","6.7b","15","detailed","3","ByteVector","FAILED","?","-",,,,"D:\report\report writing\new_output_compare\ansi\6.7b\output_6.7b_15_attempts_detailed_ansi_run3.tar"
"ansi_fixed","6.7b","15","detailed","3","CaselessStringMap","FAILED","?","-",,,,"D:\report\report writing\new_output_compare\ansi\6.7b\output_6.7b_15_attempts_detailed_ansi_run3.tar"
"ansi_fixed","6.7b","15","detailed","3","CommandLine","FAILED","?","-",,,,"D:\report\report writing\new_output_compare\ansi\6.7b\output_6.7b_15_attempts_detailed_ansi_run3.tar"
"ansi_fixed","6.7b","15","detailed","3","DateTools","FAILED","?","-",,,,"D:\report\report writing\new_output_compare\ansi\6.7b\output_6.7b_15_attempts_detailed_ansi_run3.tar"
"ansi_fixed","6.7b","15","detailed","3","DateUtil","FAILED","?","-",,,,"D:\report\report writing\new_output_compare\ansi\6.7b\output_6.7b_15_attempts_detailed_ansi_run3.tar"
"ansi_fixed","6.7b","15","detailed","3","DisplayHelper","SUCCESS","9/9","-","100",,,"D:\report\report writing\new_output_compare\ansi\6.7b\output_6.7b_15_attempts_detailed_ansi_run3.tar"
"ansi_fixed","6.7b","15","detailed","3","EmailFacadeState","SUCCESS","10/13","-","76.9230769230769",,,"D:\report\report writing\new_output_compare\ansi\6.7b\output_6.7b_15_attempts_detailed_ansi_run3.tar"
"ansi_fixed","6.7b","15","detailed","3","FilterMatcher","SUCCESS","13/24","-","54.1666666666667",,,"D:\report\report writing\new_output_compare\ansi\6.7b\output_6.7b_15_attempts_detailed_ansi_run3.tar"
"ansi_fixed","6.7b","15","detailed","3","GridLayout2","SUCCESS","20/103","-","19.4174757281553",,,"D:\report\report writing\new_output_compare\ansi\6.7b\output_6.7b_15_attempts_detailed_ansi_run3.tar"
"ansi_fixed","6.7b","15","detailed","3","HashCodeUtils","SUCCESS","31/38","31/38","81.5789473684211","81.5789473684211","0","D:\report\report writing\new_output_compare\ansi\6.7b\output_6.7b_15_attempts_detailed_ansi_run3.tar"
"ansi_fixed","6.7b","15","detailed","3","HtmlEncoder","FAILED","?","-",,,,"D:\report\report writing\new_output_compare\ansi\6.7b\output_6.7b_15_attempts_detailed_ansi_run3.tar"
"ansi_fixed","6.7b","15","detailed","3","IndexedString","SUCCESS","26/28","14/28","92.8571428571429","50","-42.8571428571429","D:\report\report writing\new_output_compare\ansi\6.7b\output_6.7b_15_attempts_detailed_ansi_run3.tar"
"ansi_fixed","6.7b","15","detailed","3","Inflection","FAILED","?","-",,,,"D:\report\report writing\new_output_compare\ansi\6.7b\output_6.7b_15_attempts_detailed_ansi_run3.tar"
"ansi_fixed","6.7b","15","detailed","3","InspirentoUtilities","FAILED","?","-",,,,"D:\report\report writing\new_output_compare\ansi\6.7b\output_6.7b_15_attempts_detailed_ansi_run3.tar"
"ansi_fixed","6.7b","15","detailed","3","MapUtil","SUCCESS","10/16","-","62.5",,,"D:\report\report writing\new_output_compare\ansi\6.7b\output_6.7b_15_attempts_detailed_ansi_run3.tar"
"ansi_fixed","6.7b","15","detailed","3","MathUtil","FAILED","?","-",,,,"D:\report\report writing\new_output_compare\ansi\6.7b\output_6.7b_15_attempts_detailed_ansi_run3.tar"
"ansi_fixed","6.7b","15","detailed","3","NaturalSort","SUCCESS","31/66","39/66","46.969696969697","59.0909090909091","12.1212121212121","D:\report\report writing\new_output_compare\ansi\6.7b\output_6.7b_15_attempts_detailed_ansi_run3.tar"
"ansi_fixed","6.7b","15","detailed","3","ObjectsUtil","SUCCESS","1/14","-","7.14285714285714",,,"D:\report\report writing\new_output_compare\ansi\6.7b\output_6.7b_15_attempts_detailed_ansi_run3.tar"
"ansi_fixed","6.7b","15","detailed","3","Reference","SUCCESS","8/19","10/19","42.1052631578947","52.6315789473684","10.5263157894737","D:\report\report writing\new_output_compare\ansi\6.7b\output_6.7b_15_attempts_detailed_ansi_run3.tar"
"ansi_fixed","6.7b","15","detailed","3","Region","SUCCESS","2/25","9/25","8","36","28","D:\report\report writing\new_output_compare\ansi\6.7b\output_6.7b_15_attempts_detailed_ansi_run3.tar"
"ansi_fixed","6.7b","15","detailed","3","SAXPathException","SUCCESS","0/10","-","0",,,"D:\report\report writing\new_output_compare\ansi\6.7b\output_6.7b_15_attempts_detailed_ansi_run3.tar"
"ansi_fixed","6.7b","15","detailed","3","SimpleCounter","SUCCESS","2/3","3/3","66.6666666666667","100","33.3333333333333","D:\report\report writing\new_output_compare\ansi\6.7b\output_6.7b_15_attempts_detailed_ansi_run3.tar"
"ansi_fixed","6.7b","15","detailed","3","SortedArrayList","SUCCESS","15/19","-","78.9473684210526",,,"D:\report\report writing\new_output_compare\ansi\6.7b\output_6.7b_15_attempts_detailed_ansi_run3.tar"
"ansi_fixed","6.7b","15","detailed","3","SortedMapVector","SUCCESS","23/63","-","36.5079365079365",,,"D:\report\report writing\new_output_compare\ansi\6.7b\output_6.7b_15_attempts_detailed_ansi_run3.tar"
"ansi_fixed","6.7b","15","detailed","3","StringComparator","FAILED","?","-",,,,"D:\report\report writing\new_output_compare\ansi\6.7b\output_6.7b_15_attempts_detailed_ansi_run3.tar"
"ansi_fixed","6.7b","15","detailed","3","StringEncoder64","SUCCESS","84/177","-","47.4576271186441",,,"D:\report\report writing\new_output_compare\ansi\6.7b\output_6.7b_15_attempts_detailed_ansi_run3.tar"
"ansi_fixed","6.7b","15","detailed","3","StringLink","FAILED","?","-",,,,"D:\report\report writing\new_output_compare\ansi\6.7b\output_6.7b_15_attempts_detailed_ansi_run3.tar"
"ansi_fixed","6.7b","15","detailed","3","StringList","SUCCESS","13/13","-","100",,,"D:\report\report writing\new_output_compare\ansi\6.7b\output_6.7b_15_attempts_detailed_ansi_run3.tar"
"ansi_fixed","6.7b","15","detailed","3","StringUtils","FAILED","?","-",,,,"D:\report\report writing\new_output_compare\ansi\6.7b\output_6.7b_15_attempts_detailed_ansi_run3.tar"
"ansi_fixed","6.7b","15","detailed","3","ToStringConverter","SUCCESS","7/7","-","100",,,"D:\report\report writing\new_output_compare\ansi\6.7b\output_6.7b_15_attempts_detailed_ansi_run3.tar"
"ansi_fixed","6.7b","15","detailed","3","UniqueTimestampGenerator","FAILED","?","-",,,,"D:\report\report writing\new_output_compare\ansi\6.7b\output_6.7b_15_attempts_detailed_ansi_run3.tar"
"ansi_fixed","6.7b","15","detailed","3","Util","TIMEOUT","?","-",,,,"D:\report\report writing\new_output_compare\ansi\6.7b\output_6.7b_15_attempts_detailed_ansi_run3.tar"
"ansi_fixed","6.7b","15","detailed","3","Version","SUCCESS","11/19","-","57.8947368421053",,,"D:\report\report writing\new_output_compare\ansi\6.7b\output_6.7b_15_attempts_detailed_ansi_run3.tar"
"ansi_fixed","6.7b","5","baseline","1","ArrayUtil","FAILED","?","-",,,,"D:\report\report writing\new_output_compare\ansi\6.7b\output_6.7b_5_attempts_baseline_ansi_run1.tar"
"ansi_fixed","6.7b","5","baseline","1","Axis","SUCCESS","40/40","-","100",,,"D:\report\report writing\new_output_compare\ansi\6.7b\output_6.7b_5_attempts_baseline_ansi_run1.tar"
"ansi_fixed","6.7b","5","baseline","1","Base32","FAILED","?","-",,,,"D:\report\report writing\new_output_compare\ansi\6.7b\output_6.7b_5_attempts_baseline_ansi_run1.tar"
"ansi_fixed","6.7b","5","baseline","1","Base64","FAILED","?","-",,,,"D:\report\report writing\new_output_compare\ansi\6.7b\output_6.7b_5_attempts_baseline_ansi_run1.tar"
"ansi_fixed","6.7b","5","baseline","1","Base64Coder","FAILED","?","-",,,,"D:\report\report writing\new_output_compare\ansi\6.7b\output_6.7b_5_attempts_baseline_ansi_run1.tar"
"ansi_fixed","6.7b","5","baseline","1","BigDecimalUtil","SUCCESS","4/6","-","66.6666666666667",,,"D:\report\report writing\new_output_compare\ansi\6.7b\output_6.7b_5_attempts_baseline_ansi_run1.tar"
"ansi_fixed","6.7b","5","baseline","1","BinaryDisplayConverter","FAILED","?","-",,,,"D:\report\report writing\new_output_compare\ansi\6.7b\output_6.7b_5_attempts_baseline_ansi_run1.tar"
"ansi_fixed","6.7b","5","baseline","1","ByteVector","FAILED","?","-",,,,"D:\report\report writing\new_output_compare\ansi\6.7b\output_6.7b_5_attempts_baseline_ansi_run1.tar"
"ansi_fixed","6.7b","5","baseline","1","CaselessStringMap","FAILED","?","-",,,,"D:\report\report writing\new_output_compare\ansi\6.7b\output_6.7b_5_attempts_baseline_ansi_run1.tar"
"ansi_fixed","6.7b","5","baseline","1","CommandLine","SUCCESS","19/32","-","59.375",,,"D:\report\report writing\new_output_compare\ansi\6.7b\output_6.7b_5_attempts_baseline_ansi_run1.tar"
"ansi_fixed","6.7b","5","baseline","1","DateTools","SUCCESS","17/27","-","62.962962962963",,,"D:\report\report writing\new_output_compare\ansi\6.7b\output_6.7b_5_attempts_baseline_ansi_run1.tar"
"ansi_fixed","6.7b","5","baseline","1","DateUtil","FAILED","?","-",,,,"D:\report\report writing\new_output_compare\ansi\6.7b\output_6.7b_5_attempts_baseline_ansi_run1.tar"
"ansi_fixed","6.7b","5","baseline","1","DisplayHelper","FAILED","?","-",,,,"D:\report\report writing\new_output_compare\ansi\6.7b\output_6.7b_5_attempts_baseline_ansi_run1.tar"
"ansi_fixed","6.7b","5","baseline","1","EmailFacadeState","SUCCESS","11/13","-","84.6153846153846",,,"D:\report\report writing\new_output_compare\ansi\6.7b\output_6.7b_5_attempts_baseline_ansi_run1.tar"
"ansi_fixed","6.7b","5","baseline","1","FilterMatcher","FAILED","?","-",,,,"D:\report\report writing\new_output_compare\ansi\6.7b\output_6.7b_5_attempts_baseline_ansi_run1.tar"
"ansi_fixed","6.7b","5","baseline","1","GridLayout2","SUCCESS","20/103","-","19.4174757281553",,,"D:\report\report writing\new_output_compare\ansi\6.7b\output_6.7b_5_attempts_baseline_ansi_run1.tar"
"ansi_fixed","6.7b","5","baseline","1","HashCodeUtils","SUCCESS","32/38","32/38","84.2105263157895","84.2105263157895","0","D:\report\report writing\new_output_compare\ansi\6.7b\output_6.7b_5_attempts_baseline_ansi_run1.tar"
"ansi_fixed","6.7b","5","baseline","1","HtmlEncoder","FAILED","?","-",,,,"D:\report\report writing\new_output_compare\ansi\6.7b\output_6.7b_5_attempts_baseline_ansi_run1.tar"
"ansi_fixed","6.7b","5","baseline","1","IndexedString","SUCCESS","25/28","-","89.2857142857143",,,"D:\report\report writing\new_output_compare\ansi\6.7b\output_6.7b_5_attempts_baseline_ansi_run1.tar"
"ansi_fixed","6.7b","5","baseline","1","Inflection","FAILED","?","-",,,,"D:\report\report writing\new_output_compare\ansi\6.7b\output_6.7b_5_attempts_baseline_ansi_run1.tar"
"ansi_fixed","6.7b","5","baseline","1","InspirentoUtilities","SUCCESS","15/16","-","93.75",,,"D:\report\report writing\new_output_compare\ansi\6.7b\output_6.7b_5_attempts_baseline_ansi_run1.tar"
"ansi_fixed","6.7b","5","baseline","1","MapUtil","SUCCESS","16/16","-","100",,,"D:\report\report writing\new_output_compare\ansi\6.7b\output_6.7b_5_attempts_baseline_ansi_run1.tar"
"ansi_fixed","6.7b","5","baseline","1","MathUtil","FAILED","?","-",,,,"D:\report\report writing\new_output_compare\ansi\6.7b\output_6.7b_5_attempts_baseline_ansi_run1.tar"
"ansi_fixed","6.7b","5","baseline","1","NaturalSort","SUCCESS","22/66","29/66","33.3333333333333","43.9393939393939","10.6060606060606","D:\report\report writing\new_output_compare\ansi\6.7b\output_6.7b_5_attempts_baseline_ansi_run1.tar"
"ansi_fixed","6.7b","5","baseline","1","ObjectsUtil","FAILED","?","-",,,,"D:\report\report writing\new_output_compare\ansi\6.7b\output_6.7b_5_attempts_baseline_ansi_run1.tar"
"ansi_fixed","6.7b","5","baseline","1","Reference","SUCCESS","12/19","9/19","63.1578947368421","47.3684210526316","-15.7894736842105","D:\report\report writing\new_output_compare\ansi\6.7b\output_6.7b_5_attempts_baseline_ansi_run1.tar"
"ansi_fixed","6.7b","5","baseline","1","Region","SUCCESS","4/25","18/25","16","72","56","D:\report\report writing\new_output_compare\ansi\6.7b\output_6.7b_5_attempts_baseline_ansi_run1.tar"
"ansi_fixed","6.7b","5","baseline","1","SAXPathException","SUCCESS","1/10","-","10",,,"D:\report\report writing\new_output_compare\ansi\6.7b\output_6.7b_5_attempts_baseline_ansi_run1.tar"
"ansi_fixed","6.7b","5","baseline","1","SimpleCounter","FAILED","?","-",,,,"D:\report\report writing\new_output_compare\ansi\6.7b\output_6.7b_5_attempts_baseline_ansi_run1.tar"
"ansi_fixed","6.7b","5","baseline","1","SortedArrayList","SUCCESS","15/19","14/19","78.9473684210526","73.6842105263158","-5.26315789473685","D:\report\report writing\new_output_compare\ansi\6.7b\output_6.7b_5_attempts_baseline_ansi_run1.tar"
"ansi_fixed","6.7b","5","baseline","1","SortedMapVector","SUCCESS","27/63","-","42.8571428571429",,,"D:\report\report writing\new_output_compare\ansi\6.7b\output_6.7b_5_attempts_baseline_ansi_run1.tar"
"ansi_fixed","6.7b","5","baseline","1","StringComparator","SUCCESS","12/16","-","75",,,"D:\report\report writing\new_output_compare\ansi\6.7b\output_6.7b_5_attempts_baseline_ansi_run1.tar"
"ansi_fixed","6.7b","5","baseline","1","StringEncoder64","SUCCESS","115/177","-","64.9717514124294",,,"D:\report\report writing\new_output_compare\ansi\6.7b\output_6.7b_5_attempts_baseline_ansi_run1.tar"
"ansi_fixed","6.7b","5","baseline","1","StringLink","SUCCESS","4/15","-","26.6666666666667",,,"D:\report\report writing\new_output_compare\ansi\6.7b\output_6.7b_5_attempts_baseline_ansi_run1.tar"
"ansi_fixed","6.7b","5","baseline","1","StringList","SUCCESS","4/13","6/13","30.7692307692308","46.1538461538462","15.3846153846154","D:\report\report writing\new_output_compare\ansi\6.7b\output_6.7b_5_attempts_baseline_ansi_run1.tar"
"ansi_fixed","6.7b","5","baseline","1","StringUtils","FAILED","?","-",,,,"D:\report\report writing\new_output_compare\ansi\6.7b\output_6.7b_5_attempts_baseline_ansi_run1.tar"
"ansi_fixed","6.7b","5","baseline","1","ToStringConverter","SUCCESS","7/7","-","100",,,"D:\report\report writing\new_output_compare\ansi\6.7b\output_6.7b_5_attempts_baseline_ansi_run1.tar"
"ansi_fixed","6.7b","5","baseline","1","UniqueTimestampGenerator","FAILED","?","-",,,,"D:\report\report writing\new_output_compare\ansi\6.7b\output_6.7b_5_attempts_baseline_ansi_run1.tar"
"ansi_fixed","6.7b","5","baseline","1","Util","SUCCESS","13/28","17/28","46.4285714285714","60.7142857142857","14.2857142857143","D:\report\report writing\new_output_compare\ansi\6.7b\output_6.7b_5_attempts_baseline_ansi_run1.tar"
"ansi_fixed","6.7b","5","baseline","1","Version","SUCCESS","13/19","-","68.4210526315789",,,"D:\report\report writing\new_output_compare\ansi\6.7b\output_6.7b_5_attempts_baseline_ansi_run1.tar"
"ansi_fixed","6.7b","5","baseline","2","ArrayUtil","SUCCESS","34/57","40/57","59.6491228070175","70.1754385964912","10.5263157894737","D:\report\report writing\new_output_compare\ansi\6.7b\output_6.7b_5_attempts_baseline_ansi_run2.tar"
"ansi_fixed","6.7b","5","baseline","2","Axis","SUCCESS","40/40","-","100",,,"D:\report\report writing\new_output_compare\ansi\6.7b\output_6.7b_5_attempts_baseline_ansi_run2.tar"
"ansi_fixed","6.7b","5","baseline","2","Base32","FAILED","?","-",,,,"D:\report\report writing\new_output_compare\ansi\6.7b\output_6.7b_5_attempts_baseline_ansi_run2.tar"
"ansi_fixed","6.7b","5","baseline","2","Base64","FAILED","?","-",,,,"D:\report\report writing\new_output_compare\ansi\6.7b\output_6.7b_5_attempts_baseline_ansi_run2.tar"
"ansi_fixed","6.7b","5","baseline","2","Base64Coder","SUCCESS","84/94","-","89.3617021276596",,,"D:\report\report writing\new_output_compare\ansi\6.7b\output_6.7b_5_attempts_baseline_ansi_run2.tar"
"ansi_fixed","6.7b","5","baseline","2","BigDecimalUtil","SUCCESS","4/6","-","66.6666666666667",,,"D:\report\report writing\new_output_compare\ansi\6.7b\output_6.7b_5_attempts_baseline_ansi_run2.tar"
"ansi_fixed","6.7b","5","baseline","2","BinaryDisplayConverter","FAILED","?","-",,,,"D:\report\report writing\new_output_compare\ansi\6.7b\output_6.7b_5_attempts_baseline_ansi_run2.tar"
"ansi_fixed","6.7b","5","baseline","2","ByteVector","TIMEOUT","?","-",,,,"D:\report\report writing\new_output_compare\ansi\6.7b\output_6.7b_5_attempts_baseline_ansi_run2.tar"
"ansi_fixed","6.7b","5","baseline","2","CaselessStringMap","SUCCESS","1/5","-","20",,,"D:\report\report writing\new_output_compare\ansi\6.7b\output_6.7b_5_attempts_baseline_ansi_run2.tar"
"ansi_fixed","6.7b","5","baseline","2","CommandLine","FAILED","?","-",,,,"D:\report\report writing\new_output_compare\ansi\6.7b\output_6.7b_5_attempts_baseline_ansi_run2.tar"
"ansi_fixed","6.7b","5","baseline","2","DateTools","SUCCESS","10/27","-","37.037037037037",,,"D:\report\report writing\new_output_compare\ansi\6.7b\output_6.7b_5_attempts_baseline_ansi_run2.tar"
"ansi_fixed","6.7b","5","baseline","2","DateUtil","FAILED","?","-",,,,"D:\report\report writing\new_output_compare\ansi\6.7b\output_6.7b_5_attempts_baseline_ansi_run2.tar"
"ansi_fixed","6.7b","5","baseline","2","DisplayHelper","FAILED","?","-",,,,"D:\report\report writing\new_output_compare\ansi\6.7b\output_6.7b_5_attempts_baseline_ansi_run2.tar"
"ansi_fixed","6.7b","5","baseline","2","EmailFacadeState","SUCCESS","9/13","-","69.2307692307692",,,"D:\report\report writing\new_output_compare\ansi\6.7b\output_6.7b_5_attempts_baseline_ansi_run2.tar"
"ansi_fixed","6.7b","5","baseline","2","FilterMatcher","SUCCESS","15/24","-","62.5",,,"D:\report\report writing\new_output_compare\ansi\6.7b\output_6.7b_5_attempts_baseline_ansi_run2.tar"
"ansi_fixed","6.7b","5","baseline","2","GridLayout2","FAILED","?","-",,,,"D:\report\report writing\new_output_compare\ansi\6.7b\output_6.7b_5_attempts_baseline_ansi_run2.tar"
"ansi_fixed","6.7b","5","baseline","2","HashCodeUtils","SUCCESS","31/38","31/38","81.5789473684211","81.5789473684211","0","D:\report\report writing\new_output_compare\ansi\6.7b\output_6.7b_5_attempts_baseline_ansi_run2.tar"
"ansi_fixed","6.7b","5","baseline","2","HtmlEncoder","FAILED","?","-",,,,"D:\report\report writing\new_output_compare\ansi\6.7b\output_6.7b_5_attempts_baseline_ansi_run2.tar"
"ansi_fixed","6.7b","5","baseline","2","IndexedString","FAILED","?","-",,,,"D:\report\report writing\new_output_compare\ansi\6.7b\output_6.7b_5_attempts_baseline_ansi_run2.tar"
"ansi_fixed","6.7b","5","baseline","2","Inflection","FAILED","?","-",,,,"D:\report\report writing\new_output_compare\ansi\6.7b\output_6.7b_5_attempts_baseline_ansi_run2.tar"
"ansi_fixed","6.7b","5","baseline","2","InspirentoUtilities","SUCCESS","16/16","-","100",,,"D:\report\report writing\new_output_compare\ansi\6.7b\output_6.7b_5_attempts_baseline_ansi_run2.tar"
"ansi_fixed","6.7b","5","baseline","2","MapUtil","SUCCESS","15/16","-","93.75",,,"D:\report\report writing\new_output_compare\ansi\6.7b\output_6.7b_5_attempts_baseline_ansi_run2.tar"
"ansi_fixed","6.7b","5","baseline","2","MathUtil","FAILED","?","-",,,,"D:\report\report writing\new_output_compare\ansi\6.7b\output_6.7b_5_attempts_baseline_ansi_run2.tar"
"ansi_fixed","6.7b","5","baseline","2","NaturalSort","SUCCESS","33/66","-","50",,,"D:\report\report writing\new_output_compare\ansi\6.7b\output_6.7b_5_attempts_baseline_ansi_run2.tar"
"ansi_fixed","6.7b","5","baseline","2","ObjectsUtil","SUCCESS","12/14","-","85.7142857142857",,,"D:\report\report writing\new_output_compare\ansi\6.7b\output_6.7b_5_attempts_baseline_ansi_run2.tar"
"ansi_fixed","6.7b","5","baseline","2","Reference","TIMEOUT","?","-",,,,"D:\report\report writing\new_output_compare\ansi\6.7b\output_6.7b_5_attempts_baseline_ansi_run2.tar"
"ansi_fixed","6.7b","5","baseline","2","Region","SUCCESS","8/25","-","32",,,"D:\report\report writing\new_output_compare\ansi\6.7b\output_6.7b_5_attempts_baseline_ansi_run2.tar"
"ansi_fixed","6.7b","5","baseline","2","SAXPathException","SUCCESS","1/10","-","10",,,"D:\report\report writing\new_output_compare\ansi\6.7b\output_6.7b_5_attempts_baseline_ansi_run2.tar"
"ansi_fixed","6.7b","5","baseline","2","SimpleCounter","SUCCESS","2/3","2/3","66.6666666666667","66.6666666666667","0","D:\report\report writing\new_output_compare\ansi\6.7b\output_6.7b_5_attempts_baseline_ansi_run2.tar"
"ansi_fixed","6.7b","5","baseline","2","SortedArrayList","FAILED","?","-",,,,"D:\report\report writing\new_output_compare\ansi\6.7b\output_6.7b_5_attempts_baseline_ansi_run2.tar"
"ansi_fixed","6.7b","5","baseline","2","SortedMapVector","SUCCESS","44/63","50/63","69.8412698412698","79.3650793650794","9.52380952380953","D:\report\report writing\new_output_compare\ansi\6.7b\output_6.7b_5_attempts_baseline_ansi_run2.tar"
"ansi_fixed","6.7b","5","baseline","2","StringComparator","FAILED","?","-",,,,"D:\report\report writing\new_output_compare\ansi\6.7b\output_6.7b_5_attempts_baseline_ansi_run2.tar"
"ansi_fixed","6.7b","5","baseline","2","StringEncoder64","SUCCESS","84/177","-","47.4576271186441",,,"D:\report\report writing\new_output_compare\ansi\6.7b\output_6.7b_5_attempts_baseline_ansi_run2.tar"
"ansi_fixed","6.7b","5","baseline","2","StringLink","TIMEOUT","?","-",,,,"D:\report\report writing\new_output_compare\ansi\6.7b\output_6.7b_5_attempts_baseline_ansi_run2.tar"
"ansi_fixed","6.7b","5","baseline","2","StringList","SUCCESS","9/13","-","69.2307692307692",,,"D:\report\report writing\new_output_compare\ansi\6.7b\output_6.7b_5_attempts_baseline_ansi_run2.tar"
"ansi_fixed","6.7b","5","baseline","2","StringUtils","FAILED","?","-",,,,"D:\report\report writing\new_output_compare\ansi\6.7b\output_6.7b_5_attempts_baseline_ansi_run2.tar"
"ansi_fixed","6.7b","5","baseline","2","ToStringConverter","FAILED","?","-",,,,"D:\report\report writing\new_output_compare\ansi\6.7b\output_6.7b_5_attempts_baseline_ansi_run2.tar"
"ansi_fixed","6.7b","5","baseline","2","UniqueTimestampGenerator","FAILED","?","-",,,,"D:\report\report writing\new_output_compare\ansi\6.7b\output_6.7b_5_attempts_baseline_ansi_run2.tar"
"ansi_fixed","6.7b","5","baseline","2","Util","FAILED","?","-",,,,"D:\report\report writing\new_output_compare\ansi\6.7b\output_6.7b_5_attempts_baseline_ansi_run2.tar"
"ansi_fixed","6.7b","5","baseline","2","Version","SUCCESS","13/19","14/19","68.4210526315789","73.6842105263158","5.26315789473684","D:\report\report writing\new_output_compare\ansi\6.7b\output_6.7b_5_attempts_baseline_ansi_run2.tar"
"ansi_fixed","6.7b","5","baseline","3","ArrayUtil","SUCCESS","40/57","46/57","70.1754385964912","80.7017543859649","10.5263157894737","D:\report\report writing\new_output_compare\ansi\6.7b\output_6.7b_5_attempts_baseline_ansi_run3.tar"
"ansi_fixed","6.7b","5","baseline","3","Axis","SUCCESS","40/40","-","100",,,"D:\report\report writing\new_output_compare\ansi\6.7b\output_6.7b_5_attempts_baseline_ansi_run3.tar"
"ansi_fixed","6.7b","5","baseline","3","Base32","FAILED","?","-",,,,"D:\report\report writing\new_output_compare\ansi\6.7b\output_6.7b_5_attempts_baseline_ansi_run3.tar"
"ansi_fixed","6.7b","5","baseline","3","Base64","FAILED","?","-",,,,"D:\report\report writing\new_output_compare\ansi\6.7b\output_6.7b_5_attempts_baseline_ansi_run3.tar"
"ansi_fixed","6.7b","5","baseline","3","Base64Coder","SUCCESS","84/94","-","89.3617021276596",,,"D:\report\report writing\new_output_compare\ansi\6.7b\output_6.7b_5_attempts_baseline_ansi_run3.tar"
"ansi_fixed","6.7b","5","baseline","3","BigDecimalUtil","SUCCESS","4/6","-","66.6666666666667",,,"D:\report\report writing\new_output_compare\ansi\6.7b\output_6.7b_5_attempts_baseline_ansi_run3.tar"
"ansi_fixed","6.7b","5","baseline","3","BinaryDisplayConverter","FAILED","?","-",,,,"D:\report\report writing\new_output_compare\ansi\6.7b\output_6.7b_5_attempts_baseline_ansi_run3.tar"
"ansi_fixed","6.7b","5","baseline","3","ByteVector","SUCCESS","18/138","-","13.0434782608696",,,"D:\report\report writing\new_output_compare\ansi\6.7b\output_6.7b_5_attempts_baseline_ansi_run3.tar"
"ansi_fixed","6.7b","5","baseline","3","CaselessStringMap","SUCCESS","1/5","-","20",,,"D:\report\report writing\new_output_compare\ansi\6.7b\output_6.7b_5_attempts_baseline_ansi_run3.tar"
"ansi_fixed","6.7b","5","baseline","3","CommandLine","SUCCESS","6/32","-","18.75",,,"D:\report\report writing\new_output_compare\ansi\6.7b\output_6.7b_5_attempts_baseline_ansi_run3.tar"
"ansi_fixed","6.7b","5","baseline","3","DateTools","SUCCESS","3/27","-","11.1111111111111",,,"D:\report\report writing\new_output_compare\ansi\6.7b\output_6.7b_5_attempts_baseline_ansi_run3.tar"
"ansi_fixed","6.7b","5","baseline","3","DateUtil","FAILED","?","-",,,,"D:\report\report writing\new_output_compare\ansi\6.7b\output_6.7b_5_attempts_baseline_ansi_run3.tar"
"ansi_fixed","6.7b","5","baseline","3","DisplayHelper","SUCCESS","9/9","-","100",,,"D:\report\report writing\new_output_compare\ansi\6.7b\output_6.7b_5_attempts_baseline_ansi_run3.tar"
"ansi_fixed","6.7b","5","baseline","3","EmailFacadeState","FAILED","?","-",,,,"D:\report\report writing\new_output_compare\ansi\6.7b\output_6.7b_5_attempts_baseline_ansi_run3.tar"
"ansi_fixed","6.7b","5","baseline","3","FilterMatcher","SUCCESS","18/24","-","75",,,"D:\report\report writing\new_output_compare\ansi\6.7b\output_6.7b_5_attempts_baseline_ansi_run3.tar"
"ansi_fixed","6.7b","5","baseline","3","GridLayout2","SUCCESS","0/103","-","0",,,"D:\report\report writing\new_output_compare\ansi\6.7b\output_6.7b_5_attempts_baseline_ansi_run3.tar"
"ansi_fixed","6.7b","5","baseline","3","HashCodeUtils","SUCCESS","32/38","-","84.2105263157895",,,"D:\report\report writing\new_output_compare\ansi\6.7b\output_6.7b_5_attempts_baseline_ansi_run3.tar"
"ansi_fixed","6.7b","5","baseline","3","HtmlEncoder","SUCCESS","6/7","-","85.7142857142857",,,"D:\report\report writing\new_output_compare\ansi\6.7b\output_6.7b_5_attempts_baseline_ansi_run3.tar"
"ansi_fixed","6.7b","5","baseline","3","IndexedString","FAILED","?","-",,,,"D:\report\report writing\new_output_compare\ansi\6.7b\output_6.7b_5_attempts_baseline_ansi_run3.tar"
"ansi_fixed","6.7b","5","baseline","3","Inflection","FAILED","?","-",,,,"D:\report\report writing\new_output_compare\ansi\6.7b\output_6.7b_5_attempts_baseline_ansi_run3.tar"
"ansi_fixed","6.7b","5","baseline","3","InspirentoUtilities","SUCCESS","15/16","-","93.75",,,"D:\report\report writing\new_output_compare\ansi\6.7b\output_6.7b_5_attempts_baseline_ansi_run3.tar"
"ansi_fixed","6.7b","5","baseline","3","MapUtil","SUCCESS","15/16","-","93.75",,,"D:\report\report writing\new_output_compare\ansi\6.7b\output_6.7b_5_attempts_baseline_ansi_run3.tar"
"ansi_fixed","6.7b","5","baseline","3","MathUtil","FAILED","?","-",,,,"D:\report\report writing\new_output_compare\ansi\6.7b\output_6.7b_5_attempts_baseline_ansi_run3.tar"
"ansi_fixed","6.7b","5","baseline","3","NaturalSort","SUCCESS","35/66","-","53.030303030303",,,"D:\report\report writing\new_output_compare\ansi\6.7b\output_6.7b_5_attempts_baseline_ansi_run3.tar"
"ansi_fixed","6.7b","5","baseline","3","ObjectsUtil","SUCCESS","13/14","13/14","92.8571428571429","92.8571428571429","0","D:\report\report writing\new_output_compare\ansi\6.7b\output_6.7b_5_attempts_baseline_ansi_run3.tar"
"ansi_fixed","6.7b","5","baseline","3","Reference","SUCCESS","8/19","11/19","42.1052631578947","57.8947368421053","15.7894736842105","D:\report\report writing\new_output_compare\ansi\6.7b\output_6.7b_5_attempts_baseline_ansi_run3.tar"
"ansi_fixed","6.7b","5","baseline","3","Region","SUCCESS","7/25","-","28",,,"D:\report\report writing\new_output_compare\ansi\6.7b\output_6.7b_5_attempts_baseline_ansi_run3.tar"
"ansi_fixed","6.7b","5","baseline","3","SAXPathException","SUCCESS","1/10","-","10",,,"D:\report\report writing\new_output_compare\ansi\6.7b\output_6.7b_5_attempts_baseline_ansi_run3.tar"
"ansi_fixed","6.7b","5","baseline","3","SimpleCounter","SUCCESS","3/3","-","100",,,"D:\report\report writing\new_output_compare\ansi\6.7b\output_6.7b_5_attempts_baseline_ansi_run3.tar"
"ansi_fixed","6.7b","5","baseline","3","SortedArrayList","SUCCESS","7/19","-","36.8421052631579",,,"D:\report\report writing\new_output_compare\ansi\6.7b\output_6.7b_5_attempts_baseline_ansi_run3.tar"
"ansi_fixed","6.7b","5","baseline","3","SortedMapVector","FAILED","?","-",,,,"D:\report\report writing\new_output_compare\ansi\6.7b\output_6.7b_5_attempts_baseline_ansi_run3.tar"
"ansi_fixed","6.7b","5","baseline","3","StringComparator","SUCCESS","8/16","10/16","50","62.5","12.5","D:\report\report writing\new_output_compare\ansi\6.7b\output_6.7b_5_attempts_baseline_ansi_run3.tar"
"ansi_fixed","6.7b","5","baseline","3","StringEncoder64","FAILED","?","-",,,,"D:\report\report writing\new_output_compare\ansi\6.7b\output_6.7b_5_attempts_baseline_ansi_run3.tar"
"ansi_fixed","6.7b","5","baseline","3","StringLink","SUCCESS","7/15","-","46.6666666666667",,,"D:\report\report writing\new_output_compare\ansi\6.7b\output_6.7b_5_attempts_baseline_ansi_run3.tar"
"ansi_fixed","6.7b","5","baseline","3","StringList","SUCCESS","8/13","-","61.5384615384615",,,"D:\report\report writing\new_output_compare\ansi\6.7b\output_6.7b_5_attempts_baseline_ansi_run3.tar"
"ansi_fixed","6.7b","5","baseline","3","StringUtils","FAILED","?","-",,,,"D:\report\report writing\new_output_compare\ansi\6.7b\output_6.7b_5_attempts_baseline_ansi_run3.tar"
"ansi_fixed","6.7b","5","baseline","3","ToStringConverter","FAILED","?","-",,,,"D:\report\report writing\new_output_compare\ansi\6.7b\output_6.7b_5_attempts_baseline_ansi_run3.tar"
"ansi_fixed","6.7b","5","baseline","3","UniqueTimestampGenerator","SUCCESS","14/27","-","51.8518518518518",,,"D:\report\report writing\new_output_compare\ansi\6.7b\output_6.7b_5_attempts_baseline_ansi_run3.tar"
"ansi_fixed","6.7b","5","baseline","3","Util","FAILED","?","-",,,,"D:\report\report writing\new_output_compare\ansi\6.7b\output_6.7b_5_attempts_baseline_ansi_run3.tar"
"ansi_fixed","6.7b","5","baseline","3","Version","SUCCESS","13/19","-","68.4210526315789",,,"D:\report\report writing\new_output_compare\ansi\6.7b\output_6.7b_5_attempts_baseline_ansi_run3.tar"
"ansi_fixed","6.7b","5","detailed","1","ArrayUtil","FAILED","?","-",,,,"D:\report\report writing\new_output_compare\ansi\6.7b\output_6.7b_5_attempts_detailed_ansi_run1.tar"
"ansi_fixed","6.7b","5","detailed","1","Axis","SUCCESS","18/40","-","45",,,"D:\report\report writing\new_output_compare\ansi\6.7b\output_6.7b_5_attempts_detailed_ansi_run1.tar"
"ansi_fixed","6.7b","5","detailed","1","Base32","FAILED","?","-",,,,"D:\report\report writing\new_output_compare\ansi\6.7b\output_6.7b_5_attempts_detailed_ansi_run1.tar"
"ansi_fixed","6.7b","5","detailed","1","Base64","FAILED","?","-",,,,"D:\report\report writing\new_output_compare\ansi\6.7b\output_6.7b_5_attempts_detailed_ansi_run1.tar"
"ansi_fixed","6.7b","5","detailed","1","Base64Coder","SUCCESS","74/94","-","78.7234042553192",,,"D:\report\report writing\new_output_compare\ansi\6.7b\output_6.7b_5_attempts_detailed_ansi_run1.tar"
"ansi_fixed","6.7b","5","detailed","1","BigDecimalUtil","SUCCESS","4/6","-","66.6666666666667",,,"D:\report\report writing\new_output_compare\ansi\6.7b\output_6.7b_5_attempts_detailed_ansi_run1.tar"
"ansi_fixed","6.7b","5","detailed","1","BinaryDisplayConverter","FAILED","?","-",,,,"D:\report\report writing\new_output_compare\ansi\6.7b\output_6.7b_5_attempts_detailed_ansi_run1.tar"
"ansi_fixed","6.7b","5","detailed","1","ByteVector","FAILED","?","-",,,,"D:\report\report writing\new_output_compare\ansi\6.7b\output_6.7b_5_attempts_detailed_ansi_run1.tar"
"ansi_fixed","6.7b","5","detailed","1","CaselessStringMap","FAILED","?","-",,,,"D:\report\report writing\new_output_compare\ansi\6.7b\output_6.7b_5_attempts_detailed_ansi_run1.tar"
"ansi_fixed","6.7b","5","detailed","1","CommandLine","SUCCESS","26/32","-","81.25",,,"D:\report\report writing\new_output_compare\ansi\6.7b\output_6.7b_5_attempts_detailed_ansi_run1.tar"
"ansi_fixed","6.7b","5","detailed","1","DateTools","FAILED","?","-",,,,"D:\report\report writing\new_output_compare\ansi\6.7b\output_6.7b_5_attempts_detailed_ansi_run1.tar"
"ansi_fixed","6.7b","5","detailed","1","DateUtil","FAILED","?","-",,,,"D:\report\report writing\new_output_compare\ansi\6.7b\output_6.7b_5_attempts_detailed_ansi_run1.tar"
"ansi_fixed","6.7b","5","detailed","1","DisplayHelper","FAILED","?","-",,,,"D:\report\report writing\new_output_compare\ansi\6.7b\output_6.7b_5_attempts_detailed_ansi_run1.tar"
"ansi_fixed","6.7b","5","detailed","1","EmailFacadeState","FAILED","?","-",,,,"D:\report\report writing\new_output_compare\ansi\6.7b\output_6.7b_5_attempts_detailed_ansi_run1.tar"
"ansi_fixed","6.7b","5","detailed","1","FilterMatcher","FAILED","?","-",,,,"D:\report\report writing\new_output_compare\ansi\6.7b\output_6.7b_5_attempts_detailed_ansi_run1.tar"
"ansi_fixed","6.7b","5","detailed","1","GridLayout2","SUCCESS","0/103","-","0",,,"D:\report\report writing\new_output_compare\ansi\6.7b\output_6.7b_5_attempts_detailed_ansi_run1.tar"
"ansi_fixed","6.7b","5","detailed","1","HashCodeUtils","FAILED","?","-",,,,"D:\report\report writing\new_output_compare\ansi\6.7b\output_6.7b_5_attempts_detailed_ansi_run1.tar"
"ansi_fixed","6.7b","5","detailed","1","HtmlEncoder","FAILED","?","-",,,,"D:\report\report writing\new_output_compare\ansi\6.7b\output_6.7b_5_attempts_detailed_ansi_run1.tar"
"ansi_fixed","6.7b","5","detailed","1","IndexedString","FAILED","?","-",,,,"D:\report\report writing\new_output_compare\ansi\6.7b\output_6.7b_5_attempts_detailed_ansi_run1.tar"
"ansi_fixed","6.7b","5","detailed","1","Inflection","FAILED","?","-",,,,"D:\report\report writing\new_output_compare\ansi\6.7b\output_6.7b_5_attempts_detailed_ansi_run1.tar"
"ansi_fixed","6.7b","5","detailed","1","InspirentoUtilities","SUCCESS","15/16","16/16","93.75","100","6.25","D:\report\report writing\new_output_compare\ansi\6.7b\output_6.7b_5_attempts_detailed_ansi_run1.tar"
"ansi_fixed","6.7b","5","detailed","1","MapUtil","SUCCESS","16/16","-","100",,,"D:\report\report writing\new_output_compare\ansi\6.7b\output_6.7b_5_attempts_detailed_ansi_run1.tar"
"ansi_fixed","6.7b","5","detailed","1","MathUtil","SUCCESS","6/44","-","13.6363636363636",,,"D:\report\report writing\new_output_compare\ansi\6.7b\output_6.7b_5_attempts_detailed_ansi_run1.tar"
"ansi_fixed","6.7b","5","detailed","1","NaturalSort","SUCCESS","31/66","-","46.969696969697",,,"D:\report\report writing\new_output_compare\ansi\6.7b\output_6.7b_5_attempts_detailed_ansi_run1.tar"
"ansi_fixed","6.7b","5","detailed","1","ObjectsUtil","SUCCESS","14/14","-","100",,,"D:\report\report writing\new_output_compare\ansi\6.7b\output_6.7b_5_attempts_detailed_ansi_run1.tar"
"ansi_fixed","6.7b","5","detailed","1","Reference","SUCCESS","10/19","11/19","52.6315789473684","57.8947368421053","5.26315789473685","D:\report\report writing\new_output_compare\ansi\6.7b\output_6.7b_5_attempts_detailed_ansi_run1.tar"
"ansi_fixed","6.7b","5","detailed","1","Region","FAILED","?","-",,,,"D:\report\report writing\new_output_compare\ansi\6.7b\output_6.7b_5_attempts_detailed_ansi_run1.tar"
"ansi_fixed","6.7b","5","detailed","1","SAXPathException","SUCCESS","1/10","-","10",,,"D:\report\report writing\new_output_compare\ansi\6.7b\output_6.7b_5_attempts_detailed_ansi_run1.tar"
"ansi_fixed","6.7b","5","detailed","1","SimpleCounter","SUCCESS","2/3","-","66.6666666666667",,,"D:\report\report writing\new_output_compare\ansi\6.7b\output_6.7b_5_attempts_detailed_ansi_run1.tar"
"ansi_fixed","6.7b","5","detailed","1","SortedArrayList","TIMEOUT","?","-",,,,"D:\report\report writing\new_output_compare\ansi\6.7b\output_6.7b_5_attempts_detailed_ansi_run1.tar"
"ansi_fixed","6.7b","5","detailed","1","SortedMapVector","SUCCESS","29/63","-","46.031746031746",,,"D:\report\report writing\new_output_compare\ansi\6.7b\output_6.7b_5_attempts_detailed_ansi_run1.tar"
"ansi_fixed","6.7b","5","detailed","1","StringComparator","TIMEOUT","?","-",,,,"D:\report\report writing\new_output_compare\ansi\6.7b\output_6.7b_5_attempts_detailed_ansi_run1.tar"
"ansi_fixed","6.7b","5","detailed","1","StringEncoder64","FAILED","?","-",,,,"D:\report\report writing\new_output_compare\ansi\6.7b\output_6.7b_5_attempts_detailed_ansi_run1.tar"
"ansi_fixed","6.7b","5","detailed","1","StringLink","FAILED","?","-",,,,"D:\report\report writing\new_output_compare\ansi\6.7b\output_6.7b_5_attempts_detailed_ansi_run1.tar"
"ansi_fixed","6.7b","5","detailed","1","StringList","SUCCESS","13/13","-","100",,,"D:\report\report writing\new_output_compare\ansi\6.7b\output_6.7b_5_attempts_detailed_ansi_run1.tar"
"ansi_fixed","6.7b","5","detailed","1","StringUtils","FAILED","?","-",,,,"D:\report\report writing\new_output_compare\ansi\6.7b\output_6.7b_5_attempts_detailed_ansi_run1.tar"
"ansi_fixed","6.7b","5","detailed","1","ToStringConverter","SUCCESS","7/7","-","100",,,"D:\report\report writing\new_output_compare\ansi\6.7b\output_6.7b_5_attempts_detailed_ansi_run1.tar"
"ansi_fixed","6.7b","5","detailed","1","UniqueTimestampGenerator","SUCCESS","18/27","18/27","66.6666666666667","66.6666666666667","0","D:\report\report writing\new_output_compare\ansi\6.7b\output_6.7b_5_attempts_detailed_ansi_run1.tar"
"ansi_fixed","6.7b","5","detailed","1","Util","SUCCESS","20/28","-","71.4285714285714",,,"D:\report\report writing\new_output_compare\ansi\6.7b\output_6.7b_5_attempts_detailed_ansi_run1.tar"
"ansi_fixed","6.7b","5","detailed","1","Version","SUCCESS","14/19","-","73.6842105263158",,,"D:\report\report writing\new_output_compare\ansi\6.7b\output_6.7b_5_attempts_detailed_ansi_run1.tar"
"ansi_fixed","6.7b","5","detailed","2","ArrayUtil","FAILED","?","-",,,,"D:\report\report writing\new_output_compare\ansi\6.7b\output_6.7b_5_attempts_detailed_ansi_run2.tar"
"ansi_fixed","6.7b","5","detailed","2","Axis","FAILED","?","-",,,,"D:\report\report writing\new_output_compare\ansi\6.7b\output_6.7b_5_attempts_detailed_ansi_run2.tar"
"ansi_fixed","6.7b","5","detailed","2","Base32","FAILED","?","-",,,,"D:\report\report writing\new_output_compare\ansi\6.7b\output_6.7b_5_attempts_detailed_ansi_run2.tar"
"ansi_fixed","6.7b","5","detailed","2","Base64","FAILED","?","-",,,,"D:\report\report writing\new_output_compare\ansi\6.7b\output_6.7b_5_attempts_detailed_ansi_run2.tar"
"ansi_fixed","6.7b","5","detailed","2","Base64Coder","SUCCESS","85/94","74/94","90.4255319148936","78.7234042553192","-11.7021276595745","D:\report\report writing\new_output_compare\ansi\6.7b\output_6.7b_5_attempts_detailed_ansi_run2.tar"
"ansi_fixed","6.7b","5","detailed","2","BigDecimalUtil","SUCCESS","4/6","-","66.6666666666667",,,"D:\report\report writing\new_output_compare\ansi\6.7b\output_6.7b_5_attempts_detailed_ansi_run2.tar"
"ansi_fixed","6.7b","5","detailed","2","BinaryDisplayConverter","FAILED","?","-",,,,"D:\report\report writing\new_output_compare\ansi\6.7b\output_6.7b_5_attempts_detailed_ansi_run2.tar"
"ansi_fixed","6.7b","5","detailed","2","ByteVector","SUCCESS","0/138","-","0",,,"D:\report\report writing\new_output_compare\ansi\6.7b\output_6.7b_5_attempts_detailed_ansi_run2.tar"
"ansi_fixed","6.7b","5","detailed","2","CaselessStringMap","FAILED","?","-",,,,"D:\report\report writing\new_output_compare\ansi\6.7b\output_6.7b_5_attempts_detailed_ansi_run2.tar"
"ansi_fixed","6.7b","5","detailed","2","CommandLine","FAILED","?","-",,,,"D:\report\report writing\new_output_compare\ansi\6.7b\output_6.7b_5_attempts_detailed_ansi_run2.tar"
"ansi_fixed","6.7b","5","detailed","2","DateTools","FAILED","?","-",,,,"D:\report\report writing\new_output_compare\ansi\6.7b\output_6.7b_5_attempts_detailed_ansi_run2.tar"
"ansi_fixed","6.7b","5","detailed","2","DateUtil","FAILED","?","-",,,,"D:\report\report writing\new_output_compare\ansi\6.7b\output_6.7b_5_attempts_detailed_ansi_run2.tar"
"ansi_fixed","6.7b","5","detailed","2","DisplayHelper","FAILED","?","-",,,,"D:\report\report writing\new_output_compare\ansi\6.7b\output_6.7b_5_attempts_detailed_ansi_run2.tar"
"ansi_fixed","6.7b","5","detailed","2","EmailFacadeState","FAILED","?","-",,,,"D:\report\report writing\new_output_compare\ansi\6.7b\output_6.7b_5_attempts_detailed_ansi_run2.tar"
"ansi_fixed","6.7b","5","detailed","2","FilterMatcher","FAILED","?","-",,,,"D:\report\report writing\new_output_compare\ansi\6.7b\output_6.7b_5_attempts_detailed_ansi_run2.tar"
"ansi_fixed","6.7b","5","detailed","2","GridLayout2","SUCCESS","0/103","-","0",,,"D:\report\report writing\new_output_compare\ansi\6.7b\output_6.7b_5_attempts_detailed_ansi_run2.tar"
"ansi_fixed","6.7b","5","detailed","2","HashCodeUtils","SUCCESS","22/38","-","57.8947368421053",,,"D:\report\report writing\new_output_compare\ansi\6.7b\output_6.7b_5_attempts_detailed_ansi_run2.tar"
"ansi_fixed","6.7b","5","detailed","2","HtmlEncoder","SUCCESS","6/7","-","85.7142857142857",,,"D:\report\report writing\new_output_compare\ansi\6.7b\output_6.7b_5_attempts_detailed_ansi_run2.tar"
"ansi_fixed","6.7b","5","detailed","2","IndexedString","SUCCESS","26/28","18/28","92.8571428571429","64.2857142857143","-28.5714285714286","D:\report\report writing\new_output_compare\ansi\6.7b\output_6.7b_5_attempts_detailed_ansi_run2.tar"
"ansi_fixed","6.7b","5","detailed","2","Inflection","SUCCESS","8/20","10/20","40","50","10","D:\report\report writing\new_output_compare\ansi\6.7b\output_6.7b_5_attempts_detailed_ansi_run2.tar"
"ansi_fixed","6.7b","5","detailed","2","InspirentoUtilities","FAILED","?","-",,,,"D:\report\report writing\new_output_compare\ansi\6.7b\output_6.7b_5_attempts_detailed_ansi_run2.tar"
"ansi_fixed","6.7b","5","detailed","2","MapUtil","SUCCESS","15/16","-","93.75",,,"D:\report\report writing\new_output_compare\ansi\6.7b\output_6.7b_5_attempts_detailed_ansi_run2.tar"
"ansi_fixed","6.7b","5","detailed","2","MathUtil","FAILED","?","-",,,,"D:\report\report writing\new_output_compare\ansi\6.7b\output_6.7b_5_attempts_detailed_ansi_run2.tar"
"ansi_fixed","6.7b","5","detailed","2","NaturalSort","SUCCESS","33/66","-","50",,,"D:\report\report writing\new_output_compare\ansi\6.7b\output_6.7b_5_attempts_detailed_ansi_run2.tar"
"ansi_fixed","6.7b","5","detailed","2","ObjectsUtil","SUCCESS","3/14","-","21.4285714285714",,,"D:\report\report writing\new_output_compare\ansi\6.7b\output_6.7b_5_attempts_detailed_ansi_run2.tar"
"ansi_fixed","6.7b","5","detailed","2","Reference","SUCCESS","8/19","13/19","42.1052631578947","68.4210526315789","26.3157894736842","D:\report\report writing\new_output_compare\ansi\6.7b\output_6.7b_5_attempts_detailed_ansi_run2.tar"
"ansi_fixed","6.7b","5","detailed","2","Region","FAILED","?","-",,,,"D:\report\report writing\new_output_compare\ansi\6.7b\output_6.7b_5_attempts_detailed_ansi_run2.tar"
"ansi_fixed","6.7b","5","detailed","2","SAXPathException","SUCCESS","1/10","-","10",,,"D:\report\report writing\new_output_compare\ansi\6.7b\output_6.7b_5_attempts_detailed_ansi_run2.tar"
"ansi_fixed","6.7b","5","detailed","2","SimpleCounter","TIMEOUT","?","-",,,,"D:\report\report writing\new_output_compare\ansi\6.7b\output_6.7b_5_attempts_detailed_ansi_run2.tar"
"ansi_fixed","6.7b","5","detailed","2","SortedArrayList","SUCCESS","12/19","-","63.1578947368421",,,"D:\report\report writing\new_output_compare\ansi\6.7b\output_6.7b_5_attempts_detailed_ansi_run2.tar"
"ansi_fixed","6.7b","5","detailed","2","SortedMapVector","SUCCESS","16/63","-","25.3968253968254",,,"D:\report\report writing\new_output_compare\ansi\6.7b\output_6.7b_5_attempts_detailed_ansi_run2.tar"
"ansi_fixed","6.7b","5","detailed","2","StringComparator","SUCCESS","8/16","-","50",,,"D:\report\report writing\new_output_compare\ansi\6.7b\output_6.7b_5_attempts_detailed_ansi_run2.tar"
"ansi_fixed","6.7b","5","detailed","2","StringEncoder64","FAILED","?","-",,,,"D:\report\report writing\new_output_compare\ansi\6.7b\output_6.7b_5_attempts_detailed_ansi_run2.tar"
"ansi_fixed","6.7b","5","detailed","2","StringLink","FAILED","?","-",,,,"D:\report\report writing\new_output_compare\ansi\6.7b\output_6.7b_5_attempts_detailed_ansi_run2.tar"
"ansi_fixed","6.7b","5","detailed","2","StringList","FAILED","?","-",,,,"D:\report\report writing\new_output_compare\ansi\6.7b\output_6.7b_5_attempts_detailed_ansi_run2.tar"
"ansi_fixed","6.7b","5","detailed","2","StringUtils","FAILED","?","-",,,,"D:\report\report writing\new_output_compare\ansi\6.7b\output_6.7b_5_attempts_detailed_ansi_run2.tar"
"ansi_fixed","6.7b","5","detailed","2","ToStringConverter","FAILED","?","-",,,,"D:\report\report writing\new_output_compare\ansi\6.7b\output_6.7b_5_attempts_detailed_ansi_run2.tar"
"ansi_fixed","6.7b","5","detailed","2","UniqueTimestampGenerator","FAILED","?","-",,,,"D:\report\report writing\new_output_compare\ansi\6.7b\output_6.7b_5_attempts_detailed_ansi_run2.tar"
"ansi_fixed","6.7b","5","detailed","2","Util","FAILED","?","-",,,,"D:\report\report writing\new_output_compare\ansi\6.7b\output_6.7b_5_attempts_detailed_ansi_run2.tar"
"ansi_fixed","6.7b","5","detailed","2","Version","SUCCESS","14/19","-","73.6842105263158",,,"D:\report\report writing\new_output_compare\ansi\6.7b\output_6.7b_5_attempts_detailed_ansi_run2.tar"
"ansi_fixed","6.7b","5","detailed","3","ArrayUtil","SUCCESS","46/57","46/57","80.7017543859649","80.7017543859649","0","D:\report\report writing\new_output_compare\ansi\6.7b\output_6.7b_5_attempts_detailed_ansi_run3.tar"
"ansi_fixed","6.7b","5","detailed","3","Axis","SUCCESS","40/40","-","100",,,"D:\report\report writing\new_output_compare\ansi\6.7b\output_6.7b_5_attempts_detailed_ansi_run3.tar"
"ansi_fixed","6.7b","5","detailed","3","Base32","FAILED","?","-",,,,"D:\report\report writing\new_output_compare\ansi\6.7b\output_6.7b_5_attempts_detailed_ansi_run3.tar"
"ansi_fixed","6.7b","5","detailed","3","Base64","FAILED","?","-",,,,"D:\report\report writing\new_output_compare\ansi\6.7b\output_6.7b_5_attempts_detailed_ansi_run3.tar"
"ansi_fixed","6.7b","5","detailed","3","Base64Coder","SUCCESS","85/94","-","90.4255319148936",,,"D:\report\report writing\new_output_compare\ansi\6.7b\output_6.7b_5_attempts_detailed_ansi_run3.tar"
"ansi_fixed","6.7b","5","detailed","3","BigDecimalUtil","SUCCESS","3/6","6/6","50","100","50","D:\report\report writing\new_output_compare\ansi\6.7b\output_6.7b_5_attempts_detailed_ansi_run3.tar"
"ansi_fixed","6.7b","5","detailed","3","BinaryDisplayConverter","FAILED","?","-",,,,"D:\report\report writing\new_output_compare\ansi\6.7b\output_6.7b_5_attempts_detailed_ansi_run3.tar"
"ansi_fixed","6.7b","5","detailed","3","ByteVector","FAILED","?","-",,,,"D:\report\report writing\new_output_compare\ansi\6.7b\output_6.7b_5_attempts_detailed_ansi_run3.tar"
"ansi_fixed","6.7b","5","detailed","3","CaselessStringMap","SUCCESS","5/5","-","100",,,"D:\report\report writing\new_output_compare\ansi\6.7b\output_6.7b_5_attempts_detailed_ansi_run3.tar"
"ansi_fixed","6.7b","5","detailed","3","CommandLine","SUCCESS","16/32","-","50",,,"D:\report\report writing\new_output_compare\ansi\6.7b\output_6.7b_5_attempts_detailed_ansi_run3.tar"
"ansi_fixed","6.7b","5","detailed","3","DateTools","SUCCESS","17/27","23/27","62.962962962963","85.1851851851852","22.2222222222222","D:\report\report writing\new_output_compare\ansi\6.7b\output_6.7b_5_attempts_detailed_ansi_run3.tar"
"ansi_fixed","6.7b","5","detailed","3","DateUtil","FAILED","?","-",,,,"D:\report\report writing\new_output_compare\ansi\6.7b\output_6.7b_5_attempts_detailed_ansi_run3.tar"
"ansi_fixed","6.7b","5","detailed","3","DisplayHelper","SUCCESS","9/9","-","100",,,"D:\report\report writing\new_output_compare\ansi\6.7b\output_6.7b_5_attempts_detailed_ansi_run3.tar"
"ansi_fixed","6.7b","5","detailed","3","EmailFacadeState","FAILED","?","-",,,,"D:\report\report writing\new_output_compare\ansi\6.7b\output_6.7b_5_attempts_detailed_ansi_run3.tar"
"ansi_fixed","6.7b","5","detailed","3","FilterMatcher","SUCCESS","16/24","-","66.6666666666667",,,"D:\report\report writing\new_output_compare\ansi\6.7b\output_6.7b_5_attempts_detailed_ansi_run3.tar"
"ansi_fixed","6.7b","5","detailed","3","GridLayout2","FAILED","?","-",,,,"D:\report\report writing\new_output_compare\ansi\6.7b\output_6.7b_5_attempts_detailed_ansi_run3.tar"
"ansi_fixed","6.7b","5","detailed","3","HashCodeUtils","FAILED","?","-",,,,"D:\report\report writing\new_output_compare\ansi\6.7b\output_6.7b_5_attempts_detailed_ansi_run3.tar"
"ansi_fixed","6.7b","5","detailed","3","HtmlEncoder","SUCCESS","6/7","-","85.7142857142857",,,"D:\report\report writing\new_output_compare\ansi\6.7b\output_6.7b_5_attempts_detailed_ansi_run3.tar"
"ansi_fixed","6.7b","5","detailed","3","IndexedString","SUCCESS","25/28","-","89.2857142857143",,,"D:\report\report writing\new_output_compare\ansi\6.7b\output_6.7b_5_attempts_detailed_ansi_run3.tar"
"ansi_fixed","6.7b","5","detailed","3","Inflection","FAILED","?","-",,,,"D:\report\report writing\new_output_compare\ansi\6.7b\output_6.7b_5_attempts_detailed_ansi_run3.tar"
"ansi_fixed","6.7b","5","detailed","3","InspirentoUtilities","FAILED","?","-",,,,"D:\report\report writing\new_output_compare\ansi\6.7b\output_6.7b_5_attempts_detailed_ansi_run3.tar"
"ansi_fixed","6.7b","5","detailed","3","MapUtil","SUCCESS","16/16","-","100",,,"D:\report\report writing\new_output_compare\ansi\6.7b\output_6.7b_5_attempts_detailed_ansi_run3.tar"
"ansi_fixed","6.7b","5","detailed","3","MathUtil","FAILED","?","-",,,,"D:\report\report writing\new_output_compare\ansi\6.7b\output_6.7b_5_attempts_detailed_ansi_run3.tar"
"ansi_fixed","6.7b","5","detailed","3","NaturalSort","SUCCESS","30/66","-","45.4545454545455",,,"D:\report\report writing\new_output_compare\ansi\6.7b\output_6.7b_5_attempts_detailed_ansi_run3.tar"
"ansi_fixed","6.7b","5","detailed","3","ObjectsUtil","FAILED","?","-",,,,"D:\report\report writing\new_output_compare\ansi\6.7b\output_6.7b_5_attempts_detailed_ansi_run3.tar"
"ansi_fixed","6.7b","5","detailed","3","Reference","SUCCESS","11/19","11/19","57.8947368421053","57.8947368421053","0","D:\report\report writing\new_output_compare\ansi\6.7b\output_6.7b_5_attempts_detailed_ansi_run3.tar"
"ansi_fixed","6.7b","5","detailed","3","Region","FAILED","?","-",,,,"D:\report\report writing\new_output_compare\ansi\6.7b\output_6.7b_5_attempts_detailed_ansi_run3.tar"
"ansi_fixed","6.7b","5","detailed","3","SAXPathException","SUCCESS","1/10","-","10",,,"D:\report\report writing\new_output_compare\ansi\6.7b\output_6.7b_5_attempts_detailed_ansi_run3.tar"
"ansi_fixed","6.7b","5","detailed","3","SimpleCounter","SUCCESS","2/3","2/3","66.6666666666667","66.6666666666667","0","D:\report\report writing\new_output_compare\ansi\6.7b\output_6.7b_5_attempts_detailed_ansi_run3.tar"
"ansi_fixed","6.7b","5","detailed","3","SortedArrayList","SUCCESS","15/19","-","78.9473684210526",,,"D:\report\report writing\new_output_compare\ansi\6.7b\output_6.7b_5_attempts_detailed_ansi_run3.tar"
"ansi_fixed","6.7b","5","detailed","3","SortedMapVector","SUCCESS","35/63","-","55.5555555555556",,,"D:\report\report writing\new_output_compare\ansi\6.7b\output_6.7b_5_attempts_detailed_ansi_run3.tar"
"ansi_fixed","6.7b","5","detailed","3","StringComparator","SUCCESS","12/16","-","75",,,"D:\report\report writing\new_output_compare\ansi\6.7b\output_6.7b_5_attempts_detailed_ansi_run3.tar"
"ansi_fixed","6.7b","5","detailed","3","StringEncoder64","SUCCESS","109/177","-","61.5819209039548",,,"D:\report\report writing\new_output_compare\ansi\6.7b\output_6.7b_5_attempts_detailed_ansi_run3.tar"
"ansi_fixed","6.7b","5","detailed","3","StringLink","SUCCESS","3/15","-","20",,,"D:\report\report writing\new_output_compare\ansi\6.7b\output_6.7b_5_attempts_detailed_ansi_run3.tar"
"ansi_fixed","6.7b","5","detailed","3","StringList","SUCCESS","13/13","-","100",,,"D:\report\report writing\new_output_compare\ansi\6.7b\output_6.7b_5_attempts_detailed_ansi_run3.tar"
"ansi_fixed","6.7b","5","detailed","3","StringUtils","FAILED","?","-",,,,"D:\report\report writing\new_output_compare\ansi\6.7b\output_6.7b_5_attempts_detailed_ansi_run3.tar"
"ansi_fixed","6.7b","5","detailed","3","ToStringConverter","FAILED","?","-",,,,"D:\report\report writing\new_output_compare\ansi\6.7b\output_6.7b_5_attempts_detailed_ansi_run3.tar"
"ansi_fixed","6.7b","5","detailed","3","UniqueTimestampGenerator","FAILED","?","-",,,,"D:\report\report writing\new_output_compare\ansi\6.7b\output_6.7b_5_attempts_detailed_ansi_run3.tar"
"ansi_fixed","6.7b","5","detailed","3","Util","SUCCESS","17/28","-","60.7142857142857",,,"D:\report\report writing\new_output_compare\ansi\6.7b\output_6.7b_5_attempts_detailed_ansi_run3.tar"
"ansi_fixed","6.7b","5","detailed","3","Version","FAILED","?","-",,,,"D:\report\report writing\new_output_compare\ansi\6.7b\output_6.7b_5_attempts_detailed_ansi_run3.tar"
"ansi_last_successful","6.7b","5","baseline","1","ArrayUtil","SUCCESS","40/57","-","70.1754385964912",,,"D:\report\report writing\new_output_compare\ANSI fix + last_successful enabled\output_6.7b_5_attempts_baseline_ansi_lastsuccess_run1.tar"
"ansi_last_successful","6.7b","5","baseline","1","Axis","FAILED","?","-",,,,"D:\report\report writing\new_output_compare\ANSI fix + last_successful enabled\output_6.7b_5_attempts_baseline_ansi_lastsuccess_run1.tar"
"ansi_last_successful","6.7b","5","baseline","1","Base32","FAILED","?","-",,,,"D:\report\report writing\new_output_compare\ANSI fix + last_successful enabled\output_6.7b_5_attempts_baseline_ansi_lastsuccess_run1.tar"
"ansi_last_successful","6.7b","5","baseline","1","Base64","FAILED","?","-",,,,"D:\report\report writing\new_output_compare\ANSI fix + last_successful enabled\output_6.7b_5_attempts_baseline_ansi_lastsuccess_run1.tar"
"ansi_last_successful","6.7b","5","baseline","1","Base64Coder","SUCCESS","84/94","-","89.3617021276596",,,"D:\report\report writing\new_output_compare\ANSI fix + last_successful enabled\output_6.7b_5_attempts_baseline_ansi_lastsuccess_run1.tar"
"ansi_last_successful","6.7b","5","baseline","1","BigDecimalUtil","SUCCESS","4/6","-","66.6666666666667",,,"D:\report\report writing\new_output_compare\ANSI fix + last_successful enabled\output_6.7b_5_attempts_baseline_ansi_lastsuccess_run1.tar"
"ansi_last_successful","6.7b","5","baseline","1","BinaryDisplayConverter","FAILED","?","-",,,,"D:\report\report writing\new_output_compare\ANSI fix + last_successful enabled\output_6.7b_5_attempts_baseline_ansi_lastsuccess_run1.tar"
"ansi_last_successful","6.7b","5","baseline","1","ByteVector","FAILED","?","-",,,,"D:\report\report writing\new_output_compare\ANSI fix + last_successful enabled\output_6.7b_5_attempts_baseline_ansi_lastsuccess_run1.tar"
"ansi_last_successful","6.7b","5","baseline","1","CaselessStringMap","SUCCESS","5/5","-","100",,,"D:\report\report writing\new_output_compare\ANSI fix + last_successful enabled\output_6.7b_5_attempts_baseline_ansi_lastsuccess_run1.tar"
"ansi_last_successful","6.7b","5","baseline","1","CommandLine","FAILED","?","-",,,,"D:\report\report writing\new_output_compare\ANSI fix + last_successful enabled\output_6.7b_5_attempts_baseline_ansi_lastsuccess_run1.tar"
"ansi_last_successful","6.7b","5","baseline","1","DateTools","SUCCESS","17/27","-","62.962962962963",,,"D:\report\report writing\new_output_compare\ANSI fix + last_successful enabled\output_6.7b_5_attempts_baseline_ansi_lastsuccess_run1.tar"
"ansi_last_successful","6.7b","5","baseline","1","DateUtil","FAILED","?","-",,,,"D:\report\report writing\new_output_compare\ANSI fix + last_successful enabled\output_6.7b_5_attempts_baseline_ansi_lastsuccess_run1.tar"
"ansi_last_successful","6.7b","5","baseline","1","DisplayHelper","SUCCESS","9/9","-","100",,,"D:\report\report writing\new_output_compare\ANSI fix + last_successful enabled\output_6.7b_5_attempts_baseline_ansi_lastsuccess_run1.tar"
"ansi_last_successful","6.7b","5","baseline","1","EmailFacadeState","SUCCESS","9/13","11/13","69.2307692307692","84.6153846153846","15.3846153846154","D:\report\report writing\new_output_compare\ANSI fix + last_successful enabled\output_6.7b_5_attempts_baseline_ansi_lastsuccess_run1.tar"
"ansi_last_successful","6.7b","5","baseline","1","FilterMatcher","FAILED","?","-",,,,"D:\report\report writing\new_output_compare\ANSI fix + last_successful enabled\output_6.7b_5_attempts_baseline_ansi_lastsuccess_run1.tar"
"ansi_last_successful","6.7b","5","baseline","1","GridLayout2","SUCCESS","0/103","-","0",,,"D:\report\report writing\new_output_compare\ANSI fix + last_successful enabled\output_6.7b_5_attempts_baseline_ansi_lastsuccess_run1.tar"
"ansi_last_successful","6.7b","5","baseline","1","HashCodeUtils","SUCCESS","32/38","-","84.2105263157895",,,"D:\report\report writing\new_output_compare\ANSI fix + last_successful enabled\output_6.7b_5_attempts_baseline_ansi_lastsuccess_run1.tar"
"ansi_last_successful","6.7b","5","baseline","1","HtmlEncoder","FAILED","?","-",,,,"D:\report\report writing\new_output_compare\ANSI fix + last_successful enabled\output_6.7b_5_attempts_baseline_ansi_lastsuccess_run1.tar"
"ansi_last_successful","6.7b","5","baseline","1","IndexedString","FAILED","?","-",,,,"D:\report\report writing\new_output_compare\ANSI fix + last_successful enabled\output_6.7b_5_attempts_baseline_ansi_lastsuccess_run1.tar"
"ansi_last_successful","6.7b","5","baseline","1","Inflection","SUCCESS","12/20","-","60",,,"D:\report\report writing\new_output_compare\ANSI fix + last_successful enabled\output_6.7b_5_attempts_baseline_ansi_lastsuccess_run1.tar"
"ansi_last_successful","6.7b","5","baseline","1","InspirentoUtilities","SUCCESS","15/16","-","93.75",,,"D:\report\report writing\new_output_compare\ANSI fix + last_successful enabled\output_6.7b_5_attempts_baseline_ansi_lastsuccess_run1.tar"
"ansi_last_successful","6.7b","5","baseline","1","MapUtil","FAILED","?","-",,,,"D:\report\report writing\new_output_compare\ANSI fix + last_successful enabled\output_6.7b_5_attempts_baseline_ansi_lastsuccess_run1.tar"
"ansi_last_successful","6.7b","5","baseline","1","MathUtil","FAILED","?","-",,,,"D:\report\report writing\new_output_compare\ANSI fix + last_successful enabled\output_6.7b_5_attempts_baseline_ansi_lastsuccess_run1.tar"
"ansi_last_successful","6.7b","5","baseline","1","NaturalSort","FAILED","?","-",,,,"D:\report\report writing\new_output_compare\ANSI fix + last_successful enabled\output_6.7b_5_attempts_baseline_ansi_lastsuccess_run1.tar"
"ansi_last_successful","6.7b","5","baseline","1","ObjectsUtil","SUCCESS","14/14","-","100",,,"D:\report\report writing\new_output_compare\ANSI fix + last_successful enabled\output_6.7b_5_attempts_baseline_ansi_lastsuccess_run1.tar"
"ansi_last_successful","6.7b","5","baseline","1","Reference","SUCCESS","10/19","11/19","52.6315789473684","57.8947368421053","5.26315789473685","D:\report\report writing\new_output_compare\ANSI fix + last_successful enabled\output_6.7b_5_attempts_baseline_ansi_lastsuccess_run1.tar"
"ansi_last_successful","6.7b","5","baseline","1","Region","FAILED","?","-",,,,"D:\report\report writing\new_output_compare\ANSI fix + last_successful enabled\output_6.7b_5_attempts_baseline_ansi_lastsuccess_run1.tar"
"ansi_last_successful","6.7b","5","baseline","1","SAXPathException","FAILED","?","-",,,,"D:\report\report writing\new_output_compare\ANSI fix + last_successful enabled\output_6.7b_5_attempts_baseline_ansi_lastsuccess_run1.tar"
"ansi_last_successful","6.7b","5","baseline","1","SimpleCounter","FAILED","?","-",,,,"D:\report\report writing\new_output_compare\ANSI fix + last_successful enabled\output_6.7b_5_attempts_baseline_ansi_lastsuccess_run1.tar"
"ansi_last_successful","6.7b","5","baseline","1","SortedArrayList","SUCCESS","0/19","-","0",,,"D:\report\report writing\new_output_compare\ANSI fix + last_successful enabled\output_6.7b_5_attempts_baseline_ansi_lastsuccess_run1.tar"
"ansi_last_successful","6.7b","5","baseline","1","SortedMapVector","SUCCESS","17/63","38/63","26.984126984127","60.3174603174603","33.3333333333333","D:\report\report writing\new_output_compare\ANSI fix + last_successful enabled\output_6.7b_5_attempts_baseline_ansi_lastsuccess_run1.tar"
"ansi_last_successful","6.7b","5","baseline","1","StringComparator","SUCCESS","13/16","13/16","81.25","81.25","0","D:\report\report writing\new_output_compare\ANSI fix + last_successful enabled\output_6.7b_5_attempts_baseline_ansi_lastsuccess_run1.tar"
"ansi_last_successful","6.7b","5","baseline","1","StringEncoder64","FAILED","?","-",,,,"D:\report\report writing\new_output_compare\ANSI fix + last_successful enabled\output_6.7b_5_attempts_baseline_ansi_lastsuccess_run1.tar"
"ansi_last_successful","6.7b","5","baseline","1","StringLink","SUCCESS","8/15","-","53.3333333333333",,,"D:\report\report writing\new_output_compare\ANSI fix + last_successful enabled\output_6.7b_5_attempts_baseline_ansi_lastsuccess_run1.tar"
"ansi_last_successful","6.7b","5","baseline","1","StringList","SUCCESS","7/13","2/13","53.8461538461538","15.3846153846154","-38.4615384615385","D:\report\report writing\new_output_compare\ANSI fix + last_successful enabled\output_6.7b_5_attempts_baseline_ansi_lastsuccess_run1.tar"
"ansi_last_successful","6.7b","5","baseline","1","StringUtils","FAILED","?","-",,,,"D:\report\report writing\new_output_compare\ANSI fix + last_successful enabled\output_6.7b_5_attempts_baseline_ansi_lastsuccess_run1.tar"
"ansi_last_successful","6.7b","5","baseline","1","ToStringConverter","SUCCESS","7/7","-","100",,,"D:\report\report writing\new_output_compare\ANSI fix + last_successful enabled\output_6.7b_5_attempts_baseline_ansi_lastsuccess_run1.tar"
"ansi_last_successful","6.7b","5","baseline","1","UniqueTimestampGenerator","FAILED","?","-",,,,"D:\report\report writing\new_output_compare\ANSI fix + last_successful enabled\output_6.7b_5_attempts_baseline_ansi_lastsuccess_run1.tar"
"ansi_last_successful","6.7b","5","baseline","1","Util","FAILED","?","-",,,,"D:\report\report writing\new_output_compare\ANSI fix + last_successful enabled\output_6.7b_5_attempts_baseline_ansi_lastsuccess_run1.tar"
"ansi_last_successful","6.7b","5","baseline","1","Version","SUCCESS","13/19","-","68.4210526315789",,,"D:\report\report writing\new_output_compare\ANSI fix + last_successful enabled\output_6.7b_5_attempts_baseline_ansi_lastsuccess_run1.tar"
"ansi_last_successful","6.7b","5","baseline","2","ArrayUtil","SUCCESS","40/57","-","70.1754385964912",,,"D:\report\report writing\new_output_compare\ANSI fix + last_successful enabled\output_6.7b_5_attempts_baseline_ansi_lastsuccess_run2.tar"
"ansi_last_successful","6.7b","5","baseline","2","Axis","FAILED","?","-",,,,"D:\report\report writing\new_output_compare\ANSI fix + last_successful enabled\output_6.7b_5_attempts_baseline_ansi_lastsuccess_run2.tar"
"ansi_last_successful","6.7b","5","baseline","2","Base32","FAILED","?","-",,,,"D:\report\report writing\new_output_compare\ANSI fix + last_successful enabled\output_6.7b_5_attempts_baseline_ansi_lastsuccess_run2.tar"
"ansi_last_successful","6.7b","5","baseline","2","Base64","FAILED","?","-",,,,"D:\report\report writing\new_output_compare\ANSI fix + last_successful enabled\output_6.7b_5_attempts_baseline_ansi_lastsuccess_run2.tar"
"ansi_last_successful","6.7b","5","baseline","2","Base64Coder","SUCCESS","84/94","-","89.3617021276596",,,"D:\report\report writing\new_output_compare\ANSI fix + last_successful enabled\output_6.7b_5_attempts_baseline_ansi_lastsuccess_run2.tar"
"ansi_last_successful","6.7b","5","baseline","2","BigDecimalUtil","SUCCESS","4/6","-","66.6666666666667",,,"D:\report\report writing\new_output_compare\ANSI fix + last_successful enabled\output_6.7b_5_attempts_baseline_ansi_lastsuccess_run2.tar"
"ansi_last_successful","6.7b","5","baseline","2","BinaryDisplayConverter","FAILED","?","-",,,,"D:\report\report writing\new_output_compare\ANSI fix + last_successful enabled\output_6.7b_5_attempts_baseline_ansi_lastsuccess_run2.tar"
"ansi_last_successful","6.7b","5","baseline","2","ByteVector","FAILED","?","-",,,,"D:\report\report writing\new_output_compare\ANSI fix + last_successful enabled\output_6.7b_5_attempts_baseline_ansi_lastsuccess_run2.tar"
"ansi_last_successful","6.7b","5","baseline","2","CaselessStringMap","FAILED","?","-",,,,"D:\report\report writing\new_output_compare\ANSI fix + last_successful enabled\output_6.7b_5_attempts_baseline_ansi_lastsuccess_run2.tar"
"ansi_last_successful","6.7b","5","baseline","2","CommandLine","FAILED","?","-",,,,"D:\report\report writing\new_output_compare\ANSI fix + last_successful enabled\output_6.7b_5_attempts_baseline_ansi_lastsuccess_run2.tar"
"ansi_last_successful","6.7b","5","baseline","2","DateTools","FAILED","?","-",,,,"D:\report\report writing\new_output_compare\ANSI fix + last_successful enabled\output_6.7b_5_attempts_baseline_ansi_lastsuccess_run2.tar"
"ansi_last_successful","6.7b","5","baseline","2","DateUtil","FAILED","?","-",,,,"D:\report\report writing\new_output_compare\ANSI fix + last_successful enabled\output_6.7b_5_attempts_baseline_ansi_lastsuccess_run2.tar"
"ansi_last_successful","6.7b","5","baseline","2","DisplayHelper","SUCCESS","9/9","-","100",,,"D:\report\report writing\new_output_compare\ANSI fix + last_successful enabled\output_6.7b_5_attempts_baseline_ansi_lastsuccess_run2.tar"
"ansi_last_successful","6.7b","5","baseline","2","EmailFacadeState","TIMEOUT","?","-",,,,"D:\report\report writing\new_output_compare\ANSI fix + last_successful enabled\output_6.7b_5_attempts_baseline_ansi_lastsuccess_run2.tar"
"ansi_last_successful","6.7b","5","baseline","2","FilterMatcher","FAILED","?","-",,,,"D:\report\report writing\new_output_compare\ANSI fix + last_successful enabled\output_6.7b_5_attempts_baseline_ansi_lastsuccess_run2.tar"
"ansi_last_successful","6.7b","5","baseline","2","GridLayout2","SUCCESS","0/103","-","0",,,"D:\report\report writing\new_output_compare\ANSI fix + last_successful enabled\output_6.7b_5_attempts_baseline_ansi_lastsuccess_run2.tar"
"ansi_last_successful","6.7b","5","baseline","2","HashCodeUtils","SUCCESS","18/38","32/38","47.3684210526316","84.2105263157895","36.8421052631579","D:\report\report writing\new_output_compare\ANSI fix + last_successful enabled\output_6.7b_5_attempts_baseline_ansi_lastsuccess_run2.tar"
"ansi_last_successful","6.7b","5","baseline","2","HtmlEncoder","SUCCESS","6/7","-","85.7142857142857",,,"D:\report\report writing\new_output_compare\ANSI fix + last_successful enabled\output_6.7b_5_attempts_baseline_ansi_lastsuccess_run2.tar"
"ansi_last_successful","6.7b","5","baseline","2","IndexedString","SUCCESS","26/28","-","92.8571428571429",,,"D:\report\report writing\new_output_compare\ANSI fix + last_successful enabled\output_6.7b_5_attempts_baseline_ansi_lastsuccess_run2.tar"
"ansi_last_successful","6.7b","5","baseline","2","Inflection","SUCCESS","12/20","-","60",,,"D:\report\report writing\new_output_compare\ANSI fix + last_successful enabled\output_6.7b_5_attempts_baseline_ansi_lastsuccess_run2.tar"
"ansi_last_successful","6.7b","5","baseline","2","InspirentoUtilities","SUCCESS","15/16","15/16","93.75","93.75","0","D:\report\report writing\new_output_compare\ANSI fix + last_successful enabled\output_6.7b_5_attempts_baseline_ansi_lastsuccess_run2.tar"
"ansi_last_successful","6.7b","5","baseline","2","MapUtil","FAILED","?","-",,,,"D:\report\report writing\new_output_compare\ANSI fix + last_successful enabled\output_6.7b_5_attempts_baseline_ansi_lastsuccess_run2.tar"
"ansi_last_successful","6.7b","5","baseline","2","MathUtil","SUCCESS","14/44","-","31.8181818181818",,,"D:\report\report writing\new_output_compare\ANSI fix + last_successful enabled\output_6.7b_5_attempts_baseline_ansi_lastsuccess_run2.tar"
"ansi_last_successful","6.7b","5","baseline","2","NaturalSort","FAILED","?","-",,,,"D:\report\report writing\new_output_compare\ANSI fix + last_successful enabled\output_6.7b_5_attempts_baseline_ansi_lastsuccess_run2.tar"
"ansi_last_successful","6.7b","5","baseline","2","ObjectsUtil","SUCCESS","14/14","-","100",,,"D:\report\report writing\new_output_compare\ANSI fix + last_successful enabled\output_6.7b_5_attempts_baseline_ansi_lastsuccess_run2.tar"
"ansi_last_successful","6.7b","5","baseline","2","Reference","SUCCESS","10/19","12/19","52.6315789473684","63.1578947368421","10.5263157894737","D:\report\report writing\new_output_compare\ANSI fix + last_successful enabled\output_6.7b_5_attempts_baseline_ansi_lastsuccess_run2.tar"
"ansi_last_successful","6.7b","5","baseline","2","Region","SUCCESS","17/25","-","68",,,"D:\report\report writing\new_output_compare\ANSI fix + last_successful enabled\output_6.7b_5_attempts_baseline_ansi_lastsuccess_run2.tar"
"ansi_last_successful","6.7b","5","baseline","2","SAXPathException","SUCCESS","3/10","1/10","30","10","-20","D:\report\report writing\new_output_compare\ANSI fix + last_successful enabled\output_6.7b_5_attempts_baseline_ansi_lastsuccess_run2.tar"
"ansi_last_successful","6.7b","5","baseline","2","SimpleCounter","SUCCESS","3/3","-","100",,,"D:\report\report writing\new_output_compare\ANSI fix + last_successful enabled\output_6.7b_5_attempts_baseline_ansi_lastsuccess_run2.tar"
"ansi_last_successful","6.7b","5","baseline","2","SortedArrayList","FAILED","?","-",,,,"D:\report\report writing\new_output_compare\ANSI fix + last_successful enabled\output_6.7b_5_attempts_baseline_ansi_lastsuccess_run2.tar"
"ansi_last_successful","6.7b","5","baseline","2","SortedMapVector","SUCCESS","24/63","12/63","38.0952380952381","19.047619047619","-19.047619047619","D:\report\report writing\new_output_compare\ANSI fix + last_successful enabled\output_6.7b_5_attempts_baseline_ansi_lastsuccess_run2.tar"
"ansi_last_successful","6.7b","5","baseline","2","StringComparator","SUCCESS","13/16","-","81.25",,,"D:\report\report writing\new_output_compare\ANSI fix + last_successful enabled\output_6.7b_5_attempts_baseline_ansi_lastsuccess_run2.tar"
"ansi_last_successful","6.7b","5","baseline","2","StringEncoder64","SUCCESS","91/177","95/177","51.4124293785311","53.6723163841808","2.25988700564972","D:\report\report writing\new_output_compare\ANSI fix + last_successful enabled\output_6.7b_5_attempts_baseline_ansi_lastsuccess_run2.tar"
"ansi_last_successful","6.7b","5","baseline","2","StringLink","SUCCESS","8/15","-","53.3333333333333",,,"D:\report\report writing\new_output_compare\ANSI fix + last_successful enabled\output_6.7b_5_attempts_baseline_ansi_lastsuccess_run2.tar"
"ansi_last_successful","6.7b","5","baseline","2","StringList","SUCCESS","7/13","-","53.8461538461538",,,"D:\report\report writing\new_output_compare\ANSI fix + last_successful enabled\output_6.7b_5_attempts_baseline_ansi_lastsuccess_run2.tar"
"ansi_last_successful","6.7b","5","baseline","2","StringUtils","FAILED","?","-",,,,"D:\report\report writing\new_output_compare\ANSI fix + last_successful enabled\output_6.7b_5_attempts_baseline_ansi_lastsuccess_run2.tar"
"ansi_last_successful","6.7b","5","baseline","2","ToStringConverter","SUCCESS","7/7","-","100",,,"D:\report\report writing\new_output_compare\ANSI fix + last_successful enabled\output_6.7b_5_attempts_baseline_ansi_lastsuccess_run2.tar"
"ansi_last_successful","6.7b","5","baseline","2","UniqueTimestampGenerator","SUCCESS","14/27","9/27","51.8518518518518","33.3333333333333","-18.5185185185185","D:\report\report writing\new_output_compare\ANSI fix + last_successful enabled\output_6.7b_5_attempts_baseline_ansi_lastsuccess_run2.tar"
"ansi_last_successful","6.7b","5","baseline","2","Util","FAILED","?","-",,,,"D:\report\report writing\new_output_compare\ANSI fix + last_successful enabled\output_6.7b_5_attempts_baseline_ansi_lastsuccess_run2.tar"
"ansi_last_successful","6.7b","5","baseline","2","Version","SUCCESS","13/19","14/19","68.4210526315789","73.6842105263158","5.26315789473684","D:\report\report writing\new_output_compare\ANSI fix + last_successful enabled\output_6.7b_5_attempts_baseline_ansi_lastsuccess_run2.tar"
"ansi_last_successful","6.7b","5","baseline","3","ArrayUtil","FAILED","?","-",,,,"D:\report\report writing\new_output_compare\ANSI fix + last_successful enabled\output_6.7b_5_attempts_baseline_ansi_lastsuccess_run3.tar"
"ansi_last_successful","6.7b","5","baseline","3","Axis","FAILED","?","-",,,,"D:\report\report writing\new_output_compare\ANSI fix + last_successful enabled\output_6.7b_5_attempts_baseline_ansi_lastsuccess_run3.tar"
"ansi_last_successful","6.7b","5","baseline","3","Base32","SUCCESS","47/72","-","65.2777777777778",,,"D:\report\report writing\new_output_compare\ANSI fix + last_successful enabled\output_6.7b_5_attempts_baseline_ansi_lastsuccess_run3.tar"
"ansi_last_successful","6.7b","5","baseline","3","Base64","FAILED","?","-",,,,"D:\report\report writing\new_output_compare\ANSI fix + last_successful enabled\output_6.7b_5_attempts_baseline_ansi_lastsuccess_run3.tar"
"ansi_last_successful","6.7b","5","baseline","3","Base64Coder","SUCCESS","84/94","-","89.3617021276596",,,"D:\report\report writing\new_output_compare\ANSI fix + last_successful enabled\output_6.7b_5_attempts_baseline_ansi_lastsuccess_run3.tar"
"ansi_last_successful","6.7b","5","baseline","3","BigDecimalUtil","FAILED","?","-",,,,"D:\report\report writing\new_output_compare\ANSI fix + last_successful enabled\output_6.7b_5_attempts_baseline_ansi_lastsuccess_run3.tar"
"ansi_last_successful","6.7b","5","baseline","3","BinaryDisplayConverter","FAILED","?","-",,,,"D:\report\report writing\new_output_compare\ANSI fix + last_successful enabled\output_6.7b_5_attempts_baseline_ansi_lastsuccess_run3.tar"
"ansi_last_successful","6.7b","5","baseline","3","ByteVector","FAILED","?","-",,,,"D:\report\report writing\new_output_compare\ANSI fix + last_successful enabled\output_6.7b_5_attempts_baseline_ansi_lastsuccess_run3.tar"
"ansi_last_successful","6.7b","5","baseline","3","CaselessStringMap","SUCCESS","1/5","-","20",,,"D:\report\report writing\new_output_compare\ANSI fix + last_successful enabled\output_6.7b_5_attempts_baseline_ansi_lastsuccess_run3.tar"
"ansi_last_successful","6.7b","5","baseline","3","CommandLine","FAILED","?","-",,,,"D:\report\report writing\new_output_compare\ANSI fix + last_successful enabled\output_6.7b_5_attempts_baseline_ansi_lastsuccess_run3.tar"
"ansi_last_successful","6.7b","5","baseline","3","DateTools","FAILED","?","-",,,,"D:\report\report writing\new_output_compare\ANSI fix + last_successful enabled\output_6.7b_5_attempts_baseline_ansi_lastsuccess_run3.tar"
"ansi_last_successful","6.7b","5","baseline","3","DateUtil","FAILED","?","-",,,,"D:\report\report writing\new_output_compare\ANSI fix + last_successful enabled\output_6.7b_5_attempts_baseline_ansi_lastsuccess_run3.tar"
"ansi_last_successful","6.7b","5","baseline","3","DisplayHelper","SUCCESS","9/9","-","100",,,"D:\report\report writing\new_output_compare\ANSI fix + last_successful enabled\output_6.7b_5_attempts_baseline_ansi_lastsuccess_run3.tar"
"ansi_last_successful","6.7b","5","baseline","3","EmailFacadeState","SUCCESS","1/13","-","7.69230769230769",,,"D:\report\report writing\new_output_compare\ANSI fix + last_successful enabled\output_6.7b_5_attempts_baseline_ansi_lastsuccess_run3.tar"
"ansi_last_successful","6.7b","5","baseline","3","FilterMatcher","FAILED","?","-",,,,"D:\report\report writing\new_output_compare\ANSI fix + last_successful enabled\output_6.7b_5_attempts_baseline_ansi_lastsuccess_run3.tar"
"ansi_last_successful","6.7b","5","baseline","3","GridLayout2","SUCCESS","0/103","-","0",,,"D:\report\report writing\new_output_compare\ANSI fix + last_successful enabled\output_6.7b_5_attempts_baseline_ansi_lastsuccess_run3.tar"
"ansi_last_successful","6.7b","5","baseline","3","HashCodeUtils","SUCCESS","32/38","-","84.2105263157895",,,"D:\report\report writing\new_output_compare\ANSI fix + last_successful enabled\output_6.7b_5_attempts_baseline_ansi_lastsuccess_run3.tar"
"ansi_last_successful","6.7b","5","baseline","3","HtmlEncoder","SUCCESS","6/7","6/7","85.7142857142857","85.7142857142857","0","D:\report\report writing\new_output_compare\ANSI fix + last_successful enabled\output_6.7b_5_attempts_baseline_ansi_lastsuccess_run3.tar"
"ansi_last_successful","6.7b","5","baseline","3","IndexedString","SUCCESS","26/28","-","92.8571428571429",,,"D:\report\report writing\new_output_compare\ANSI fix + last_successful enabled\output_6.7b_5_attempts_baseline_ansi_lastsuccess_run3.tar"
"ansi_last_successful","6.7b","5","baseline","3","Inflection","SUCCESS","12/20","-","60",,,"D:\report\report writing\new_output_compare\ANSI fix + last_successful enabled\output_6.7b_5_attempts_baseline_ansi_lastsuccess_run3.tar"
"ansi_last_successful","6.7b","5","baseline","3","InspirentoUtilities","SUCCESS","15/16","-","93.75",,,"D:\report\report writing\new_output_compare\ANSI fix + last_successful enabled\output_6.7b_5_attempts_baseline_ansi_lastsuccess_run3.tar"
"ansi_last_successful","6.7b","5","baseline","3","MapUtil","SUCCESS","16/16","-","100",,,"D:\report\report writing\new_output_compare\ANSI fix + last_successful enabled\output_6.7b_5_attempts_baseline_ansi_lastsuccess_run3.tar"
"ansi_last_successful","6.7b","5","baseline","3","MathUtil","FAILED","?","-",,,,"D:\report\report writing\new_output_compare\ANSI fix + last_successful enabled\output_6.7b_5_attempts_baseline_ansi_lastsuccess_run3.tar"
"ansi_last_successful","6.7b","5","baseline","3","NaturalSort","SUCCESS","31/66","-","46.969696969697",,,"D:\report\report writing\new_output_compare\ANSI fix + last_successful enabled\output_6.7b_5_attempts_baseline_ansi_lastsuccess_run3.tar"
"ansi_last_successful","6.7b","5","baseline","3","ObjectsUtil","FAILED","?","-",,,,"D:\report\report writing\new_output_compare\ANSI fix + last_successful enabled\output_6.7b_5_attempts_baseline_ansi_lastsuccess_run3.tar"
"ansi_last_successful","6.7b","5","baseline","3","Reference","SUCCESS","10/19","12/19","52.6315789473684","63.1578947368421","10.5263157894737","D:\report\report writing\new_output_compare\ANSI fix + last_successful enabled\output_6.7b_5_attempts_baseline_ansi_lastsuccess_run3.tar"
"ansi_last_successful","6.7b","5","baseline","3","Region","FAILED","?","-",,,,"D:\report\report writing\new_output_compare\ANSI fix + last_successful enabled\output_6.7b_5_attempts_baseline_ansi_lastsuccess_run3.tar"
"ansi_last_successful","6.7b","5","baseline","3","SAXPathException","SUCCESS","3/10","3/10","30","30","0","D:\report\report writing\new_output_compare\ANSI fix + last_successful enabled\output_6.7b_5_attempts_baseline_ansi_lastsuccess_run3.tar"
"ansi_last_successful","6.7b","5","baseline","3","SimpleCounter","SUCCESS","3/3","-","100",,,"D:\report\report writing\new_output_compare\ANSI fix + last_successful enabled\output_6.7b_5_attempts_baseline_ansi_lastsuccess_run3.tar"
"ansi_last_successful","6.7b","5","baseline","3","SortedArrayList","FAILED","?","-",,,,"D:\report\report writing\new_output_compare\ANSI fix + last_successful enabled\output_6.7b_5_attempts_baseline_ansi_lastsuccess_run3.tar"
"ansi_last_successful","6.7b","5","baseline","3","SortedMapVector","SUCCESS","24/63","-","38.0952380952381",,,"D:\report\report writing\new_output_compare\ANSI fix + last_successful enabled\output_6.7b_5_attempts_baseline_ansi_lastsuccess_run3.tar"
"ansi_last_successful","6.7b","5","baseline","3","StringComparator","SUCCESS","13/16","14/16","81.25","87.5","6.25","D:\report\report writing\new_output_compare\ANSI fix + last_successful enabled\output_6.7b_5_attempts_baseline_ansi_lastsuccess_run3.tar"
"ansi_last_successful","6.7b","5","baseline","3","StringEncoder64","SUCCESS","103/177","-","58.1920903954802",,,"D:\report\report writing\new_output_compare\ANSI fix + last_successful enabled\output_6.7b_5_attempts_baseline_ansi_lastsuccess_run3.tar"
"ansi_last_successful","6.7b","5","baseline","3","StringLink","SUCCESS","8/15","8/15","53.3333333333333","53.3333333333333","0","D:\report\report writing\new_output_compare\ANSI fix + last_successful enabled\output_6.7b_5_attempts_baseline_ansi_lastsuccess_run3.tar"
"ansi_last_successful","6.7b","5","baseline","3","StringList","SUCCESS","7/13","9/13","53.8461538461538","69.2307692307692","15.3846153846154","D:\report\report writing\new_output_compare\ANSI fix + last_successful enabled\output_6.7b_5_attempts_baseline_ansi_lastsuccess_run3.tar"
"ansi_last_successful","6.7b","5","baseline","3","StringUtils","FAILED","?","-",,,,"D:\report\report writing\new_output_compare\ANSI fix + last_successful enabled\output_6.7b_5_attempts_baseline_ansi_lastsuccess_run3.tar"
"ansi_last_successful","6.7b","5","baseline","3","ToStringConverter","SUCCESS","7/7","-","100",,,"D:\report\report writing\new_output_compare\ANSI fix + last_successful enabled\output_6.7b_5_attempts_baseline_ansi_lastsuccess_run3.tar"
"ansi_last_successful","6.7b","5","baseline","3","UniqueTimestampGenerator","SUCCESS","14/27","-","51.8518518518518",,,"D:\report\report writing\new_output_compare\ANSI fix + last_successful enabled\output_6.7b_5_attempts_baseline_ansi_lastsuccess_run3.tar"
"ansi_last_successful","6.7b","5","baseline","3","Util","FAILED","?","-",,,,"D:\report\report writing\new_output_compare\ANSI fix + last_successful enabled\output_6.7b_5_attempts_baseline_ansi_lastsuccess_run3.tar"
"ansi_last_successful","6.7b","5","baseline","3","Version","SUCCESS","13/19","-","68.4210526315789",,,"D:\report\report writing\new_output_compare\ANSI fix + last_successful enabled\output_6.7b_5_attempts_baseline_ansi_lastsuccess_run3.tar"
"guided_lite_ansi","6.7b","15","guided_lite","1","ArrayUtil","FAILED","?","-",,,,"D:\report\report writing\new_output_compare\guided_lite+ansi\output_6.7b_15_attempts_guided_lite_ansi_run1.tar"
"guided_lite_ansi","6.7b","15","guided_lite","1","Axis","FAILED","?","-",,,,"D:\report\report writing\new_output_compare\guided_lite+ansi\output_6.7b_15_attempts_guided_lite_ansi_run1.tar"
"guided_lite_ansi","6.7b","15","guided_lite","1","Base32","FAILED","?","-",,,,"D:\report\report writing\new_output_compare\guided_lite+ansi\output_6.7b_15_attempts_guided_lite_ansi_run1.tar"
"guided_lite_ansi","6.7b","15","guided_lite","1","Base64","FAILED","?","-",,,,"D:\report\report writing\new_output_compare\guided_lite+ansi\output_6.7b_15_attempts_guided_lite_ansi_run1.tar"
"guided_lite_ansi","6.7b","15","guided_lite","1","Base64Coder","SUCCESS","85/94","-","90.4255319148936",,,"D:\report\report writing\new_output_compare\guided_lite+ansi\output_6.7b_15_attempts_guided_lite_ansi_run1.tar"
"guided_lite_ansi","6.7b","15","guided_lite","1","BigDecimalUtil","SUCCESS","4/6","-","66.6666666666667",,,"D:\report\report writing\new_output_compare\guided_lite+ansi\output_6.7b_15_attempts_guided_lite_ansi_run1.tar"
"guided_lite_ansi","6.7b","15","guided_lite","1","BinaryDisplayConverter","FAILED","?","-",,,,"D:\report\report writing\new_output_compare\guided_lite+ansi\output_6.7b_15_attempts_guided_lite_ansi_run1.tar"
"guided_lite_ansi","6.7b","15","guided_lite","1","ByteVector","FAILED","?","-",,,,"D:\report\report writing\new_output_compare\guided_lite+ansi\output_6.7b_15_attempts_guided_lite_ansi_run1.tar"
"guided_lite_ansi","6.7b","15","guided_lite","1","CaselessStringMap","FAILED","?","-",,,,"D:\report\report writing\new_output_compare\guided_lite+ansi\output_6.7b_15_attempts_guided_lite_ansi_run1.tar"
"guided_lite_ansi","6.7b","15","guided_lite","1","CommandLine","FAILED","?","-",,,,"D:\report\report writing\new_output_compare\guided_lite+ansi\output_6.7b_15_attempts_guided_lite_ansi_run1.tar"
"guided_lite_ansi","6.7b","15","guided_lite","1","DateTools","FAILED","?","-",,,,"D:\report\report writing\new_output_compare\guided_lite+ansi\output_6.7b_15_attempts_guided_lite_ansi_run1.tar"
"guided_lite_ansi","6.7b","15","guided_lite","1","DateUtil","FAILED","?","-",,,,"D:\report\report writing\new_output_compare\guided_lite+ansi\output_6.7b_15_attempts_guided_lite_ansi_run1.tar"
"guided_lite_ansi","6.7b","15","guided_lite","1","DisplayHelper","SUCCESS","9/9","-","100",,,"D:\report\report writing\new_output_compare\guided_lite+ansi\output_6.7b_15_attempts_guided_lite_ansi_run1.tar"
"guided_lite_ansi","6.7b","15","guided_lite","1","EmailFacadeState","SUCCESS","7/13","-","53.8461538461538",,,"D:\report\report writing\new_output_compare\guided_lite+ansi\output_6.7b_15_attempts_guided_lite_ansi_run1.tar"
"guided_lite_ansi","6.7b","15","guided_lite","1","FilterMatcher","SUCCESS","15/24","-","62.5",,,"D:\report\report writing\new_output_compare\guided_lite+ansi\output_6.7b_15_attempts_guided_lite_ansi_run1.tar"
"guided_lite_ansi","6.7b","15","guided_lite","1","GridLayout2","SUCCESS","0/103","-","0",,,"D:\report\report writing\new_output_compare\guided_lite+ansi\output_6.7b_15_attempts_guided_lite_ansi_run1.tar"
"guided_lite_ansi","6.7b","15","guided_lite","1","HashCodeUtils","SUCCESS","18/38","-","47.3684210526316",,,"D:\report\report writing\new_output_compare\guided_lite+ansi\output_6.7b_15_attempts_guided_lite_ansi_run1.tar"
"guided_lite_ansi","6.7b","15","guided_lite","1","HtmlEncoder","SUCCESS","1/7","-","14.2857142857143",,,"D:\report\report writing\new_output_compare\guided_lite+ansi\output_6.7b_15_attempts_guided_lite_ansi_run1.tar"
"guided_lite_ansi","6.7b","15","guided_lite","1","IndexedString","SUCCESS","15/28","28/28","53.5714285714286","100","46.4285714285714","D:\report\report writing\new_output_compare\guided_lite+ansi\output_6.7b_15_attempts_guided_lite_ansi_run1.tar"
"guided_lite_ansi","6.7b","15","guided_lite","1","Inflection","FAILED","?","-",,,,"D:\report\report writing\new_output_compare\guided_lite+ansi\output_6.7b_15_attempts_guided_lite_ansi_run1.tar"
"guided_lite_ansi","6.7b","15","guided_lite","1","InspirentoUtilities","SUCCESS","15/16","-","93.75",,,"D:\report\report writing\new_output_compare\guided_lite+ansi\output_6.7b_15_attempts_guided_lite_ansi_run1.tar"
"guided_lite_ansi","6.7b","15","guided_lite","1","MapUtil","SUCCESS","16/16","-","100",,,"D:\report\report writing\new_output_compare\guided_lite+ansi\output_6.7b_15_attempts_guided_lite_ansi_run1.tar"
"guided_lite_ansi","6.7b","15","guided_lite","1","MathUtil","FAILED","?","-",,,,"D:\report\report writing\new_output_compare\guided_lite+ansi\output_6.7b_15_attempts_guided_lite_ansi_run1.tar"
"guided_lite_ansi","6.7b","15","guided_lite","1","NaturalSort","SUCCESS","36/66","36/66","54.5454545454545","54.5454545454545","0","D:\report\report writing\new_output_compare\guided_lite+ansi\output_6.7b_15_attempts_guided_lite_ansi_run1.tar"
"guided_lite_ansi","6.7b","15","guided_lite","1","ObjectsUtil","FAILED","?","-",,,,"D:\report\report writing\new_output_compare\guided_lite+ansi\output_6.7b_15_attempts_guided_lite_ansi_run1.tar"
"guided_lite_ansi","6.7b","15","guided_lite","1","Reference","FAILED","?","-",,,,"D:\report\report writing\new_output_compare\guided_lite+ansi\output_6.7b_15_attempts_guided_lite_ansi_run1.tar"
"guided_lite_ansi","6.7b","15","guided_lite","1","Region","FAILED","?","-",,,,"D:\report\report writing\new_output_compare\guided_lite+ansi\output_6.7b_15_attempts_guided_lite_ansi_run1.tar"
"guided_lite_ansi","6.7b","15","guided_lite","1","SAXPathException","SUCCESS","1/10","-","10",,,"D:\report\report writing\new_output_compare\guided_lite+ansi\output_6.7b_15_attempts_guided_lite_ansi_run1.tar"
"guided_lite_ansi","6.7b","15","guided_lite","1","SimpleCounter","FAILED","?","-",,,,"D:\report\report writing\new_output_compare\guided_lite+ansi\output_6.7b_15_attempts_guided_lite_ansi_run1.tar"
"guided_lite_ansi","6.7b","15","guided_lite","1","SortedArrayList","SUCCESS","1/19","-","5.26315789473684",,,"D:\report\report writing\new_output_compare\guided_lite+ansi\output_6.7b_15_attempts_guided_lite_ansi_run1.tar"
"guided_lite_ansi","6.7b","15","guided_lite","1","SortedMapVector","SUCCESS","16/63","-","25.3968253968254",,,"D:\report\report writing\new_output_compare\guided_lite+ansi\output_6.7b_15_attempts_guided_lite_ansi_run1.tar"
"guided_lite_ansi","6.7b","15","guided_lite","1","StringComparator","SUCCESS","8/16","12/16","50","75","25","D:\report\report writing\new_output_compare\guided_lite+ansi\output_6.7b_15_attempts_guided_lite_ansi_run1.tar"
"guided_lite_ansi","6.7b","15","guided_lite","1","StringEncoder64","FAILED","?","-",,,,"D:\report\report writing\new_output_compare\guided_lite+ansi\output_6.7b_15_attempts_guided_lite_ansi_run1.tar"
"guided_lite_ansi","6.7b","15","guided_lite","1","StringLink","FAILED","?","-",,,,"D:\report\report writing\new_output_compare\guided_lite+ansi\output_6.7b_15_attempts_guided_lite_ansi_run1.tar"
"guided_lite_ansi","6.7b","15","guided_lite","1","StringList","SUCCESS","6/13","-","46.1538461538462",,,"D:\report\report writing\new_output_compare\guided_lite+ansi\output_6.7b_15_attempts_guided_lite_ansi_run1.tar"
"guided_lite_ansi","6.7b","15","guided_lite","1","StringUtils","FAILED","?","-",,,,"D:\report\report writing\new_output_compare\guided_lite+ansi\output_6.7b_15_attempts_guided_lite_ansi_run1.tar"
"guided_lite_ansi","6.7b","15","guided_lite","1","ToStringConverter","FAILED","?","-",,,,"D:\report\report writing\new_output_compare\guided_lite+ansi\output_6.7b_15_attempts_guided_lite_ansi_run1.tar"
"guided_lite_ansi","6.7b","15","guided_lite","1","UniqueTimestampGenerator","SUCCESS","10/27","-","37.037037037037",,,"D:\report\report writing\new_output_compare\guided_lite+ansi\output_6.7b_15_attempts_guided_lite_ansi_run1.tar"
"guided_lite_ansi","6.7b","15","guided_lite","1","Util","FAILED","?","-",,,,"D:\report\report writing\new_output_compare\guided_lite+ansi\output_6.7b_15_attempts_guided_lite_ansi_run1.tar"
"guided_lite_ansi","6.7b","15","guided_lite","1","Version","SUCCESS","14/19","-","73.6842105263158",,,"D:\report\report writing\new_output_compare\guided_lite+ansi\output_6.7b_15_attempts_guided_lite_ansi_run1.tar"
"guided_lite_ansi","6.7b","5","guided_lite","1","ArrayUtil","SUCCESS","20/57","44/57","35.0877192982456","77.1929824561403","42.1052631578947","D:\report\report writing\new_output_compare\guided_lite+ansi\output_6.7b_5_attempts_guided_lite_ansi_run1.tar"
"guided_lite_ansi","6.7b","5","guided_lite","1","Axis","SUCCESS","26/40","-","65",,,"D:\report\report writing\new_output_compare\guided_lite+ansi\output_6.7b_5_attempts_guided_lite_ansi_run1.tar"
"guided_lite_ansi","6.7b","5","guided_lite","1","Base32","FAILED","?","-",,,,"D:\report\report writing\new_output_compare\guided_lite+ansi\output_6.7b_5_attempts_guided_lite_ansi_run1.tar"
"guided_lite_ansi","6.7b","5","guided_lite","1","Base64","FAILED","?","-",,,,"D:\report\report writing\new_output_compare\guided_lite+ansi\output_6.7b_5_attempts_guided_lite_ansi_run1.tar"
"guided_lite_ansi","6.7b","5","guided_lite","1","Base64Coder","FAILED","?","-",,,,"D:\report\report writing\new_output_compare\guided_lite+ansi\output_6.7b_5_attempts_guided_lite_ansi_run1.tar"
"guided_lite_ansi","6.7b","5","guided_lite","1","BigDecimalUtil","SUCCESS","4/6","-","66.6666666666667",,,"D:\report\report writing\new_output_compare\guided_lite+ansi\output_6.7b_5_attempts_guided_lite_ansi_run1.tar"
"guided_lite_ansi","6.7b","5","guided_lite","1","BinaryDisplayConverter","FAILED","?","-",,,,"D:\report\report writing\new_output_compare\guided_lite+ansi\output_6.7b_5_attempts_guided_lite_ansi_run1.tar"
"guided_lite_ansi","6.7b","5","guided_lite","1","ByteVector","TIMEOUT","?","-",,,,"D:\report\report writing\new_output_compare\guided_lite+ansi\output_6.7b_5_attempts_guided_lite_ansi_run1.tar"
"guided_lite_ansi","6.7b","5","guided_lite","1","CaselessStringMap","SUCCESS","1/5","-","20",,,"D:\report\report writing\new_output_compare\guided_lite+ansi\output_6.7b_5_attempts_guided_lite_ansi_run1.tar"
"guided_lite_ansi","6.7b","5","guided_lite","1","CommandLine","FAILED","?","-",,,,"D:\report\report writing\new_output_compare\guided_lite+ansi\output_6.7b_5_attempts_guided_lite_ansi_run1.tar"
"guided_lite_ansi","6.7b","5","guided_lite","1","DateTools","SUCCESS","5/27","-","18.5185185185185",,,"D:\report\report writing\new_output_compare\guided_lite+ansi\output_6.7b_5_attempts_guided_lite_ansi_run1.tar"
"guided_lite_ansi","6.7b","5","guided_lite","1","DateUtil","FAILED","?","-",,,,"D:\report\report writing\new_output_compare\guided_lite+ansi\output_6.7b_5_attempts_guided_lite_ansi_run1.tar"
"guided_lite_ansi","6.7b","5","guided_lite","1","DisplayHelper","FAILED","?","-",,,,"D:\report\report writing\new_output_compare\guided_lite+ansi\output_6.7b_5_attempts_guided_lite_ansi_run1.tar"
"guided_lite_ansi","6.7b","5","guided_lite","1","EmailFacadeState","SUCCESS","4/13","6/13","30.7692307692308","46.1538461538462","15.3846153846154","D:\report\report writing\new_output_compare\guided_lite+ansi\output_6.7b_5_attempts_guided_lite_ansi_run1.tar"
"guided_lite_ansi","6.7b","5","guided_lite","1","FilterMatcher","FAILED","?","-",,,,"D:\report\report writing\new_output_compare\guided_lite+ansi\output_6.7b_5_attempts_guided_lite_ansi_run1.tar"
"guided_lite_ansi","6.7b","5","guided_lite","1","GridLayout2","SUCCESS","0/103","-","0",,,"D:\report\report writing\new_output_compare\guided_lite+ansi\output_6.7b_5_attempts_guided_lite_ansi_run1.tar"
"guided_lite_ansi","6.7b","5","guided_lite","1","HashCodeUtils","FAILED","?","-",,,,"D:\report\report writing\new_output_compare\guided_lite+ansi\output_6.7b_5_attempts_guided_lite_ansi_run1.tar"
"guided_lite_ansi","6.7b","5","guided_lite","1","HtmlEncoder","SUCCESS","6/7","-","85.7142857142857",,,"D:\report\report writing\new_output_compare\guided_lite+ansi\output_6.7b_5_attempts_guided_lite_ansi_run1.tar"
"guided_lite_ansi","6.7b","5","guided_lite","1","IndexedString","SUCCESS","8/28","-","28.5714285714286",,,"D:\report\report writing\new_output_compare\guided_lite+ansi\output_6.7b_5_attempts_guided_lite_ansi_run1.tar"
"guided_lite_ansi","6.7b","5","guided_lite","1","Inflection","FAILED","?","-",,,,"D:\report\report writing\new_output_compare\guided_lite+ansi\output_6.7b_5_attempts_guided_lite_ansi_run1.tar"
"guided_lite_ansi","6.7b","5","guided_lite","1","InspirentoUtilities","FAILED","?","-",,,,"D:\report\report writing\new_output_compare\guided_lite+ansi\output_6.7b_5_attempts_guided_lite_ansi_run1.tar"
"guided_lite_ansi","6.7b","5","guided_lite","1","MapUtil","SUCCESS","15/16","-","93.75",,,"D:\report\report writing\new_output_compare\guided_lite+ansi\output_6.7b_5_attempts_guided_lite_ansi_run1.tar"
"guided_lite_ansi","6.7b","5","guided_lite","1","MathUtil","SUCCESS","31/44","13/44","70.4545454545455","29.5454545454545","-40.9090909090909","D:\report\report writing\new_output_compare\guided_lite+ansi\output_6.7b_5_attempts_guided_lite_ansi_run1.tar"
"guided_lite_ansi","6.7b","5","guided_lite","1","NaturalSort","FAILED","?","-",,,,"D:\report\report writing\new_output_compare\guided_lite+ansi\output_6.7b_5_attempts_guided_lite_ansi_run1.tar"
"guided_lite_ansi","6.7b","5","guided_lite","1","ObjectsUtil","SUCCESS","12/14","12/14","85.7142857142857","85.7142857142857","0","D:\report\report writing\new_output_compare\guided_lite+ansi\output_6.7b_5_attempts_guided_lite_ansi_run1.tar"
"guided_lite_ansi","6.7b","5","guided_lite","1","Reference","SUCCESS","10/19","11/19","52.6315789473684","57.8947368421053","5.26315789473685","D:\report\report writing\new_output_compare\guided_lite+ansi\output_6.7b_5_attempts_guided_lite_ansi_run1.tar"
"guided_lite_ansi","6.7b","5","guided_lite","1","Region","FAILED","?","-",,,,"D:\report\report writing\new_output_compare\guided_lite+ansi\output_6.7b_5_attempts_guided_lite_ansi_run1.tar"
"guided_lite_ansi","6.7b","5","guided_lite","1","SAXPathException","SUCCESS","1/10","-","10",,,"D:\report\report writing\new_output_compare\guided_lite+ansi\output_6.7b_5_attempts_guided_lite_ansi_run1.tar"
"guided_lite_ansi","6.7b","5","guided_lite","1","SimpleCounter","FAILED","?","-",,,,"D:\report\report writing\new_output_compare\guided_lite+ansi\output_6.7b_5_attempts_guided_lite_ansi_run1.tar"
"guided_lite_ansi","6.7b","5","guided_lite","1","SortedArrayList","SUCCESS","13/19","-","68.4210526315789",,,"D:\report\report writing\new_output_compare\guided_lite+ansi\output_6.7b_5_attempts_guided_lite_ansi_run1.tar"
"guided_lite_ansi","6.7b","5","guided_lite","1","SortedMapVector","SUCCESS","30/63","-","47.6190476190476",,,"D:\report\report writing\new_output_compare\guided_lite+ansi\output_6.7b_5_attempts_guided_lite_ansi_run1.tar"
"guided_lite_ansi","6.7b","5","guided_lite","1","StringComparator","SUCCESS","8/16","11/16","50","68.75","18.75","D:\report\report writing\new_output_compare\guided_lite+ansi\output_6.7b_5_attempts_guided_lite_ansi_run1.tar"
"guided_lite_ansi","6.7b","5","guided_lite","1","StringEncoder64","FAILED","?","-",,,,"D:\report\report writing\new_output_compare\guided_lite+ansi\output_6.7b_5_attempts_guided_lite_ansi_run1.tar"
"guided_lite_ansi","6.7b","5","guided_lite","1","StringLink","TIMEOUT","?","-",,,,"D:\report\report writing\new_output_compare\guided_lite+ansi\output_6.7b_5_attempts_guided_lite_ansi_run1.tar"
"guided_lite_ansi","6.7b","5","guided_lite","1","StringList","FAILED","?","-",,,,"D:\report\report writing\new_output_compare\guided_lite+ansi\output_6.7b_5_attempts_guided_lite_ansi_run1.tar"
"guided_lite_ansi","6.7b","5","guided_lite","1","StringUtils","FAILED","?","-",,,,"D:\report\report writing\new_output_compare\guided_lite+ansi\output_6.7b_5_attempts_guided_lite_ansi_run1.tar"
"guided_lite_ansi","6.7b","5","guided_lite","1","ToStringConverter","SUCCESS","7/7","-","100",,,"D:\report\report writing\new_output_compare\guided_lite+ansi\output_6.7b_5_attempts_guided_lite_ansi_run1.tar"
"guided_lite_ansi","6.7b","5","guided_lite","1","UniqueTimestampGenerator","FAILED","?","-",,,,"D:\report\report writing\new_output_compare\guided_lite+ansi\output_6.7b_5_attempts_guided_lite_ansi_run1.tar"
"guided_lite_ansi","6.7b","5","guided_lite","1","Util","SUCCESS","19/28","21/28","67.8571428571429","75","7.14285714285714","D:\report\report writing\new_output_compare\guided_lite+ansi\output_6.7b_5_attempts_guided_lite_ansi_run1.tar"
"guided_lite_ansi","6.7b","5","guided_lite","1","Version","SUCCESS","12/19","-","63.1578947368421",,,"D:\report\report writing\new_output_compare\guided_lite+ansi\output_6.7b_5_attempts_guided_lite_ansi_run1.tar"
"guided_lite_ansi","6.7b","5","guided_lite","2","ArrayUtil","FAILED","?","-",,,,"D:\report\report writing\new_output_compare\guided_lite+ansi\output_6.7b_5_attempts_guided_lite_ansi_run2.tar"
"guided_lite_ansi","6.7b","5","guided_lite","2","Axis","SUCCESS","39/40","-","97.5",,,"D:\report\report writing\new_output_compare\guided_lite+ansi\output_6.7b_5_attempts_guided_lite_ansi_run2.tar"
"guided_lite_ansi","6.7b","5","guided_lite","2","Base32","FAILED","?","-",,,,"D:\report\report writing\new_output_compare\guided_lite+ansi\output_6.7b_5_attempts_guided_lite_ansi_run2.tar"
"guided_lite_ansi","6.7b","5","guided_lite","2","Base64","FAILED","?","-",,,,"D:\report\report writing\new_output_compare\guided_lite+ansi\output_6.7b_5_attempts_guided_lite_ansi_run2.tar"
"guided_lite_ansi","6.7b","5","guided_lite","2","Base64Coder","SUCCESS","71/94","-","75.531914893617",,,"D:\report\report writing\new_output_compare\guided_lite+ansi\output_6.7b_5_attempts_guided_lite_ansi_run2.tar"
"guided_lite_ansi","6.7b","5","guided_lite","2","BigDecimalUtil","SUCCESS","4/6","-","66.6666666666667",,,"D:\report\report writing\new_output_compare\guided_lite+ansi\output_6.7b_5_attempts_guided_lite_ansi_run2.tar"
"guided_lite_ansi","6.7b","5","guided_lite","2","BinaryDisplayConverter","FAILED","?","-",,,,"D:\report\report writing\new_output_compare\guided_lite+ansi\output_6.7b_5_attempts_guided_lite_ansi_run2.tar"
"guided_lite_ansi","6.7b","5","guided_lite","2","ByteVector","SUCCESS","21/138","9/138","15.2173913043478","6.52173913043478","-8.69565217391305","D:\report\report writing\new_output_compare\guided_lite+ansi\output_6.7b_5_attempts_guided_lite_ansi_run2.tar"
"guided_lite_ansi","6.7b","5","guided_lite","2","CaselessStringMap","SUCCESS","5/5","-","100",,,"D:\report\report writing\new_output_compare\guided_lite+ansi\output_6.7b_5_attempts_guided_lite_ansi_run2.tar"
"guided_lite_ansi","6.7b","5","guided_lite","2","CommandLine","FAILED","?","-",,,,"D:\report\report writing\new_output_compare\guided_lite+ansi\output_6.7b_5_attempts_guided_lite_ansi_run2.tar"
"guided_lite_ansi","6.7b","5","guided_lite","2","DateTools","FAILED","?","-",,,,"D:\report\report writing\new_output_compare\guided_lite+ansi\output_6.7b_5_attempts_guided_lite_ansi_run2.tar"
"guided_lite_ansi","6.7b","5","guided_lite","2","DateUtil","SUCCESS","18/28","-","64.2857142857143",,,"D:\report\report writing\new_output_compare\guided_lite+ansi\output_6.7b_5_attempts_guided_lite_ansi_run2.tar"
"guided_lite_ansi","6.7b","5","guided_lite","2","DisplayHelper","FAILED","?","-",,,,"D:\report\report writing\new_output_compare\guided_lite+ansi\output_6.7b_5_attempts_guided_lite_ansi_run2.tar"
"guided_lite_ansi","6.7b","5","guided_lite","2","EmailFacadeState","SUCCESS","4/13","-","30.7692307692308",,,"D:\report\report writing\new_output_compare\guided_lite+ansi\output_6.7b_5_attempts_guided_lite_ansi_run2.tar"
"guided_lite_ansi","6.7b","5","guided_lite","2","FilterMatcher","FAILED","?","-",,,,"D:\report\report writing\new_output_compare\guided_lite+ansi\output_6.7b_5_attempts_guided_lite_ansi_run2.tar"
"guided_lite_ansi","6.7b","5","guided_lite","2","GridLayout2","SUCCESS","0/103","-","0",,,"D:\report\report writing\new_output_compare\guided_lite+ansi\output_6.7b_5_attempts_guided_lite_ansi_run2.tar"
"guided_lite_ansi","6.7b","5","guided_lite","2","HashCodeUtils","SUCCESS","31/38","31/38","81.5789473684211","81.5789473684211","0","D:\report\report writing\new_output_compare\guided_lite+ansi\output_6.7b_5_attempts_guided_lite_ansi_run2.tar"
"guided_lite_ansi","6.7b","5","guided_lite","2","HtmlEncoder","SUCCESS","6/7","-","85.7142857142857",,,"D:\report\report writing\new_output_compare\guided_lite+ansi\output_6.7b_5_attempts_guided_lite_ansi_run2.tar"
"guided_lite_ansi","6.7b","5","guided_lite","2","IndexedString","SUCCESS","25/28","-","89.2857142857143",,,"D:\report\report writing\new_output_compare\guided_lite+ansi\output_6.7b_5_attempts_guided_lite_ansi_run2.tar"
"guided_lite_ansi","6.7b","5","guided_lite","2","Inflection","FAILED","?","-",,,,"D:\report\report writing\new_output_compare\guided_lite+ansi\output_6.7b_5_attempts_guided_lite_ansi_run2.tar"
"guided_lite_ansi","6.7b","5","guided_lite","2","InspirentoUtilities","SUCCESS","15/16","-","93.75",,,"D:\report\report writing\new_output_compare\guided_lite+ansi\output_6.7b_5_attempts_guided_lite_ansi_run2.tar"
"guided_lite_ansi","6.7b","5","guided_lite","2","MapUtil","SUCCESS","16/16","-","100",,,"D:\report\report writing\new_output_compare\guided_lite+ansi\output_6.7b_5_attempts_guided_lite_ansi_run2.tar"
"guided_lite_ansi","6.7b","5","guided_lite","2","MathUtil","SUCCESS","9/44","9/44","20.4545454545455","20.4545454545455","0","D:\report\report writing\new_output_compare\guided_lite+ansi\output_6.7b_5_attempts_guided_lite_ansi_run2.tar"
"guided_lite_ansi","6.7b","5","guided_lite","2","NaturalSort","TIMEOUT","?","-",,,,"D:\report\report writing\new_output_compare\guided_lite+ansi\output_6.7b_5_attempts_guided_lite_ansi_run2.tar"
"guided_lite_ansi","6.7b","5","guided_lite","2","ObjectsUtil","FAILED","?","-",,,,"D:\report\report writing\new_output_compare\guided_lite+ansi\output_6.7b_5_attempts_guided_lite_ansi_run2.tar"
"guided_lite_ansi","6.7b","5","guided_lite","2","Reference","SUCCESS","3/19","9/19","15.7894736842105","47.3684210526316","31.578947368421","D:\report\report writing\new_output_compare\guided_lite+ansi\output_6.7b_5_attempts_guided_lite_ansi_run2.tar"
"guided_lite_ansi","6.7b","5","guided_lite","2","Region","SUCCESS","10/25","-","40",,,"D:\report\report writing\new_output_compare\guided_lite+ansi\output_6.7b_5_attempts_guided_lite_ansi_run2.tar"
"guided_lite_ansi","6.7b","5","guided_lite","2","SAXPathException","SUCCESS","1/10","-","10",,,"D:\report\report writing\new_output_compare\guided_lite+ansi\output_6.7b_5_attempts_guided_lite_ansi_run2.tar"
"guided_lite_ansi","6.7b","5","guided_lite","2","SimpleCounter","SUCCESS","3/3","-","100",,,"D:\report\report writing\new_output_compare\guided_lite+ansi\output_6.7b_5_attempts_guided_lite_ansi_run2.tar"
"guided_lite_ansi","6.7b","5","guided_lite","2","SortedArrayList","SUCCESS","17/19","-","89.4736842105263",,,"D:\report\report writing\new_output_compare\guided_lite+ansi\output_6.7b_5_attempts_guided_lite_ansi_run2.tar"
"guided_lite_ansi","6.7b","5","guided_lite","2","SortedMapVector","FAILED","?","-",,,,"D:\report\report writing\new_output_compare\guided_lite+ansi\output_6.7b_5_attempts_guided_lite_ansi_run2.tar"
"guided_lite_ansi","6.7b","5","guided_lite","2","StringComparator","SUCCESS","10/16","-","62.5",,,"D:\report\report writing\new_output_compare\guided_lite+ansi\output_6.7b_5_attempts_guided_lite_ansi_run2.tar"
"guided_lite_ansi","6.7b","5","guided_lite","2","StringEncoder64","FAILED","?","-",,,,"D:\report\report writing\new_output_compare\guided_lite+ansi\output_6.7b_5_attempts_guided_lite_ansi_run2.tar"
"guided_lite_ansi","6.7b","5","guided_lite","2","StringLink","FAILED","?","-",,,,"D:\report\report writing\new_output_compare\guided_lite+ansi\output_6.7b_5_attempts_guided_lite_ansi_run2.tar"
"guided_lite_ansi","6.7b","5","guided_lite","2","StringList","FAILED","?","-",,,,"D:\report\report writing\new_output_compare\guided_lite+ansi\output_6.7b_5_attempts_guided_lite_ansi_run2.tar"
"guided_lite_ansi","6.7b","5","guided_lite","2","StringUtils","FAILED","?","-",,,,"D:\report\report writing\new_output_compare\guided_lite+ansi\output_6.7b_5_attempts_guided_lite_ansi_run2.tar"
"guided_lite_ansi","6.7b","5","guided_lite","2","ToStringConverter","SUCCESS","7/7","-","100",,,"D:\report\report writing\new_output_compare\guided_lite+ansi\output_6.7b_5_attempts_guided_lite_ansi_run2.tar"
"guided_lite_ansi","6.7b","5","guided_lite","2","UniqueTimestampGenerator","SUCCESS","17/27","-","62.962962962963",,,"D:\report\report writing\new_output_compare\guided_lite+ansi\output_6.7b_5_attempts_guided_lite_ansi_run2.tar"
"guided_lite_ansi","6.7b","5","guided_lite","2","Util","FAILED","?","-",,,,"D:\report\report writing\new_output_compare\guided_lite+ansi\output_6.7b_5_attempts_guided_lite_ansi_run2.tar"
"guided_lite_ansi","6.7b","5","guided_lite","2","Version","SUCCESS","13/19","-","68.4210526315789",,,"D:\report\report writing\new_output_compare\guided_lite+ansi\output_6.7b_5_attempts_guided_lite_ansi_run2.tar"
"guided_lite_ansi","6.7b","5","guided_lite","3","ArrayUtil","SUCCESS","28/57","-","49.1228070175439",,,"D:\report\report writing\new_output_compare\guided_lite+ansi\output_6.7b_5_attempts_guided_lite_ansi_run3.tar"
"guided_lite_ansi","6.7b","5","guided_lite","3","Axis","SUCCESS","14/40","-","35",,,"D:\report\report writing\new_output_compare\guided_lite+ansi\output_6.7b_5_attempts_guided_lite_ansi_run3.tar"
"guided_lite_ansi","6.7b","5","guided_lite","3","Base32","FAILED","?","-",,,,"D:\report\report writing\new_output_compare\guided_lite+ansi\output_6.7b_5_attempts_guided_lite_ansi_run3.tar"
"guided_lite_ansi","6.7b","5","guided_lite","3","Base64","FAILED","?","-",,,,"D:\report\report writing\new_output_compare\guided_lite+ansi\output_6.7b_5_attempts_guided_lite_ansi_run3.tar"
"guided_lite_ansi","6.7b","5","guided_lite","3","Base64Coder","FAILED","?","-",,,,"D:\report\report writing\new_output_compare\guided_lite+ansi\output_6.7b_5_attempts_guided_lite_ansi_run3.tar"
"guided_lite_ansi","6.7b","5","guided_lite","3","BigDecimalUtil","SUCCESS","4/6","-","66.6666666666667",,,"D:\report\report writing\new_output_compare\guided_lite+ansi\output_6.7b_5_attempts_guided_lite_ansi_run3.tar"
"guided_lite_ansi","6.7b","5","guided_lite","3","BinaryDisplayConverter","FAILED","?","-",,,,"D:\report\report writing\new_output_compare\guided_lite+ansi\output_6.7b_5_attempts_guided_lite_ansi_run3.tar"
"guided_lite_ansi","6.7b","5","guided_lite","3","ByteVector","FAILED","?","-",,,,"D:\report\report writing\new_output_compare\guided_lite+ansi\output_6.7b_5_attempts_guided_lite_ansi_run3.tar"
"guided_lite_ansi","6.7b","5","guided_lite","3","CaselessStringMap","FAILED","?","-",,,,"D:\report\report writing\new_output_compare\guided_lite+ansi\output_6.7b_5_attempts_guided_lite_ansi_run3.tar"
"guided_lite_ansi","6.7b","5","guided_lite","3","CommandLine","FAILED","?","-",,,,"D:\report\report writing\new_output_compare\guided_lite+ansi\output_6.7b_5_attempts_guided_lite_ansi_run3.tar"
"guided_lite_ansi","6.7b","5","guided_lite","3","DateTools","SUCCESS","17/27","-","62.962962962963",,,"D:\report\report writing\new_output_compare\guided_lite+ansi\output_6.7b_5_attempts_guided_lite_ansi_run3.tar"
"guided_lite_ansi","6.7b","5","guided_lite","3","DateUtil","FAILED","?","-",,,,"D:\report\report writing\new_output_compare\guided_lite+ansi\output_6.7b_5_attempts_guided_lite_ansi_run3.tar"
"guided_lite_ansi","6.7b","5","guided_lite","3","DisplayHelper","FAILED","?","-",,,,"D:\report\report writing\new_output_compare\guided_lite+ansi\output_6.7b_5_attempts_guided_lite_ansi_run3.tar"
"guided_lite_ansi","6.7b","5","guided_lite","3","EmailFacadeState","TIMEOUT","?","-",,,,"D:\report\report writing\new_output_compare\guided_lite+ansi\output_6.7b_5_attempts_guided_lite_ansi_run3.tar"
"guided_lite_ansi","6.7b","5","guided_lite","3","FilterMatcher","SUCCESS","15/24","-","62.5",,,"D:\report\report writing\new_output_compare\guided_lite+ansi\output_6.7b_5_attempts_guided_lite_ansi_run3.tar"
"guided_lite_ansi","6.7b","5","guided_lite","3","GridLayout2","SUCCESS","0/103","-","0",,,"D:\report\report writing\new_output_compare\guided_lite+ansi\output_6.7b_5_attempts_guided_lite_ansi_run3.tar"
"guided_lite_ansi","6.7b","5","guided_lite","3","HashCodeUtils","SUCCESS","31/38","-","81.5789473684211",,,"D:\report\report writing\new_output_compare\guided_lite+ansi\output_6.7b_5_attempts_guided_lite_ansi_run3.tar"
"guided_lite_ansi","6.7b","5","guided_lite","3","HtmlEncoder","FAILED","?","-",,,,"D:\report\report writing\new_output_compare\guided_lite+ansi\output_6.7b_5_attempts_guided_lite_ansi_run3.tar"
"guided_lite_ansi","6.7b","5","guided_lite","3","IndexedString","FAILED","?","-",,,,"D:\report\report writing\new_output_compare\guided_lite+ansi\output_6.7b_5_attempts_guided_lite_ansi_run3.tar"
"guided_lite_ansi","6.7b","5","guided_lite","3","Inflection","FAILED","?","-",,,,"D:\report\report writing\new_output_compare\guided_lite+ansi\output_6.7b_5_attempts_guided_lite_ansi_run3.tar"
"guided_lite_ansi","6.7b","5","guided_lite","3","InspirentoUtilities","SUCCESS","15/16","-","93.75",,,"D:\report\report writing\new_output_compare\guided_lite+ansi\output_6.7b_5_attempts_guided_lite_ansi_run3.tar"
"guided_lite_ansi","6.7b","5","guided_lite","3","MapUtil","SUCCESS","15/16","-","93.75",,,"D:\report\report writing\new_output_compare\guided_lite+ansi\output_6.7b_5_attempts_guided_lite_ansi_run3.tar"
"guided_lite_ansi","6.7b","5","guided_lite","3","MathUtil","FAILED","?","-",,,,"D:\report\report writing\new_output_compare\guided_lite+ansi\output_6.7b_5_attempts_guided_lite_ansi_run3.tar"
"guided_lite_ansi","6.7b","5","guided_lite","3","NaturalSort","FAILED","?","-",,,,"D:\report\report writing\new_output_compare\guided_lite+ansi\output_6.7b_5_attempts_guided_lite_ansi_run3.tar"
"guided_lite_ansi","6.7b","5","guided_lite","3","ObjectsUtil","FAILED","?","-",,,,"D:\report\report writing\new_output_compare\guided_lite+ansi\output_6.7b_5_attempts_guided_lite_ansi_run3.tar"
"guided_lite_ansi","6.7b","5","guided_lite","3","Reference","SUCCESS","8/19","12/19","42.1052631578947","63.1578947368421","21.0526315789474","D:\report\report writing\new_output_compare\guided_lite+ansi\output_6.7b_5_attempts_guided_lite_ansi_run3.tar"
"guided_lite_ansi","6.7b","5","guided_lite","3","Region","SUCCESS","11/25","-","44",,,"D:\report\report writing\new_output_compare\guided_lite+ansi\output_6.7b_5_attempts_guided_lite_ansi_run3.tar"
"guided_lite_ansi","6.7b","5","guided_lite","3","SAXPathException","SUCCESS","1/10","-","10",,,"D:\report\report writing\new_output_compare\guided_lite+ansi\output_6.7b_5_attempts_guided_lite_ansi_run3.tar"
"guided_lite_ansi","6.7b","5","guided_lite","3","SimpleCounter","SUCCESS","2/3","-","66.6666666666667",,,"D:\report\report writing\new_output_compare\guided_lite+ansi\output_6.7b_5_attempts_guided_lite_ansi_run3.tar"
"guided_lite_ansi","6.7b","5","guided_lite","3","SortedArrayList","SUCCESS","7/19","-","36.8421052631579",,,"D:\report\report writing\new_output_compare\guided_lite+ansi\output_6.7b_5_attempts_guided_lite_ansi_run3.tar"
"guided_lite_ansi","6.7b","5","guided_lite","3","SortedMapVector","SUCCESS","21/63","-","33.3333333333333",,,"D:\report\report writing\new_output_compare\guided_lite+ansi\output_6.7b_5_attempts_guided_lite_ansi_run3.tar"
"guided_lite_ansi","6.7b","5","guided_lite","3","StringComparator","FAILED","?","-",,,,"D:\report\report writing\new_output_compare\guided_lite+ansi\output_6.7b_5_attempts_guided_lite_ansi_run3.tar"
"guided_lite_ansi","6.7b","5","guided_lite","3","StringEncoder64","FAILED","?","-",,,,"D:\report\report writing\new_output_compare\guided_lite+ansi\output_6.7b_5_attempts_guided_lite_ansi_run3.tar"
"guided_lite_ansi","6.7b","5","guided_lite","3","StringLink","SUCCESS","8/15","-","53.3333333333333",,,"D:\report\report writing\new_output_compare\guided_lite+ansi\output_6.7b_5_attempts_guided_lite_ansi_run3.tar"
"guided_lite_ansi","6.7b","5","guided_lite","3","StringList","SUCCESS","13/13","-","100",,,"D:\report\report writing\new_output_compare\guided_lite+ansi\output_6.7b_5_attempts_guided_lite_ansi_run3.tar"
"guided_lite_ansi","6.7b","5","guided_lite","3","StringUtils","FAILED","?","-",,,,"D:\report\report writing\new_output_compare\guided_lite+ansi\output_6.7b_5_attempts_guided_lite_ansi_run3.tar"
"guided_lite_ansi","6.7b","5","guided_lite","3","ToStringConverter","FAILED","?","-",,,,"D:\report\report writing\new_output_compare\guided_lite+ansi\output_6.7b_5_attempts_guided_lite_ansi_run3.tar"
"guided_lite_ansi","6.7b","5","guided_lite","3","UniqueTimestampGenerator","FAILED","?","-",,,,"D:\report\report writing\new_output_compare\guided_lite+ansi\output_6.7b_5_attempts_guided_lite_ansi_run3.tar"
"guided_lite_ansi","6.7b","5","guided_lite","3","Util","SUCCESS","25/28","-","89.2857142857143",,,"D:\report\report writing\new_output_compare\guided_lite+ansi\output_6.7b_5_attempts_guided_lite_ansi_run3.tar"
"guided_lite_ansi","6.7b","5","guided_lite","3","Version","FAILED","?","-",,,,"D:\report\report writing\new_output_compare\guided_lite+ansi\output_6.7b_5_attempts_guided_lite_ansi_run3.tar"
"guided_lite_ansi","32b","5","guided_lite","1","ArrayUtil","SUCCESS","20/57","20/57","35.0877192982456","35.0877192982456","0","D:\report\report writing\new_output_compare\guided_lite+ansi\32b\output_32b_5_attempts_guided_lite_ansi_run1.tar"
"guided_lite_ansi","32b","5","guided_lite","1","Axis","SUCCESS","16/40","-","40",,,"D:\report\report writing\new_output_compare\guided_lite+ansi\32b\output_32b_5_attempts_guided_lite_ansi_run1.tar"
"guided_lite_ansi","32b","5","guided_lite","1","Base32","SUCCESS","55/72","-","76.3888888888889",,,"D:\report\report writing\new_output_compare\guided_lite+ansi\32b\output_32b_5_attempts_guided_lite_ansi_run1.tar"
"guided_lite_ansi","32b","5","guided_lite","1","Base64","FAILED","?","-",,,,"D:\report\report writing\new_output_compare\guided_lite+ansi\32b\output_32b_5_attempts_guided_lite_ansi_run1.tar"
"guided_lite_ansi","32b","5","guided_lite","1","Base64Coder","SUCCESS","87/94","-","92.5531914893617",,,"D:\report\report writing\new_output_compare\guided_lite+ansi\32b\output_32b_5_attempts_guided_lite_ansi_run1.tar"
"guided_lite_ansi","32b","5","guided_lite","1","BigDecimalUtil","SUCCESS","4/6","-","66.6666666666667",,,"D:\report\report writing\new_output_compare\guided_lite+ansi\32b\output_32b_5_attempts_guided_lite_ansi_run1.tar"
"guided_lite_ansi","32b","5","guided_lite","1","BinaryDisplayConverter","FAILED","?","-",,,,"D:\report\report writing\new_output_compare\guided_lite+ansi\32b\output_32b_5_attempts_guided_lite_ansi_run1.tar"
"guided_lite_ansi","32b","5","guided_lite","1","ByteVector","SUCCESS","16/138","-","11.5942028985507",,,"D:\report\report writing\new_output_compare\guided_lite+ansi\32b\output_32b_5_attempts_guided_lite_ansi_run1.tar"
"guided_lite_ansi","32b","5","guided_lite","1","CaselessStringMap","FAILED","?","-",,,,"D:\report\report writing\new_output_compare\guided_lite+ansi\32b\output_32b_5_attempts_guided_lite_ansi_run1.tar"
"guided_lite_ansi","32b","5","guided_lite","1","CommandLine","SUCCESS","16/32","27/32","50","84.375","34.375","D:\report\report writing\new_output_compare\guided_lite+ansi\32b\output_32b_5_attempts_guided_lite_ansi_run1.tar"
"guided_lite_ansi","32b","5","guided_lite","1","DateTools","SUCCESS","10/27","-","37.037037037037",,,"D:\report\report writing\new_output_compare\guided_lite+ansi\32b\output_32b_5_attempts_guided_lite_ansi_run1.tar"
"guided_lite_ansi","32b","5","guided_lite","1","DateUtil","FAILED","?","-",,,,"D:\report\report writing\new_output_compare\guided_lite+ansi\32b\output_32b_5_attempts_guided_lite_ansi_run1.tar"
"guided_lite_ansi","32b","5","guided_lite","1","DisplayHelper","SUCCESS","8/9","-","88.8888888888889",,,"D:\report\report writing\new_output_compare\guided_lite+ansi\32b\output_32b_5_attempts_guided_lite_ansi_run1.tar"
"guided_lite_ansi","32b","5","guided_lite","1","EmailFacadeState","SUCCESS","9/13","10/13","69.2307692307692","76.9230769230769","7.69230769230771","D:\report\report writing\new_output_compare\guided_lite+ansi\32b\output_32b_5_attempts_guided_lite_ansi_run1.tar"
"guided_lite_ansi","32b","5","guided_lite","1","FilterMatcher","SUCCESS","18/24","20/24","75","83.3333333333333","8.33333333333334","D:\report\report writing\new_output_compare\guided_lite+ansi\32b\output_32b_5_attempts_guided_lite_ansi_run1.tar"
"guided_lite_ansi","32b","5","guided_lite","1","GridLayout2","FAILED","?","-",,,,"D:\report\report writing\new_output_compare\guided_lite+ansi\32b\output_32b_5_attempts_guided_lite_ansi_run1.tar"
"guided_lite_ansi","32b","5","guided_lite","1","HashCodeUtils","SUCCESS","33/38","35/38","86.8421052631579","92.1052631578947","5.26315789473684","D:\report\report writing\new_output_compare\guided_lite+ansi\32b\output_32b_5_attempts_guided_lite_ansi_run1.tar"
"guided_lite_ansi","32b","5","guided_lite","1","HtmlEncoder","FAILED","?","-",,,,"D:\report\report writing\new_output_compare\guided_lite+ansi\32b\output_32b_5_attempts_guided_lite_ansi_run1.tar"
"guided_lite_ansi","32b","5","guided_lite","1","IndexedString","SUCCESS","25/28","27/28","89.2857142857143","96.4285714285714","7.14285714285714","D:\report\report writing\new_output_compare\guided_lite+ansi\32b\output_32b_5_attempts_guided_lite_ansi_run1.tar"
"guided_lite_ansi","32b","5","guided_lite","1","Inflection","SUCCESS","12/20","18/20","60","90","30","D:\report\report writing\new_output_compare\guided_lite+ansi\32b\output_32b_5_attempts_guided_lite_ansi_run1.tar"
"guided_lite_ansi","32b","5","guided_lite","1","InspirentoUtilities","FAILED","?","-",,,,"D:\report\report writing\new_output_compare\guided_lite+ansi\32b\output_32b_5_attempts_guided_lite_ansi_run1.tar"
"guided_lite_ansi","32b","5","guided_lite","1","MapUtil","SUCCESS","16/16","-","100",,,"D:\report\report writing\new_output_compare\guided_lite+ansi\32b\output_32b_5_attempts_guided_lite_ansi_run1.tar"
"guided_lite_ansi","32b","5","guided_lite","1","MathUtil","SUCCESS","15/44","20/44","34.0909090909091","45.4545454545455","11.3636363636364","D:\report\report writing\new_output_compare\guided_lite+ansi\32b\output_32b_5_attempts_guided_lite_ansi_run1.tar"
"guided_lite_ansi","32b","5","guided_lite","1","NaturalSort","SUCCESS","36/66","44/66","54.5454545454545","66.6666666666667","12.1212121212121","D:\report\report writing\new_output_compare\guided_lite+ansi\32b\output_32b_5_attempts_guided_lite_ansi_run1.tar"
"guided_lite_ansi","32b","5","guided_lite","1","ObjectsUtil","SUCCESS","7/14","12/14","50","85.7142857142857","35.7142857142857","D:\report\report writing\new_output_compare\guided_lite+ansi\32b\output_32b_5_attempts_guided_lite_ansi_run1.tar"
"guided_lite_ansi","32b","5","guided_lite","1","Reference","SUCCESS","8/19","13/19","42.1052631578947","68.4210526315789","26.3157894736842","D:\report\report writing\new_output_compare\guided_lite+ansi\32b\output_32b_5_attempts_guided_lite_ansi_run1.tar"
"guided_lite_ansi","32b","5","guided_lite","1","Region","SUCCESS","13/25","20/25","52","80","28","D:\report\report writing\new_output_compare\guided_lite+ansi\32b\output_32b_5_attempts_guided_lite_ansi_run1.tar"
"guided_lite_ansi","32b","5","guided_lite","1","SAXPathException","SUCCESS","1/10","-","10",,,"D:\report\report writing\new_output_compare\guided_lite+ansi\32b\output_32b_5_attempts_guided_lite_ansi_run1.tar"
"guided_lite_ansi","32b","5","guided_lite","1","SimpleCounter","SUCCESS","3/3","-","100",,,"D:\report\report writing\new_output_compare\guided_lite+ansi\32b\output_32b_5_attempts_guided_lite_ansi_run1.tar"
"guided_lite_ansi","32b","5","guided_lite","1","SortedArrayList","SUCCESS","15/19","-","78.9473684210526",,,"D:\report\report writing\new_output_compare\guided_lite+ansi\32b\output_32b_5_attempts_guided_lite_ansi_run1.tar"
"guided_lite_ansi","32b","5","guided_lite","1","SortedMapVector","FAILED","?","-",,,,"D:\report\report writing\new_output_compare\guided_lite+ansi\32b\output_32b_5_attempts_guided_lite_ansi_run1.tar"
"guided_lite_ansi","32b","5","guided_lite","1","StringComparator","SUCCESS","12/16","15/16","75","93.75","18.75","D:\report\report writing\new_output_compare\guided_lite+ansi\32b\output_32b_5_attempts_guided_lite_ansi_run1.tar"
"guided_lite_ansi","32b","5","guided_lite","1","StringEncoder64","FAILED","?","-",,,,"D:\report\report writing\new_output_compare\guided_lite+ansi\32b\output_32b_5_attempts_guided_lite_ansi_run1.tar"
"guided_lite_ansi","32b","5","guided_lite","1","StringLink","SUCCESS","8/15","-","53.3333333333333",,,"D:\report\report writing\new_output_compare\guided_lite+ansi\32b\output_32b_5_attempts_guided_lite_ansi_run1.tar"
"guided_lite_ansi","32b","5","guided_lite","1","StringList","SUCCESS","3/13","13/13","23.0769230769231","100","76.9230769230769","D:\report\report writing\new_output_compare\guided_lite+ansi\32b\output_32b_5_attempts_guided_lite_ansi_run1.tar"
"guided_lite_ansi","32b","5","guided_lite","1","StringUtils","FAILED","?","-",,,,"D:\report\report writing\new_output_compare\guided_lite+ansi\32b\output_32b_5_attempts_guided_lite_ansi_run1.tar"
"guided_lite_ansi","32b","5","guided_lite","1","ToStringConverter","SUCCESS","7/7","-","100",,,"D:\report\report writing\new_output_compare\guided_lite+ansi\32b\output_32b_5_attempts_guided_lite_ansi_run1.tar"
"guided_lite_ansi","32b","5","guided_lite","1","UniqueTimestampGenerator","SUCCESS","7/27","-","25.9259259259259",,,"D:\report\report writing\new_output_compare\guided_lite+ansi\32b\output_32b_5_attempts_guided_lite_ansi_run1.tar"
"guided_lite_ansi","32b","5","guided_lite","1","Util","SUCCESS","22/28","-","78.5714285714286",,,"D:\report\report writing\new_output_compare\guided_lite+ansi\32b\output_32b_5_attempts_guided_lite_ansi_run1.tar"
"guided_lite_ansi","32b","5","guided_lite","1","Version","SUCCESS","12/19","15/19","63.1578947368421","78.9473684210526","15.7894736842105","D:\report\report writing\new_output_compare\guided_lite+ansi\32b\output_32b_5_attempts_guided_lite_ansi_run1.tar"
"original","32b","15","baseline","1","ArrayUtil","SUCCESS","35/57","40/57","61.4035087719298","70.1754385964912","8.77192982456139","D:\report\report writing\new_output_compare\Original\32b\output_32b_15 attempts_baseline_run 1"
"original","32b","15","baseline","1","Axis","SUCCESS","17/40","-","42.5",,,"D:\report\report writing\new_output_compare\Original\32b\output_32b_15 attempts_baseline_run 1"
"original","32b","15","baseline","1","Base32","FAILED","?","-",,,,"D:\report\report writing\new_output_compare\Original\32b\output_32b_15 attempts_baseline_run 1"
"original","32b","15","baseline","1","Base64","FAILED","?","-",,,,"D:\report\report writing\new_output_compare\Original\32b\output_32b_15 attempts_baseline_run 1"
"original","32b","15","baseline","1","Base64Coder","FAILED","?","-",,,,"D:\report\report writing\new_output_compare\Original\32b\output_32b_15 attempts_baseline_run 1"
"original","32b","15","baseline","1","BigDecimalUtil","FAILED","?","-",,,,"D:\report\report writing\new_output_compare\Original\32b\output_32b_15 attempts_baseline_run 1"
"original","32b","15","baseline","1","BinaryDisplayConverter","FAILED","?","-",,,,"D:\report\report writing\new_output_compare\Original\32b\output_32b_15 attempts_baseline_run 1"
"original","32b","15","baseline","1","ByteVector","SUCCESS","27/138","-","19.5652173913043",,,"D:\report\report writing\new_output_compare\Original\32b\output_32b_15 attempts_baseline_run 1"
"original","32b","15","baseline","1","CaselessStringMap","FAILED","?","-",,,,"D:\report\report writing\new_output_compare\Original\32b\output_32b_15 attempts_baseline_run 1"
"original","32b","15","baseline","1","CommandLine","SUCCESS","18/32","-","56.25",,,"D:\report\report writing\new_output_compare\Original\32b\output_32b_15 attempts_baseline_run 1"
"original","32b","15","baseline","1","DateTools","FAILED","?","-",,,,"D:\report\report writing\new_output_compare\Original\32b\output_32b_15 attempts_baseline_run 1"
"original","32b","15","baseline","1","DateUtil","FAILED","?","-",,,,"D:\report\report writing\new_output_compare\Original\32b\output_32b_15 attempts_baseline_run 1"
"original","32b","15","baseline","1","DisplayHelper","SUCCESS","8/9","-","88.8888888888889",,,"D:\report\report writing\new_output_compare\Original\32b\output_32b_15 attempts_baseline_run 1"
"original","32b","15","baseline","1","EmailFacadeState","FAILED","?","-",,,,"D:\report\report writing\new_output_compare\Original\32b\output_32b_15 attempts_baseline_run 1"
"original","32b","15","baseline","1","FilterMatcher","SUCCESS","19/24","-","79.1666666666667",,,"D:\report\report writing\new_output_compare\Original\32b\output_32b_15 attempts_baseline_run 1"
"original","32b","15","baseline","1","GridLayout2","FAILED","?","-",,,,"D:\report\report writing\new_output_compare\Original\32b\output_32b_15 attempts_baseline_run 1"
"original","32b","15","baseline","1","HashCodeUtils","SUCCESS","27/38","-","71.0526315789474",,,"D:\report\report writing\new_output_compare\Original\32b\output_32b_15 attempts_baseline_run 1"
"original","32b","15","baseline","1","HtmlEncoder","FAILED","?","-",,,,"D:\report\report writing\new_output_compare\Original\32b\output_32b_15 attempts_baseline_run 1"
"original","32b","15","baseline","1","IndexedString","FAILED","?","-",,,,"D:\report\report writing\new_output_compare\Original\32b\output_32b_15 attempts_baseline_run 1"
"original","32b","15","baseline","1","Inflection","SUCCESS","14/20","-","70",,,"D:\report\report writing\new_output_compare\Original\32b\output_32b_15 attempts_baseline_run 1"
"original","32b","15","baseline","1","InspirentoUtilities","SUCCESS","15/16","-","93.75",,,"D:\report\report writing\new_output_compare\Original\32b\output_32b_15 attempts_baseline_run 1"
"original","32b","15","baseline","1","MapUtil","FAILED","?","-",,,,"D:\report\report writing\new_output_compare\Original\32b\output_32b_15 attempts_baseline_run 1"
"original","32b","15","baseline","1","MathUtil","FAILED","?","-",,,,"D:\report\report writing\new_output_compare\Original\32b\output_32b_15 attempts_baseline_run 1"
"original","32b","15","baseline","1","NaturalSort","FAILED","?","-",,,,"D:\report\report writing\new_output_compare\Original\32b\output_32b_15 attempts_baseline_run 1"
"original","32b","15","baseline","1","ObjectsUtil","FAILED","?","-",,,,"D:\report\report writing\new_output_compare\Original\32b\output_32b_15 attempts_baseline_run 1"
"original","32b","15","baseline","1","Reference","SUCCESS","11/19","-","57.8947368421053",,,"D:\report\report writing\new_output_compare\Original\32b\output_32b_15 attempts_baseline_run 1"
"original","32b","15","baseline","1","Region","SUCCESS","3/25","-","12",,,"D:\report\report writing\new_output_compare\Original\32b\output_32b_15 attempts_baseline_run 1"
"original","32b","15","baseline","1","SAXPathException","SUCCESS","1/10","-","10",,,"D:\report\report writing\new_output_compare\Original\32b\output_32b_15 attempts_baseline_run 1"
"original","32b","15","baseline","1","SimpleCounter","SUCCESS","3/3","-","100",,,"D:\report\report writing\new_output_compare\Original\32b\output_32b_15 attempts_baseline_run 1"
"original","32b","15","baseline","1","SortedArrayList","FAILED","?","-",,,,"D:\report\report writing\new_output_compare\Original\32b\output_32b_15 attempts_baseline_run 1"
"original","32b","15","baseline","1","SortedMapVector","SUCCESS","29/63","-","46.031746031746",,,"D:\report\report writing\new_output_compare\Original\32b\output_32b_15 attempts_baseline_run 1"
"original","32b","15","baseline","1","StringComparator","SUCCESS","14/16","-","87.5",,,"D:\report\report writing\new_output_compare\Original\32b\output_32b_15 attempts_baseline_run 1"
"original","32b","15","baseline","1","StringEncoder64","FAILED","?","-",,,,"D:\report\report writing\new_output_compare\Original\32b\output_32b_15 attempts_baseline_run 1"
"original","32b","15","baseline","1","StringLink","SUCCESS","8/15","-","53.3333333333333",,,"D:\report\report writing\new_output_compare\Original\32b\output_32b_15 attempts_baseline_run 1"
"original","32b","15","baseline","1","StringList","SUCCESS","7/13","9/13","53.8461538461538","69.2307692307692","15.3846153846154","D:\report\report writing\new_output_compare\Original\32b\output_32b_15 attempts_baseline_run 1"
"original","32b","15","baseline","1","StringUtils","FAILED","?","-",,,,"D:\report\report writing\new_output_compare\Original\32b\output_32b_15 attempts_baseline_run 1"
"original","32b","15","baseline","1","ToStringConverter","FAILED","?","-",,,,"D:\report\report writing\new_output_compare\Original\32b\output_32b_15 attempts_baseline_run 1"
"original","32b","15","baseline","1","UniqueTimestampGenerator","FAILED","?","-",,,,"D:\report\report writing\new_output_compare\Original\32b\output_32b_15 attempts_baseline_run 1"
"original","32b","15","baseline","1","Util","SUCCESS","13/28","27/28","46.4285714285714","96.4285714285714","50","D:\report\report writing\new_output_compare\Original\32b\output_32b_15 attempts_baseline_run 1"
"original","32b","15","baseline","1","Version","SUCCESS","9/19","-","47.3684210526316",,,"D:\report\report writing\new_output_compare\Original\32b\output_32b_15 attempts_baseline_run 1"
"original","32b","15","baseline","2","ArrayUtil","SUCCESS","19/57","-","33.3333333333333",,,"D:\report\report writing\new_output_compare\Original\32b\output_32b_15 attempts_baseline_run 2"
"original","32b","15","baseline","2","Axis","SUCCESS","18/40","-","45",,,"D:\report\report writing\new_output_compare\Original\32b\output_32b_15 attempts_baseline_run 2"
"original","32b","15","baseline","2","Base32","FAILED","?","-",,,,"D:\report\report writing\new_output_compare\Original\32b\output_32b_15 attempts_baseline_run 2"
"original","32b","15","baseline","2","Base64","FAILED","?","-",,,,"D:\report\report writing\new_output_compare\Original\32b\output_32b_15 attempts_baseline_run 2"
"original","32b","15","baseline","2","Base64Coder","FAILED","?","-",,,,"D:\report\report writing\new_output_compare\Original\32b\output_32b_15 attempts_baseline_run 2"
"original","32b","15","baseline","2","BigDecimalUtil","SUCCESS","4/6","-","66.6666666666667",,,"D:\report\report writing\new_output_compare\Original\32b\output_32b_15 attempts_baseline_run 2"
"original","32b","15","baseline","2","BinaryDisplayConverter","FAILED","?","-",,,,"D:\report\report writing\new_output_compare\Original\32b\output_32b_15 attempts_baseline_run 2"
"original","32b","15","baseline","2","ByteVector","SUCCESS","31/138","47/138","22.463768115942","34.0579710144928","11.5942028985507","D:\report\report writing\new_output_compare\Original\32b\output_32b_15 attempts_baseline_run 2"
"original","32b","15","baseline","2","CaselessStringMap","FAILED","?","-",,,,"D:\report\report writing\new_output_compare\Original\32b\output_32b_15 attempts_baseline_run 2"
"original","32b","15","baseline","2","CommandLine","FAILED","?","-",,,,"D:\report\report writing\new_output_compare\Original\32b\output_32b_15 attempts_baseline_run 2"
"original","32b","15","baseline","2","DateTools","FAILED","?","-",,,,"D:\report\report writing\new_output_compare\Original\32b\output_32b_15 attempts_baseline_run 2"
"original","32b","15","baseline","2","DateUtil","FAILED","?","-",,,,"D:\report\report writing\new_output_compare\Original\32b\output_32b_15 attempts_baseline_run 2"
"original","32b","15","baseline","2","DisplayHelper","SUCCESS","9/9","-","100",,,"D:\report\report writing\new_output_compare\Original\32b\output_32b_15 attempts_baseline_run 2"
"original","32b","15","baseline","2","EmailFacadeState","SUCCESS","10/13","-","76.9230769230769",,,"D:\report\report writing\new_output_compare\Original\32b\output_32b_15 attempts_baseline_run 2"
"original","32b","15","baseline","2","FilterMatcher","SUCCESS","17/24","-","70.8333333333333",,,"D:\report\report writing\new_output_compare\Original\32b\output_32b_15 attempts_baseline_run 2"
"original","32b","15","baseline","2","GridLayout2","SUCCESS","20/103","-","19.4174757281553",,,"D:\report\report writing\new_output_compare\Original\32b\output_32b_15 attempts_baseline_run 2"
"original","32b","15","baseline","2","HashCodeUtils","SUCCESS","31/38","-","81.5789473684211",,,"D:\report\report writing\new_output_compare\Original\32b\output_32b_15 attempts_baseline_run 2"
"original","32b","15","baseline","2","HtmlEncoder","FAILED","?","-",,,,"D:\report\report writing\new_output_compare\Original\32b\output_32b_15 attempts_baseline_run 2"
"original","32b","15","baseline","2","IndexedString","FAILED","?","-",,,,"D:\report\report writing\new_output_compare\Original\32b\output_32b_15 attempts_baseline_run 2"
"original","32b","15","baseline","2","Inflection","SUCCESS","12/20","-","60",,,"D:\report\report writing\new_output_compare\Original\32b\output_32b_15 attempts_baseline_run 2"
"original","32b","15","baseline","2","InspirentoUtilities","FAILED","?","-",,,,"D:\report\report writing\new_output_compare\Original\32b\output_32b_15 attempts_baseline_run 2"
"original","32b","15","baseline","2","MapUtil","SUCCESS","16/16","-","100",,,"D:\report\report writing\new_output_compare\Original\32b\output_32b_15 attempts_baseline_run 2"
"original","32b","15","baseline","2","MathUtil","FAILED","?","-",,,,"D:\report\report writing\new_output_compare\Original\32b\output_32b_15 attempts_baseline_run 2"
"original","32b","15","baseline","2","NaturalSort","FAILED","?","-",,,,"D:\report\report writing\new_output_compare\Original\32b\output_32b_15 attempts_baseline_run 2"
"original","32b","15","baseline","2","ObjectsUtil","SUCCESS","6/14","-","42.8571428571429",,,"D:\report\report writing\new_output_compare\Original\32b\output_32b_15 attempts_baseline_run 2"
"original","32b","15","baseline","2","Reference","SUCCESS","10/19","-","52.6315789473684",,,"D:\report\report writing\new_output_compare\Original\32b\output_32b_15 attempts_baseline_run 2"
"original","32b","15","baseline","2","Region","SUCCESS","6/25","18/25","24","72","48","D:\report\report writing\new_output_compare\Original\32b\output_32b_15 attempts_baseline_run 2"
"original","32b","15","baseline","2","SAXPathException","SUCCESS","1/10","-","10",,,"D:\report\report writing\new_output_compare\Original\32b\output_32b_15 attempts_baseline_run 2"
"original","32b","15","baseline","2","SimpleCounter","SUCCESS","3/3","-","100",,,"D:\report\report writing\new_output_compare\Original\32b\output_32b_15 attempts_baseline_run 2"
"original","32b","15","baseline","2","SortedArrayList","SUCCESS","13/19","-","68.4210526315789",,,"D:\report\report writing\new_output_compare\Original\32b\output_32b_15 attempts_baseline_run 2"
"original","32b","15","baseline","2","SortedMapVector","SUCCESS","21/63","-","33.3333333333333",,,"D:\report\report writing\new_output_compare\Original\32b\output_32b_15 attempts_baseline_run 2"
"original","32b","15","baseline","2","StringComparator","SUCCESS","14/16","-","87.5",,,"D:\report\report writing\new_output_compare\Original\32b\output_32b_15 attempts_baseline_run 2"
"original","32b","15","baseline","2","StringEncoder64","FAILED","?","-",,,,"D:\report\report writing\new_output_compare\Original\32b\output_32b_15 attempts_baseline_run 2"
"original","32b","15","baseline","2","StringLink","FAILED","?","-",,,,"D:\report\report writing\new_output_compare\Original\32b\output_32b_15 attempts_baseline_run 2"
"original","32b","15","baseline","2","StringList","SUCCESS","8/13","10/13","61.5384615384615","76.9230769230769","15.3846153846154","D:\report\report writing\new_output_compare\Original\32b\output_32b_15 attempts_baseline_run 2"
"original","32b","15","baseline","2","StringUtils","FAILED","?","-",,,,"D:\report\report writing\new_output_compare\Original\32b\output_32b_15 attempts_baseline_run 2"
"original","32b","15","baseline","2","ToStringConverter","FAILED","?","-",,,,"D:\report\report writing\new_output_compare\Original\32b\output_32b_15 attempts_baseline_run 2"
"original","32b","15","baseline","2","UniqueTimestampGenerator","FAILED","?","-",,,,"D:\report\report writing\new_output_compare\Original\32b\output_32b_15 attempts_baseline_run 2"
"original","32b","15","baseline","2","Util","SUCCESS","8/28","-","28.5714285714286",,,"D:\report\report writing\new_output_compare\Original\32b\output_32b_15 attempts_baseline_run 2"
"original","32b","15","baseline","2","Version","SUCCESS","12/19","17/19","63.1578947368421","89.4736842105263","26.3157894736842","D:\report\report writing\new_output_compare\Original\32b\output_32b_15 attempts_baseline_run 2"
"original","32b","15","baseline","3","ArrayUtil","FAILED","?","-",,,,"D:\report\report writing\new_output_compare\Original\32b\output_32b_15 attempts_baseline_run 3"
"original","32b","15","baseline","3","Axis","SUCCESS","17/40","-","42.5",,,"D:\report\report writing\new_output_compare\Original\32b\output_32b_15 attempts_baseline_run 3"
"original","32b","15","baseline","3","Base32","SUCCESS","58/72","-","80.5555555555556",,,"D:\report\report writing\new_output_compare\Original\32b\output_32b_15 attempts_baseline_run 3"
"original","32b","15","baseline","3","Base64","FAILED","?","-",,,,"D:\report\report writing\new_output_compare\Original\32b\output_32b_15 attempts_baseline_run 3"
"original","32b","15","baseline","3","Base64Coder","FAILED","?","-",,,,"D:\report\report writing\new_output_compare\Original\32b\output_32b_15 attempts_baseline_run 3"
"original","32b","15","baseline","3","BigDecimalUtil","FAILED","?","-",,,,"D:\report\report writing\new_output_compare\Original\32b\output_32b_15 attempts_baseline_run 3"
"original","32b","15","baseline","3","BinaryDisplayConverter","FAILED","?","-",,,,"D:\report\report writing\new_output_compare\Original\32b\output_32b_15 attempts_baseline_run 3"
"original","32b","15","baseline","3","ByteVector","SUCCESS","31/138","-","22.463768115942",,,"D:\report\report writing\new_output_compare\Original\32b\output_32b_15 attempts_baseline_run 3"
"original","32b","15","baseline","3","CaselessStringMap","FAILED","?","-",,,,"D:\report\report writing\new_output_compare\Original\32b\output_32b_15 attempts_baseline_run 3"
"original","32b","15","baseline","3","CommandLine","SUCCESS","18/32","-","56.25",,,"D:\report\report writing\new_output_compare\Original\32b\output_32b_15 attempts_baseline_run 3"
"original","32b","15","baseline","3","DateTools","FAILED","?","-",,,,"D:\report\report writing\new_output_compare\Original\32b\output_32b_15 attempts_baseline_run 3"
"original","32b","15","baseline","3","DateUtil","SUCCESS","18/28","-","64.2857142857143",,,"D:\report\report writing\new_output_compare\Original\32b\output_32b_15 attempts_baseline_run 3"
"original","32b","15","baseline","3","DisplayHelper","FAILED","?","-",,,,"D:\report\report writing\new_output_compare\Original\32b\output_32b_15 attempts_baseline_run 3"
"original","32b","15","baseline","3","EmailFacadeState","SUCCESS","10/13","-","76.9230769230769",,,"D:\report\report writing\new_output_compare\Original\32b\output_32b_15 attempts_baseline_run 3"
"original","32b","15","baseline","3","FilterMatcher","SUCCESS","20/24","-","83.3333333333333",,,"D:\report\report writing\new_output_compare\Original\32b\output_32b_15 attempts_baseline_run 3"
"original","32b","15","baseline","3","GridLayout2","FAILED","?","-",,,,"D:\report\report writing\new_output_compare\Original\32b\output_32b_15 attempts_baseline_run 3"
"original","32b","15","baseline","3","HashCodeUtils","SUCCESS","27/38","-","71.0526315789474",,,"D:\report\report writing\new_output_compare\Original\32b\output_32b_15 attempts_baseline_run 3"
"original","32b","15","baseline","3","HtmlEncoder","FAILED","?","-",,,,"D:\report\report writing\new_output_compare\Original\32b\output_32b_15 attempts_baseline_run 3"
"original","32b","15","baseline","3","IndexedString","FAILED","?","-",,,,"D:\report\report writing\new_output_compare\Original\32b\output_32b_15 attempts_baseline_run 3"
"original","32b","15","baseline","3","Inflection","SUCCESS","13/20","-","65",,,"D:\report\report writing\new_output_compare\Original\32b\output_32b_15 attempts_baseline_run 3"
"original","32b","15","baseline","3","InspirentoUtilities","FAILED","?","-",,,,"D:\report\report writing\new_output_compare\Original\32b\output_32b_15 attempts_baseline_run 3"
"original","32b","15","baseline","3","MapUtil","SUCCESS","16/16","-","100",,,"D:\report\report writing\new_output_compare\Original\32b\output_32b_15 attempts_baseline_run 3"
"original","32b","15","baseline","3","MathUtil","FAILED","?","-",,,,"D:\report\report writing\new_output_compare\Original\32b\output_32b_15 attempts_baseline_run 3"
"original","32b","15","baseline","3","NaturalSort","FAILED","?","-",,,,"D:\report\report writing\new_output_compare\Original\32b\output_32b_15 attempts_baseline_run 3"
"original","32b","15","baseline","3","ObjectsUtil","FAILED","?","-",,,,"D:\report\report writing\new_output_compare\Original\32b\output_32b_15 attempts_baseline_run 3"
"original","32b","15","baseline","3","Reference","SUCCESS","10/19","-","52.6315789473684",,,"D:\report\report writing\new_output_compare\Original\32b\output_32b_15 attempts_baseline_run 3"
"original","32b","15","baseline","3","Region","SUCCESS","7/25","-","28",,,"D:\report\report writing\new_output_compare\Original\32b\output_32b_15 attempts_baseline_run 3"
"original","32b","15","baseline","3","SAXPathException","SUCCESS","1/10","-","10",,,"D:\report\report writing\new_output_compare\Original\32b\output_32b_15 attempts_baseline_run 3"
"original","32b","15","baseline","3","SimpleCounter","SUCCESS","3/3","-","100",,,"D:\report\report writing\new_output_compare\Original\32b\output_32b_15 attempts_baseline_run 3"
"original","32b","15","baseline","3","SortedArrayList","FAILED","?","-",,,,"D:\report\report writing\new_output_compare\Original\32b\output_32b_15 attempts_baseline_run 3"
"original","32b","15","baseline","3","SortedMapVector","FAILED","?","-",,,,"D:\report\report writing\new_output_compare\Original\32b\output_32b_15 attempts_baseline_run 3"
"original","32b","15","baseline","3","StringComparator","FAILED","?","-",,,,"D:\report\report writing\new_output_compare\Original\32b\output_32b_15 attempts_baseline_run 3"
"original","32b","15","baseline","3","StringEncoder64","FAILED","?","-",,,,"D:\report\report writing\new_output_compare\Original\32b\output_32b_15 attempts_baseline_run 3"
"original","32b","15","baseline","3","StringLink","FAILED","?","-",,,,"D:\report\report writing\new_output_compare\Original\32b\output_32b_15 attempts_baseline_run 3"
"original","32b","15","baseline","3","StringList","SUCCESS","7/13","9/13","53.8461538461538","69.2307692307692","15.3846153846154","D:\report\report writing\new_output_compare\Original\32b\output_32b_15 attempts_baseline_run 3"
"original","32b","15","baseline","3","StringUtils","FAILED","?","-",,,,"D:\report\report writing\new_output_compare\Original\32b\output_32b_15 attempts_baseline_run 3"
"original","32b","15","baseline","3","ToStringConverter","FAILED","?","-",,,,"D:\report\report writing\new_output_compare\Original\32b\output_32b_15 attempts_baseline_run 3"
"original","32b","15","baseline","3","UniqueTimestampGenerator","FAILED","?","-",,,,"D:\report\report writing\new_output_compare\Original\32b\output_32b_15 attempts_baseline_run 3"
"original","32b","15","baseline","3","Util","SUCCESS","16/28","-","57.1428571428571",,,"D:\report\report writing\new_output_compare\Original\32b\output_32b_15 attempts_baseline_run 3"
"original","32b","15","baseline","3","Version","SUCCESS","12/19","16/19","63.1578947368421","84.2105263157895","21.0526315789474","D:\report\report writing\new_output_compare\Original\32b\output_32b_15 attempts_baseline_run 3"
"original","32b","15","detailed","1","ArrayUtil","SUCCESS","20/57","-","35.0877192982456",,,"D:\report\report writing\new_output_compare\Original\32b\output_32b_15 attempts_detailed_run 1"
"original","32b","15","detailed","1","Axis","SUCCESS","16/40","-","40",,,"D:\report\report writing\new_output_compare\Original\32b\output_32b_15 attempts_detailed_run 1"
"original","32b","15","detailed","1","Base32","FAILED","?","-",,,,"D:\report\report writing\new_output_compare\Original\32b\output_32b_15 attempts_detailed_run 1"
"original","32b","15","detailed","1","Base64","FAILED","?","-",,,,"D:\report\report writing\new_output_compare\Original\32b\output_32b_15 attempts_detailed_run 1"
"original","32b","15","detailed","1","Base64Coder","FAILED","?","-",,,,"D:\report\report writing\new_output_compare\Original\32b\output_32b_15 attempts_detailed_run 1"
"original","32b","15","detailed","1","BigDecimalUtil","FAILED","?","-",,,,"D:\report\report writing\new_output_compare\Original\32b\output_32b_15 attempts_detailed_run 1"
"original","32b","15","detailed","1","BinaryDisplayConverter","FAILED","?","-",,,,"D:\report\report writing\new_output_compare\Original\32b\output_32b_15 attempts_detailed_run 1"
"original","32b","15","detailed","1","ByteVector","SUCCESS","26/138","-","18.8405797101449",,,"D:\report\report writing\new_output_compare\Original\32b\output_32b_15 attempts_detailed_run 1"
"original","32b","15","detailed","1","CaselessStringMap","FAILED","?","-",,,,"D:\report\report writing\new_output_compare\Original\32b\output_32b_15 attempts_detailed_run 1"
"original","32b","15","detailed","1","CommandLine","SUCCESS","12/32","20/32","37.5","62.5","25","D:\report\report writing\new_output_compare\Original\32b\output_32b_15 attempts_detailed_run 1"
"original","32b","15","detailed","1","DateTools","FAILED","?","-",,,,"D:\report\report writing\new_output_compare\Original\32b\output_32b_15 attempts_detailed_run 1"
"original","32b","15","detailed","1","DateUtil","FAILED","?","-",,,,"D:\report\report writing\new_output_compare\Original\32b\output_32b_15 attempts_detailed_run 1"
"original","32b","15","detailed","1","DisplayHelper","FAILED","?","-",,,,"D:\report\report writing\new_output_compare\Original\32b\output_32b_15 attempts_detailed_run 1"
"original","32b","15","detailed","1","EmailFacadeState","FAILED","?","-",,,,"D:\report\report writing\new_output_compare\Original\32b\output_32b_15 attempts_detailed_run 1"
"original","32b","15","detailed","1","FilterMatcher","SUCCESS","16/24","21/24","66.6666666666667","87.5","20.8333333333333","D:\report\report writing\new_output_compare\Original\32b\output_32b_15 attempts_detailed_run 1"
"original","32b","15","detailed","1","GridLayout2","SUCCESS","0/103","-","0",,,"D:\report\report writing\new_output_compare\Original\32b\output_32b_15 attempts_detailed_run 1"
"original","32b","15","detailed","1","HashCodeUtils","SUCCESS","27/38","-","71.0526315789474",,,"D:\report\report writing\new_output_compare\Original\32b\output_32b_15 attempts_detailed_run 1"
"original","32b","15","detailed","1","HtmlEncoder","FAILED","?","-",,,,"D:\report\report writing\new_output_compare\Original\32b\output_32b_15 attempts_detailed_run 1"
"original","32b","15","detailed","1","IndexedString","SUCCESS","24/28","28/28","85.7142857142857","100","14.2857142857143","D:\report\report writing\new_output_compare\Original\32b\output_32b_15 attempts_detailed_run 1"
"original","32b","15","detailed","1","Inflection","SUCCESS","12/20","-","60",,,"D:\report\report writing\new_output_compare\Original\32b\output_32b_15 attempts_detailed_run 1"
"original","32b","15","detailed","1","InspirentoUtilities","FAILED","?","-",,,,"D:\report\report writing\new_output_compare\Original\32b\output_32b_15 attempts_detailed_run 1"
"original","32b","15","detailed","1","MapUtil","SUCCESS","16/16","-","100",,,"D:\report\report writing\new_output_compare\Original\32b\output_32b_15 attempts_detailed_run 1"
"original","32b","15","detailed","1","MathUtil","FAILED","?","-",,,,"D:\report\report writing\new_output_compare\Original\32b\output_32b_15 attempts_detailed_run 1"
"original","32b","15","detailed","1","NaturalSort","FAILED","?","-",,,,"D:\report\report writing\new_output_compare\Original\32b\output_32b_15 attempts_detailed_run 1"
"original","32b","15","detailed","1","ObjectsUtil","SUCCESS","7/14","14/14","50","100","50","D:\report\report writing\new_output_compare\Original\32b\output_32b_15 attempts_detailed_run 1"
"original","32b","15","detailed","1","Reference","SUCCESS","10/19","-","52.6315789473684",,,"D:\report\report writing\new_output_compare\Original\32b\output_32b_15 attempts_detailed_run 1"
"original","32b","15","detailed","1","Region","SUCCESS","12/25","18/25","48","72","24","D:\report\report writing\new_output_compare\Original\32b\output_32b_15 attempts_detailed_run 1"
"original","32b","15","detailed","1","SAXPathException","SUCCESS","1/10","-","10",,,"D:\report\report writing\new_output_compare\Original\32b\output_32b_15 attempts_detailed_run 1"
"original","32b","15","detailed","1","SimpleCounter","SUCCESS","3/3","-","100",,,"D:\report\report writing\new_output_compare\Original\32b\output_32b_15 attempts_detailed_run 1"
"original","32b","15","detailed","1","SortedArrayList","FAILED","?","-",,,,"D:\report\report writing\new_output_compare\Original\32b\output_32b_15 attempts_detailed_run 1"
"original","32b","15","detailed","1","SortedMapVector","FAILED","?","-",,,,"D:\report\report writing\new_output_compare\Original\32b\output_32b_15 attempts_detailed_run 1"
"original","32b","15","detailed","1","StringComparator","SUCCESS","12/16","15/16","75","93.75","18.75","D:\report\report writing\new_output_compare\Original\32b\output_32b_15 attempts_detailed_run 1"
"original","32b","15","detailed","1","StringEncoder64","SUCCESS","90/177","-","50.8474576271186",,,"D:\report\report writing\new_output_compare\Original\32b\output_32b_15 attempts_detailed_run 1"
"original","32b","15","detailed","1","StringLink","SUCCESS","4/15","-","26.6666666666667",,,"D:\report\report writing\new_output_compare\Original\32b\output_32b_15 attempts_detailed_run 1"
"original","32b","15","detailed","1","StringList","SUCCESS","3/13","-","23.0769230769231",,,"D:\report\report writing\new_output_compare\Original\32b\output_32b_15 attempts_detailed_run 1"
"original","32b","15","detailed","1","StringUtils","FAILED","?","-",,,,"D:\report\report writing\new_output_compare\Original\32b\output_32b_15 attempts_detailed_run 1"
"original","32b","15","detailed","1","ToStringConverter","FAILED","?","-",,,,"D:\report\report writing\new_output_compare\Original\32b\output_32b_15 attempts_detailed_run 1"
"original","32b","15","detailed","1","UniqueTimestampGenerator","FAILED","?","-",,,,"D:\report\report writing\new_output_compare\Original\32b\output_32b_15 attempts_detailed_run 1"
"original","32b","15","detailed","1","Util","SUCCESS","22/28","-","78.5714285714286",,,"D:\report\report writing\new_output_compare\Original\32b\output_32b_15 attempts_detailed_run 1"
"original","32b","15","detailed","1","Version","SUCCESS","11/19","14/19","57.8947368421053","73.6842105263158","15.7894736842105","D:\report\report writing\new_output_compare\Original\32b\output_32b_15 attempts_detailed_run 1"
"original","32b","15","detailed","2","ArrayUtil","FAILED","?","-",,,,"D:\report\report writing\new_output_compare\Original\32b\output_32b_15 attempts_detailed_run 2"
"original","32b","15","detailed","2","Axis","SUCCESS","16/40","-","40",,,"D:\report\report writing\new_output_compare\Original\32b\output_32b_15 attempts_detailed_run 2"
"original","32b","15","detailed","2","Base32","FAILED","?","-",,,,"D:\report\report writing\new_output_compare\Original\32b\output_32b_15 attempts_detailed_run 2"
"original","32b","15","detailed","2","Base64","FAILED","?","-",,,,"D:\report\report writing\new_output_compare\Original\32b\output_32b_15 attempts_detailed_run 2"
"original","32b","15","detailed","2","Base64Coder","FAILED","?","-",,,,"D:\report\report writing\new_output_compare\Original\32b\output_32b_15 attempts_detailed_run 2"
"original","32b","15","detailed","2","BigDecimalUtil","FAILED","?","-",,,,"D:\report\report writing\new_output_compare\Original\32b\output_32b_15 attempts_detailed_run 2"
"original","32b","15","detailed","2","BinaryDisplayConverter","FAILED","?","-",,,,"D:\report\report writing\new_output_compare\Original\32b\output_32b_15 attempts_detailed_run 2"
"original","32b","15","detailed","2","ByteVector","SUCCESS","20/138","-","14.4927536231884",,,"D:\report\report writing\new_output_compare\Original\32b\output_32b_15 attempts_detailed_run 2"
"original","32b","15","detailed","2","CaselessStringMap","FAILED","?","-",,,,"D:\report\report writing\new_output_compare\Original\32b\output_32b_15 attempts_detailed_run 2"
"original","32b","15","detailed","2","CommandLine","SUCCESS","13/32","18/32","40.625","56.25","15.625","D:\report\report writing\new_output_compare\Original\32b\output_32b_15 attempts_detailed_run 2"
"original","32b","15","detailed","2","DateTools","FAILED","?","-",,,,"D:\report\report writing\new_output_compare\Original\32b\output_32b_15 attempts_detailed_run 2"
"original","32b","15","detailed","2","DateUtil","FAILED","?","-",,,,"D:\report\report writing\new_output_compare\Original\32b\output_32b_15 attempts_detailed_run 2"
"original","32b","15","detailed","2","DisplayHelper","FAILED","?","-",,,,"D:\report\report writing\new_output_compare\Original\32b\output_32b_15 attempts_detailed_run 2"
"original","32b","15","detailed","2","EmailFacadeState","FAILED","?","-",,,,"D:\report\report writing\new_output_compare\Original\32b\output_32b_15 attempts_detailed_run 2"
"original","32b","15","detailed","2","FilterMatcher","SUCCESS","16/24","19/24","66.6666666666667","79.1666666666667","12.5","D:\report\report writing\new_output_compare\Original\32b\output_32b_15 attempts_detailed_run 2"
"original","32b","15","detailed","2","GridLayout2","FAILED","?","-",,,,"D:\report\report writing\new_output_compare\Original\32b\output_32b_15 attempts_detailed_run 2"
"original","32b","15","detailed","2","HashCodeUtils","SUCCESS","32/38","-","84.2105263157895",,,"D:\report\report writing\new_output_compare\Original\32b\output_32b_15 attempts_detailed_run 2"
"original","32b","15","detailed","2","HtmlEncoder","FAILED","?","-",,,,"D:\report\report writing\new_output_compare\Original\32b\output_32b_15 attempts_detailed_run 2"
"original","32b","15","detailed","2","IndexedString","FAILED","?","-",,,,"D:\report\report writing\new_output_compare\Original\32b\output_32b_15 attempts_detailed_run 2"
"original","32b","15","detailed","2","Inflection","SUCCESS","12/20","-","60",,,"D:\report\report writing\new_output_compare\Original\32b\output_32b_15 attempts_detailed_run 2"
"original","32b","15","detailed","2","InspirentoUtilities","FAILED","?","-",,,,"D:\report\report writing\new_output_compare\Original\32b\output_32b_15 attempts_detailed_run 2"
"original","32b","15","detailed","2","MapUtil","SUCCESS","16/16","-","100",,,"D:\report\report writing\new_output_compare\Original\32b\output_32b_15 attempts_detailed_run 2"
"original","32b","15","detailed","2","MathUtil","SUCCESS","16/44","-","36.3636363636364",,,"D:\report\report writing\new_output_compare\Original\32b\output_32b_15 attempts_detailed_run 2"
"original","32b","15","detailed","2","NaturalSort","FAILED","?","-",,,,"D:\report\report writing\new_output_compare\Original\32b\output_32b_15 attempts_detailed_run 2"
"original","32b","15","detailed","2","ObjectsUtil","FAILED","?","-",,,,"D:\report\report writing\new_output_compare\Original\32b\output_32b_15 attempts_detailed_run 2"
"original","32b","15","detailed","2","Reference","SUCCESS","10/19","-","52.6315789473684",,,"D:\report\report writing\new_output_compare\Original\32b\output_32b_15 attempts_detailed_run 2"
"original","32b","15","detailed","2","Region","SUCCESS","14/25","-","56",,,"D:\report\report writing\new_output_compare\Original\32b\output_32b_15 attempts_detailed_run 2"
"original","32b","15","detailed","2","SAXPathException","SUCCESS","1/10","-","10",,,"D:\report\report writing\new_output_compare\Original\32b\output_32b_15 attempts_detailed_run 2"
"original","32b","15","detailed","2","SimpleCounter","SUCCESS","3/3","-","100",,,"D:\report\report writing\new_output_compare\Original\32b\output_32b_15 attempts_detailed_run 2"
"original","32b","15","detailed","2","SortedArrayList","FAILED","?","-",,,,"D:\report\report writing\new_output_compare\Original\32b\output_32b_15 attempts_detailed_run 2"
"original","32b","15","detailed","2","SortedMapVector","FAILED","?","-",,,,"D:\report\report writing\new_output_compare\Original\32b\output_32b_15 attempts_detailed_run 2"
"original","32b","15","detailed","2","StringComparator","FAILED","?","-",,,,"D:\report\report writing\new_output_compare\Original\32b\output_32b_15 attempts_detailed_run 2"
"original","32b","15","detailed","2","StringEncoder64","FAILED","?","-",,,,"D:\report\report writing\new_output_compare\Original\32b\output_32b_15 attempts_detailed_run 2"
"original","32b","15","detailed","2","StringLink","FAILED","?","-",,,,"D:\report\report writing\new_output_compare\Original\32b\output_32b_15 attempts_detailed_run 2"
"original","32b","15","detailed","2","StringList","SUCCESS","6/13","-","46.1538461538462",,,"D:\report\report writing\new_output_compare\Original\32b\output_32b_15 attempts_detailed_run 2"
"original","32b","15","detailed","2","StringUtils","FAILED","?","-",,,,"D:\report\report writing\new_output_compare\Original\32b\output_32b_15 attempts_detailed_run 2"
"original","32b","15","detailed","2","ToStringConverter","FAILED","?","-",,,,"D:\report\report writing\new_output_compare\Original\32b\output_32b_15 attempts_detailed_run 2"
"original","32b","15","detailed","2","UniqueTimestampGenerator","FAILED","?","-",,,,"D:\report\report writing\new_output_compare\Original\32b\output_32b_15 attempts_detailed_run 2"
"original","32b","15","detailed","2","Util","SUCCESS","16/28","-","57.1428571428571",,,"D:\report\report writing\new_output_compare\Original\32b\output_32b_15 attempts_detailed_run 2"
"original","32b","15","detailed","2","Version","FAILED","?","-",,,,"D:\report\report writing\new_output_compare\Original\32b\output_32b_15 attempts_detailed_run 2"
"original","32b","15","detailed","3","ArrayUtil","SUCCESS","20/57","35/57","35.0877192982456","61.4035087719298","26.3157894736842","D:\report\report writing\new_output_compare\Original\32b\output_32b_15 attempts_detailed_run 3"
"original","32b","15","detailed","3","Axis","SUCCESS","16/40","-","40",,,"D:\report\report writing\new_output_compare\Original\32b\output_32b_15 attempts_detailed_run 3"
"original","32b","15","detailed","3","Base32","FAILED","?","-",,,,"D:\report\report writing\new_output_compare\Original\32b\output_32b_15 attempts_detailed_run 3"
"original","32b","15","detailed","3","Base64","FAILED","?","-",,,,"D:\report\report writing\new_output_compare\Original\32b\output_32b_15 attempts_detailed_run 3"
"original","32b","15","detailed","3","Base64Coder","SUCCESS","84/94","-","89.3617021276596",,,"D:\report\report writing\new_output_compare\Original\32b\output_32b_15 attempts_detailed_run 3"
"original","32b","15","detailed","3","BigDecimalUtil","FAILED","?","-",,,,"D:\report\report writing\new_output_compare\Original\32b\output_32b_15 attempts_detailed_run 3"
"original","32b","15","detailed","3","BinaryDisplayConverter","FAILED","?","-",,,,"D:\report\report writing\new_output_compare\Original\32b\output_32b_15 attempts_detailed_run 3"
"original","32b","15","detailed","3","ByteVector","SUCCESS","5/138","-","3.6231884057971",,,"D:\report\report writing\new_output_compare\Original\32b\output_32b_15 attempts_detailed_run 3"
"original","32b","15","detailed","3","CaselessStringMap","FAILED","?","-",,,,"D:\report\report writing\new_output_compare\Original\32b\output_32b_15 attempts_detailed_run 3"
"original","32b","15","detailed","3","CommandLine","FAILED","?","-",,,,"D:\report\report writing\new_output_compare\Original\32b\output_32b_15 attempts_detailed_run 3"
"original","32b","15","detailed","3","DateTools","FAILED","?","-",,,,"D:\report\report writing\new_output_compare\Original\32b\output_32b_15 attempts_detailed_run 3"
"original","32b","15","detailed","3","DateUtil","FAILED","?","-",,,,"D:\report\report writing\new_output_compare\Original\32b\output_32b_15 attempts_detailed_run 3"
"original","32b","15","detailed","3","DisplayHelper","SUCCESS","9/9","-","100",,,"D:\report\report writing\new_output_compare\Original\32b\output_32b_15 attempts_detailed_run 3"
"original","32b","15","detailed","3","EmailFacadeState","SUCCESS","9/13","-","69.2307692307692",,,"D:\report\report writing\new_output_compare\Original\32b\output_32b_15 attempts_detailed_run 3"
"original","32b","15","detailed","3","FilterMatcher","SUCCESS","16/24","19/24","66.6666666666667","79.1666666666667","12.5","D:\report\report writing\new_output_compare\Original\32b\output_32b_15 attempts_detailed_run 3"
"original","32b","15","detailed","3","GridLayout2","FAILED","?","-",,,,"D:\report\report writing\new_output_compare\Original\32b\output_32b_15 attempts_detailed_run 3"
"original","32b","15","detailed","3","HashCodeUtils","SUCCESS","31/38","-","81.5789473684211",,,"D:\report\report writing\new_output_compare\Original\32b\output_32b_15 attempts_detailed_run 3"
"original","32b","15","detailed","3","HtmlEncoder","FAILED","?","-",,,,"D:\report\report writing\new_output_compare\Original\32b\output_32b_15 attempts_detailed_run 3"
"original","32b","15","detailed","3","IndexedString","FAILED","?","-",,,,"D:\report\report writing\new_output_compare\Original\32b\output_32b_15 attempts_detailed_run 3"
"original","32b","15","detailed","3","Inflection","SUCCESS","12/20","-","60",,,"D:\report\report writing\new_output_compare\Original\32b\output_32b_15 attempts_detailed_run 3"
"original","32b","15","detailed","3","InspirentoUtilities","FAILED","?","-",,,,"D:\report\report writing\new_output_compare\Original\32b\output_32b_15 attempts_detailed_run 3"
"original","32b","15","detailed","3","MapUtil","SUCCESS","16/16","-","100",,,"D:\report\report writing\new_output_compare\Original\32b\output_32b_15 attempts_detailed_run 3"
"original","32b","15","detailed","3","MathUtil","SUCCESS","15/44","15/44","34.0909090909091","34.0909090909091","0","D:\report\report writing\new_output_compare\Original\32b\output_32b_15 attempts_detailed_run 3"
"original","32b","15","detailed","3","NaturalSort","FAILED","?","-",,,,"D:\report\report writing\new_output_compare\Original\32b\output_32b_15 attempts_detailed_run 3"
"original","32b","15","detailed","3","ObjectsUtil","FAILED","?","-",,,,"D:\report\report writing\new_output_compare\Original\32b\output_32b_15 attempts_detailed_run 3"
"original","32b","15","detailed","3","Reference","SUCCESS","10/19","11/19","52.6315789473684","57.8947368421053","5.26315789473685","D:\report\report writing\new_output_compare\Original\32b\output_32b_15 attempts_detailed_run 3"
"original","32b","15","detailed","3","Region","SUCCESS","10/25","18/25","40","72","32","D:\report\report writing\new_output_compare\Original\32b\output_32b_15 attempts_detailed_run 3"
"original","32b","15","detailed","3","SAXPathException","SUCCESS","1/10","-","10",,,"D:\report\report writing\new_output_compare\Original\32b\output_32b_15 attempts_detailed_run 3"
"original","32b","15","detailed","3","SimpleCounter","SUCCESS","3/3","-","100",,,"D:\report\report writing\new_output_compare\Original\32b\output_32b_15 attempts_detailed_run 3"
"original","32b","15","detailed","3","SortedArrayList","FAILED","?","-",,,,"D:\report\report writing\new_output_compare\Original\32b\output_32b_15 attempts_detailed_run 3"
"original","32b","15","detailed","3","SortedMapVector","FAILED","?","-",,,,"D:\report\report writing\new_output_compare\Original\32b\output_32b_15 attempts_detailed_run 3"
"original","32b","15","detailed","3","StringComparator","FAILED","?","-",,,,"D:\report\report writing\new_output_compare\Original\32b\output_32b_15 attempts_detailed_run 3"
"original","32b","15","detailed","3","StringEncoder64","FAILED","?","-",,,,"D:\report\report writing\new_output_compare\Original\32b\output_32b_15 attempts_detailed_run 3"
"original","32b","15","detailed","3","StringLink","FAILED","?","-",,,,"D:\report\report writing\new_output_compare\Original\32b\output_32b_15 attempts_detailed_run 3"
"original","32b","15","detailed","3","StringList","SUCCESS","9/13","-","69.2307692307692",,,"D:\report\report writing\new_output_compare\Original\32b\output_32b_15 attempts_detailed_run 3"
"original","32b","15","detailed","3","StringUtils","FAILED","?","-",,,,"D:\report\report writing\new_output_compare\Original\32b\output_32b_15 attempts_detailed_run 3"
"original","32b","15","detailed","3","ToStringConverter","FAILED","?","-",,,,"D:\report\report writing\new_output_compare\Original\32b\output_32b_15 attempts_detailed_run 3"
"original","32b","15","detailed","3","UniqueTimestampGenerator","FAILED","?","-",,,,"D:\report\report writing\new_output_compare\Original\32b\output_32b_15 attempts_detailed_run 3"
"original","32b","15","detailed","3","Util","SUCCESS","21/28","-","75",,,"D:\report\report writing\new_output_compare\Original\32b\output_32b_15 attempts_detailed_run 3"
"original","32b","15","detailed","3","Version","SUCCESS","14/19","-","73.6842105263158",,,"D:\report\report writing\new_output_compare\Original\32b\output_32b_15 attempts_detailed_run 3"
"original","32b","5","baseline","1","ArrayUtil","FAILED","?","-",,,,"D:\report\report writing\new_output_compare\Original\32b\output_32b_5 attempts_baseline-run 1"
"original","32b","5","baseline","1","Axis","SUCCESS","17/40","-","42.5",,,"D:\report\report writing\new_output_compare\Original\32b\output_32b_5 attempts_baseline-run 1"
"original","32b","5","baseline","1","Base32","SUCCESS","52/72","-","72.2222222222222",,,"D:\report\report writing\new_output_compare\Original\32b\output_32b_5 attempts_baseline-run 1"
"original","32b","5","baseline","1","Base64","FAILED","?","-",,,,"D:\report\report writing\new_output_compare\Original\32b\output_32b_5 attempts_baseline-run 1"
"original","32b","5","baseline","1","Base64Coder","FAILED","?","-",,,,"D:\report\report writing\new_output_compare\Original\32b\output_32b_5 attempts_baseline-run 1"
"original","32b","5","baseline","1","BigDecimalUtil","FAILED","?","-",,,,"D:\report\report writing\new_output_compare\Original\32b\output_32b_5 attempts_baseline-run 1"
"original","32b","5","baseline","1","BinaryDisplayConverter","FAILED","?","-",,,,"D:\report\report writing\new_output_compare\Original\32b\output_32b_5 attempts_baseline-run 1"
"original","32b","5","baseline","1","ByteVector","SUCCESS","31/138","-","22.463768115942",,,"D:\report\report writing\new_output_compare\Original\32b\output_32b_5 attempts_baseline-run 1"
"original","32b","5","baseline","1","CaselessStringMap","FAILED","?","-",,,,"D:\report\report writing\new_output_compare\Original\32b\output_32b_5 attempts_baseline-run 1"
"original","32b","5","baseline","1","CommandLine","FAILED","?","-",,,,"D:\report\report writing\new_output_compare\Original\32b\output_32b_5 attempts_baseline-run 1"
"original","32b","5","baseline","1","DateTools","FAILED","?","-",,,,"D:\report\report writing\new_output_compare\Original\32b\output_32b_5 attempts_baseline-run 1"
"original","32b","5","baseline","1","DateUtil","FAILED","?","-",,,,"D:\report\report writing\new_output_compare\Original\32b\output_32b_5 attempts_baseline-run 1"
"original","32b","5","baseline","1","DisplayHelper","FAILED","?","-",,,,"D:\report\report writing\new_output_compare\Original\32b\output_32b_5 attempts_baseline-run 1"
"original","32b","5","baseline","1","EmailFacadeState","FAILED","?","-",,,,"D:\report\report writing\new_output_compare\Original\32b\output_32b_5 attempts_baseline-run 1"
"original","32b","5","baseline","1","FilterMatcher","SUCCESS","17/24","21/24","70.8333333333333","87.5","16.6666666666667","D:\report\report writing\new_output_compare\Original\32b\output_32b_5 attempts_baseline-run 1"
"original","32b","5","baseline","1","GridLayout2","SUCCESS","20/103","-","19.4174757281553",,,"D:\report\report writing\new_output_compare\Original\32b\output_32b_5 attempts_baseline-run 1"
"original","32b","5","baseline","1","HashCodeUtils","FAILED","?","-",,,,"D:\report\report writing\new_output_compare\Original\32b\output_32b_5 attempts_baseline-run 1"
"original","32b","5","baseline","1","HtmlEncoder","FAILED","?","-",,,,"D:\report\report writing\new_output_compare\Original\32b\output_32b_5 attempts_baseline-run 1"
"original","32b","5","baseline","1","IndexedString","FAILED","?","-",,,,"D:\report\report writing\new_output_compare\Original\32b\output_32b_5 attempts_baseline-run 1"
"original","32b","5","baseline","1","Inflection","SUCCESS","14/20","-","70",,,"D:\report\report writing\new_output_compare\Original\32b\output_32b_5 attempts_baseline-run 1"
"original","32b","5","baseline","1","InspirentoUtilities","SUCCESS","15/16","-","93.75",,,"D:\report\report writing\new_output_compare\Original\32b\output_32b_5 attempts_baseline-run 1"
"original","32b","5","baseline","1","MapUtil","FAILED","?","-",,,,"D:\report\report writing\new_output_compare\Original\32b\output_32b_5 attempts_baseline-run 1"
"original","32b","5","baseline","1","MathUtil","FAILED","?","-",,,,"D:\report\report writing\new_output_compare\Original\32b\output_32b_5 attempts_baseline-run 1"
"original","32b","5","baseline","1","NaturalSort","FAILED","?","-",,,,"D:\report\report writing\new_output_compare\Original\32b\output_32b_5 attempts_baseline-run 1"
"original","32b","5","baseline","1","ObjectsUtil","SUCCESS","6/14","-","42.8571428571429",,,"D:\report\report writing\new_output_compare\Original\32b\output_32b_5 attempts_baseline-run 1"
"original","32b","5","baseline","1","Reference","SUCCESS","10/19","-","52.6315789473684",,,"D:\report\report writing\new_output_compare\Original\32b\output_32b_5 attempts_baseline-run 1"
"original","32b","5","baseline","1","Region","SUCCESS","7/25","-","28",,,"D:\report\report writing\new_output_compare\Original\32b\output_32b_5 attempts_baseline-run 1"
"original","32b","5","baseline","1","SAXPathException","SUCCESS","1/10","-","10",,,"D:\report\report writing\new_output_compare\Original\32b\output_32b_5 attempts_baseline-run 1"
"original","32b","5","baseline","1","SimpleCounter","SUCCESS","3/3","-","100",,,"D:\report\report writing\new_output_compare\Original\32b\output_32b_5 attempts_baseline-run 1"
"original","32b","5","baseline","1","SortedArrayList","SUCCESS","13/19","-","68.4210526315789",,,"D:\report\report writing\new_output_compare\Original\32b\output_32b_5 attempts_baseline-run 1"
"original","32b","5","baseline","1","SortedMapVector","FAILED","?","-",,,,"D:\report\report writing\new_output_compare\Original\32b\output_32b_5 attempts_baseline-run 1"
"original","32b","5","baseline","1","StringComparator","SUCCESS","7/16","15/16","43.75","93.75","50","D:\report\report writing\new_output_compare\Original\32b\output_32b_5 attempts_baseline-run 1"
"original","32b","5","baseline","1","StringEncoder64","FAILED","?","-",,,,"D:\report\report writing\new_output_compare\Original\32b\output_32b_5 attempts_baseline-run 1"
"original","32b","5","baseline","1","StringLink","FAILED","?","-",,,,"D:\report\report writing\new_output_compare\Original\32b\output_32b_5 attempts_baseline-run 1"
"original","32b","5","baseline","1","StringList","SUCCESS","8/13","13/13","61.5384615384615","100","38.4615384615385","D:\report\report writing\new_output_compare\Original\32b\output_32b_5 attempts_baseline-run 1"
"original","32b","5","baseline","1","StringUtils","FAILED","?","-",,,,"D:\report\report writing\new_output_compare\Original\32b\output_32b_5 attempts_baseline-run 1"
"original","32b","5","baseline","1","ToStringConverter","SUCCESS","7/7","-","100",,,"D:\report\report writing\new_output_compare\Original\32b\output_32b_5 attempts_baseline-run 1"
"original","32b","5","baseline","1","UniqueTimestampGenerator","FAILED","?","-",,,,"D:\report\report writing\new_output_compare\Original\32b\output_32b_5 attempts_baseline-run 1"
"original","32b","5","baseline","1","Util","SUCCESS","8/28","-","28.5714285714286",,,"D:\report\report writing\new_output_compare\Original\32b\output_32b_5 attempts_baseline-run 1"
"original","32b","5","baseline","1","Version","FAILED","?","-",,,,"D:\report\report writing\new_output_compare\Original\32b\output_32b_5 attempts_baseline-run 1"
"original","32b","5","baseline","2","ArrayUtil","FAILED","?","-",,,,"D:\report\report writing\new_output_compare\Original\32b\output_32b_5 attempts_baseline_run 2"
"original","32b","5","baseline","2","Axis","SUCCESS","5/40","-","12.5",,,"D:\report\report writing\new_output_compare\Original\32b\output_32b_5 attempts_baseline_run 2"
"original","32b","5","baseline","2","Base32","FAILED","?","-",,,,"D:\report\report writing\new_output_compare\Original\32b\output_32b_5 attempts_baseline_run 2"
"original","32b","5","baseline","2","Base64","FAILED","?","-",,,,"D:\report\report writing\new_output_compare\Original\32b\output_32b_5 attempts_baseline_run 2"
"original","32b","5","baseline","2","Base64Coder","SUCCESS","81/94","-","86.1702127659574",,,"D:\report\report writing\new_output_compare\Original\32b\output_32b_5 attempts_baseline_run 2"
"original","32b","5","baseline","2","BigDecimalUtil","FAILED","?","-",,,,"D:\report\report writing\new_output_compare\Original\32b\output_32b_5 attempts_baseline_run 2"
"original","32b","5","baseline","2","BinaryDisplayConverter","FAILED","?","-",,,,"D:\report\report writing\new_output_compare\Original\32b\output_32b_5 attempts_baseline_run 2"
"original","32b","5","baseline","2","ByteVector","SUCCESS","29/138","-","21.0144927536232",,,"D:\report\report writing\new_output_compare\Original\32b\output_32b_5 attempts_baseline_run 2"
"original","32b","5","baseline","2","CaselessStringMap","SUCCESS","4/5","-","80",,,"D:\report\report writing\new_output_compare\Original\32b\output_32b_5 attempts_baseline_run 2"
"original","32b","5","baseline","2","CommandLine","FAILED","?","-",,,,"D:\report\report writing\new_output_compare\Original\32b\output_32b_5 attempts_baseline_run 2"
"original","32b","5","baseline","2","DateTools","FAILED","?","-",,,,"D:\report\report writing\new_output_compare\Original\32b\output_32b_5 attempts_baseline_run 2"
"original","32b","5","baseline","2","DateUtil","FAILED","?","-",,,,"D:\report\report writing\new_output_compare\Original\32b\output_32b_5 attempts_baseline_run 2"
"original","32b","5","baseline","2","DisplayHelper","FAILED","?","-",,,,"D:\report\report writing\new_output_compare\Original\32b\output_32b_5 attempts_baseline_run 2"
"original","32b","5","baseline","2","EmailFacadeState","SUCCESS","10/13","-","76.9230769230769",,,"D:\report\report writing\new_output_compare\Original\32b\output_32b_5 attempts_baseline_run 2"
"original","32b","5","baseline","2","FilterMatcher","SUCCESS","18/24","-","75",,,"D:\report\report writing\new_output_compare\Original\32b\output_32b_5 attempts_baseline_run 2"
"original","32b","5","baseline","2","GridLayout2","FAILED","?","-",,,,"D:\report\report writing\new_output_compare\Original\32b\output_32b_5 attempts_baseline_run 2"
"original","32b","5","baseline","2","HashCodeUtils","SUCCESS","27/38","-","71.0526315789474",,,"D:\report\report writing\new_output_compare\Original\32b\output_32b_5 attempts_baseline_run 2"
"original","32b","5","baseline","2","HtmlEncoder","FAILED","?","-",,,,"D:\report\report writing\new_output_compare\Original\32b\output_32b_5 attempts_baseline_run 2"
"original","32b","5","baseline","2","IndexedString","FAILED","?","-",,,,"D:\report\report writing\new_output_compare\Original\32b\output_32b_5 attempts_baseline_run 2"
"original","32b","5","baseline","2","Inflection","SUCCESS","12/20","16/20","60","80","20","D:\report\report writing\new_output_compare\Original\32b\output_32b_5 attempts_baseline_run 2"
"original","32b","5","baseline","2","InspirentoUtilities","SUCCESS","15/16","-","93.75",,,"D:\report\report writing\new_output_compare\Original\32b\output_32b_5 attempts_baseline_run 2"
"original","32b","5","baseline","2","MapUtil","SUCCESS","16/16","-","100",,,"D:\report\report writing\new_output_compare\Original\32b\output_32b_5 attempts_baseline_run 2"
"original","32b","5","baseline","2","MathUtil","FAILED","?","-",,,,"D:\report\report writing\new_output_compare\Original\32b\output_32b_5 attempts_baseline_run 2"
"original","32b","5","baseline","2","NaturalSort","FAILED","?","-",,,,"D:\report\report writing\new_output_compare\Original\32b\output_32b_5 attempts_baseline_run 2"
"original","32b","5","baseline","2","ObjectsUtil","FAILED","?","-",,,,"D:\report\report writing\new_output_compare\Original\32b\output_32b_5 attempts_baseline_run 2"
"original","32b","5","baseline","2","Reference","SUCCESS","10/19","-","52.6315789473684",,,"D:\report\report writing\new_output_compare\Original\32b\output_32b_5 attempts_baseline_run 2"
"original","32b","5","baseline","2","Region","SUCCESS","10/25","-","40",,,"D:\report\report writing\new_output_compare\Original\32b\output_32b_5 attempts_baseline_run 2"
"original","32b","5","baseline","2","SAXPathException","SUCCESS","1/10","-","10",,,"D:\report\report writing\new_output_compare\Original\32b\output_32b_5 attempts_baseline_run 2"
"original","32b","5","baseline","2","SimpleCounter","SUCCESS","2/3","3/3","66.6666666666667","100","33.3333333333333","D:\report\report writing\new_output_compare\Original\32b\output_32b_5 attempts_baseline_run 2"
"original","32b","5","baseline","2","SortedArrayList","FAILED","?","-",,,,"D:\report\report writing\new_output_compare\Original\32b\output_32b_5 attempts_baseline_run 2"
"original","32b","5","baseline","2","SortedMapVector","FAILED","?","-",,,,"D:\report\report writing\new_output_compare\Original\32b\output_32b_5 attempts_baseline_run 2"
"original","32b","5","baseline","2","StringComparator","FAILED","?","-",,,,"D:\report\report writing\new_output_compare\Original\32b\output_32b_5 attempts_baseline_run 2"
"original","32b","5","baseline","2","StringEncoder64","FAILED","?","-",,,,"D:\report\report writing\new_output_compare\Original\32b\output_32b_5 attempts_baseline_run 2"
"original","32b","5","baseline","2","StringLink","FAILED","?","-",,,,"D:\report\report writing\new_output_compare\Original\32b\output_32b_5 attempts_baseline_run 2"
"original","32b","5","baseline","2","StringList","SUCCESS","7/13","-","53.8461538461538",,,"D:\report\report writing\new_output_compare\Original\32b\output_32b_5 attempts_baseline_run 2"
"original","32b","5","baseline","2","StringUtils","FAILED","?","-",,,,"D:\report\report writing\new_output_compare\Original\32b\output_32b_5 attempts_baseline_run 2"
"original","32b","5","baseline","2","ToStringConverter","FAILED","?","-",,,,"D:\report\report writing\new_output_compare\Original\32b\output_32b_5 attempts_baseline_run 2"
"original","32b","5","baseline","2","UniqueTimestampGenerator","FAILED","?","-",,,,"D:\report\report writing\new_output_compare\Original\32b\output_32b_5 attempts_baseline_run 2"
"original","32b","5","baseline","2","Util","SUCCESS","8/28","-","28.5714285714286",,,"D:\report\report writing\new_output_compare\Original\32b\output_32b_5 attempts_baseline_run 2"
"original","32b","5","baseline","2","Version","SUCCESS","11/19","-","57.8947368421053",,,"D:\report\report writing\new_output_compare\Original\32b\output_32b_5 attempts_baseline_run 2"
"original","32b","5","baseline","3","ArrayUtil","SUCCESS","14/57","27/57","24.5614035087719","47.3684210526316","22.8070175438596","D:\report\report writing\new_output_compare\Original\32b\output_32b_5 attempts_baseline_run 3"
"original","32b","5","baseline","3","Axis","SUCCESS","17/40","-","42.5",,,"D:\report\report writing\new_output_compare\Original\32b\output_32b_5 attempts_baseline_run 3"
"original","32b","5","baseline","3","Base32","SUCCESS","54/72","-","75",,,"D:\report\report writing\new_output_compare\Original\32b\output_32b_5 attempts_baseline_run 3"
"original","32b","5","baseline","3","Base64","FAILED","?","-",,,,"D:\report\report writing\new_output_compare\Original\32b\output_32b_5 attempts_baseline_run 3"
"original","32b","5","baseline","3","Base64Coder","FAILED","?","-",,,,"D:\report\report writing\new_output_compare\Original\32b\output_32b_5 attempts_baseline_run 3"
"original","32b","5","baseline","3","BigDecimalUtil","FAILED","?","-",,,,"D:\report\report writing\new_output_compare\Original\32b\output_32b_5 attempts_baseline_run 3"
"original","32b","5","baseline","3","BinaryDisplayConverter","FAILED","?","-",,,,"D:\report\report writing\new_output_compare\Original\32b\output_32b_5 attempts_baseline_run 3"
"original","32b","5","baseline","3","ByteVector","SUCCESS","27/138","48/138","19.5652173913043","34.7826086956522","15.2173913043478","D:\report\report writing\new_output_compare\Original\32b\output_32b_5 attempts_baseline_run 3"
"original","32b","5","baseline","3","CaselessStringMap","FAILED","?","-",,,,"D:\report\report writing\new_output_compare\Original\32b\output_32b_5 attempts_baseline_run 3"
"original","32b","5","baseline","3","CommandLine","SUCCESS","15/32","-","46.875",,,"D:\report\report writing\new_output_compare\Original\32b\output_32b_5 attempts_baseline_run 3"
"original","32b","5","baseline","3","DateTools","FAILED","?","-",,,,"D:\report\report writing\new_output_compare\Original\32b\output_32b_5 attempts_baseline_run 3"
"original","32b","5","baseline","3","DateUtil","FAILED","?","-",,,,"D:\report\report writing\new_output_compare\Original\32b\output_32b_5 attempts_baseline_run 3"
"original","32b","5","baseline","3","DisplayHelper","FAILED","?","-",,,,"D:\report\report writing\new_output_compare\Original\32b\output_32b_5 attempts_baseline_run 3"
"original","32b","5","baseline","3","EmailFacadeState","SUCCESS","8/13","-","61.5384615384615",,,"D:\report\report writing\new_output_compare\Original\32b\output_32b_5 attempts_baseline_run 3"
"original","32b","5","baseline","3","FilterMatcher","SUCCESS","17/24","-","70.8333333333333",,,"D:\report\report writing\new_output_compare\Original\32b\output_32b_5 attempts_baseline_run 3"
"original","32b","5","baseline","3","GridLayout2","FAILED","?","-",,,,"D:\report\report writing\new_output_compare\Original\32b\output_32b_5 attempts_baseline_run 3"
"original","32b","5","baseline","3","HashCodeUtils","SUCCESS","27/38","-","71.0526315789474",,,"D:\report\report writing\new_output_compare\Original\32b\output_32b_5 attempts_baseline_run 3"
"original","32b","5","baseline","3","HtmlEncoder","FAILED","?","-",,,,"D:\report\report writing\new_output_compare\Original\32b\output_32b_5 attempts_baseline_run 3"
"original","32b","5","baseline","3","IndexedString","FAILED","?","-",,,,"D:\report\report writing\new_output_compare\Original\32b\output_32b_5 attempts_baseline_run 3"
"original","32b","5","baseline","3","Inflection","SUCCESS","14/20","-","70",,,"D:\report\report writing\new_output_compare\Original\32b\output_32b_5 attempts_baseline_run 3"
"original","32b","5","baseline","3","InspirentoUtilities","FAILED","?","-",,,,"D:\report\report writing\new_output_compare\Original\32b\output_32b_5 attempts_baseline_run 3"
"original","32b","5","baseline","3","MapUtil","FAILED","?","-",,,,"D:\report\report writing\new_output_compare\Original\32b\output_32b_5 attempts_baseline_run 3"
"original","32b","5","baseline","3","MathUtil","SUCCESS","21/44","-","47.7272727272727",,,"D:\report\report writing\new_output_compare\Original\32b\output_32b_5 attempts_baseline_run 3"
"original","32b","5","baseline","3","NaturalSort","FAILED","?","-",,,,"D:\report\report writing\new_output_compare\Original\32b\output_32b_5 attempts_baseline_run 3"
"original","32b","5","baseline","3","ObjectsUtil","FAILED","?","-",,,,"D:\report\report writing\new_output_compare\Original\32b\output_32b_5 attempts_baseline_run 3"
"original","32b","5","baseline","3","Reference","SUCCESS","10/19","-","52.6315789473684",,,"D:\report\report writing\new_output_compare\Original\32b\output_32b_5 attempts_baseline_run 3"
"original","32b","5","baseline","3","Region","SUCCESS","10/25","-","40",,,"D:\report\report writing\new_output_compare\Original\32b\output_32b_5 attempts_baseline_run 3"
"original","32b","5","baseline","3","SAXPathException","SUCCESS","1/10","-","10",,,"D:\report\report writing\new_output_compare\Original\32b\output_32b_5 attempts_baseline_run 3"
"original","32b","5","baseline","3","SimpleCounter","SUCCESS","3/3","-","100",,,"D:\report\report writing\new_output_compare\Original\32b\output_32b_5 attempts_baseline_run 3"
"original","32b","5","baseline","3","SortedArrayList","FAILED","?","-",,,,"D:\report\report writing\new_output_compare\Original\32b\output_32b_5 attempts_baseline_run 3"
"original","32b","5","baseline","3","SortedMapVector","FAILED","?","-",,,,"D:\report\report writing\new_output_compare\Original\32b\output_32b_5 attempts_baseline_run 3"
"original","32b","5","baseline","3","StringComparator","SUCCESS","13/16","15/16","81.25","93.75","12.5","D:\report\report writing\new_output_compare\Original\32b\output_32b_5 attempts_baseline_run 3"
"original","32b","5","baseline","3","StringEncoder64","FAILED","?","-",,,,"D:\report\report writing\new_output_compare\Original\32b\output_32b_5 attempts_baseline_run 3"
"original","32b","5","baseline","3","StringLink","FAILED","?","-",,,,"D:\report\report writing\new_output_compare\Original\32b\output_32b_5 attempts_baseline_run 3"
"original","32b","5","baseline","3","StringList","SUCCESS","7/13","9/13","53.8461538461538","69.2307692307692","15.3846153846154","D:\report\report writing\new_output_compare\Original\32b\output_32b_5 attempts_baseline_run 3"
"original","32b","5","baseline","3","StringUtils","FAILED","?","-",,,,"D:\report\report writing\new_output_compare\Original\32b\output_32b_5 attempts_baseline_run 3"
"original","32b","5","baseline","3","ToStringConverter","SUCCESS","7/7","-","100",,,"D:\report\report writing\new_output_compare\Original\32b\output_32b_5 attempts_baseline_run 3"
"original","32b","5","baseline","3","UniqueTimestampGenerator","FAILED","?","-",,,,"D:\report\report writing\new_output_compare\Original\32b\output_32b_5 attempts_baseline_run 3"
"original","32b","5","baseline","3","Util","TIMEOUT","?","-",,,,"D:\report\report writing\new_output_compare\Original\32b\output_32b_5 attempts_baseline_run 3"
"original","32b","5","baseline","3","Version","SUCCESS","12/19","16/19","63.1578947368421","84.2105263157895","21.0526315789474","D:\report\report writing\new_output_compare\Original\32b\output_32b_5 attempts_baseline_run 3"
"original","32b","5","detailed","2","ArrayUtil","FAILED","?","-",,,,"D:\report\report writing\new_output_compare\Original\32b\output_32b_5 attempts_detailed_run 2"
"original","32b","5","detailed","2","Axis","SUCCESS","16/40","-","40",,,"D:\report\report writing\new_output_compare\Original\32b\output_32b_5 attempts_detailed_run 2"
"original","32b","5","detailed","2","Base32","FAILED","?","-",,,,"D:\report\report writing\new_output_compare\Original\32b\output_32b_5 attempts_detailed_run 2"
"original","32b","5","detailed","2","Base64","SUCCESS","71/95","-","74.7368421052632",,,"D:\report\report writing\new_output_compare\Original\32b\output_32b_5 attempts_detailed_run 2"
"original","32b","5","detailed","2","Base64Coder","FAILED","?","-",,,,"D:\report\report writing\new_output_compare\Original\32b\output_32b_5 attempts_detailed_run 2"
"original","32b","5","detailed","2","BigDecimalUtil","FAILED","?","-",,,,"D:\report\report writing\new_output_compare\Original\32b\output_32b_5 attempts_detailed_run 2"
"original","32b","5","detailed","2","BinaryDisplayConverter","FAILED","?","-",,,,"D:\report\report writing\new_output_compare\Original\32b\output_32b_5 attempts_detailed_run 2"
"original","32b","5","detailed","2","ByteVector","SUCCESS","16/138","47/138","11.5942028985507","34.0579710144928","22.463768115942","D:\report\report writing\new_output_compare\Original\32b\output_32b_5 attempts_detailed_run 2"
"original","32b","5","detailed","2","CaselessStringMap","FAILED","?","-",,,,"D:\report\report writing\new_output_compare\Original\32b\output_32b_5 attempts_detailed_run 2"
"original","32b","5","detailed","2","CommandLine","SUCCESS","17/32","-","53.125",,,"D:\report\report writing\new_output_compare\Original\32b\output_32b_5 attempts_detailed_run 2"
"original","32b","5","detailed","2","DateTools","FAILED","?","-",,,,"D:\report\report writing\new_output_compare\Original\32b\output_32b_5 attempts_detailed_run 2"
"original","32b","5","detailed","2","DateUtil","FAILED","?","-",,,,"D:\report\report writing\new_output_compare\Original\32b\output_32b_5 attempts_detailed_run 2"
"original","32b","5","detailed","2","DisplayHelper","SUCCESS","8/9","-","88.8888888888889",,,"D:\report\report writing\new_output_compare\Original\32b\output_32b_5 attempts_detailed_run 2"
"original","32b","5","detailed","2","EmailFacadeState","FAILED","?","-",,,,"D:\report\report writing\new_output_compare\Original\32b\output_32b_5 attempts_detailed_run 2"
"original","32b","5","detailed","2","FilterMatcher","SUCCESS","16/24","21/24","66.6666666666667","87.5","20.8333333333333","D:\report\report writing\new_output_compare\Original\32b\output_32b_5 attempts_detailed_run 2"
"original","32b","5","detailed","2","GridLayout2","FAILED","?","-",,,,"D:\report\report writing\new_output_compare\Original\32b\output_32b_5 attempts_detailed_run 2"
"original","32b","5","detailed","2","HashCodeUtils","SUCCESS","27/38","-","71.0526315789474",,,"D:\report\report writing\new_output_compare\Original\32b\output_32b_5 attempts_detailed_run 2"
"original","32b","5","detailed","2","HtmlEncoder","FAILED","?","-",,,,"D:\report\report writing\new_output_compare\Original\32b\output_32b_5 attempts_detailed_run 2"
"original","32b","5","detailed","2","IndexedString","FAILED","?","-",,,,"D:\report\report writing\new_output_compare\Original\32b\output_32b_5 attempts_detailed_run 2"
"original","32b","5","detailed","2","Inflection","SUCCESS","12/20","-","60",,,"D:\report\report writing\new_output_compare\Original\32b\output_32b_5 attempts_detailed_run 2"
"original","32b","5","detailed","2","InspirentoUtilities","FAILED","?","-",,,,"D:\report\report writing\new_output_compare\Original\32b\output_32b_5 attempts_detailed_run 2"
"original","32b","5","detailed","2","MapUtil","SUCCESS","16/16","-","100",,,"D:\report\report writing\new_output_compare\Original\32b\output_32b_5 attempts_detailed_run 2"
"original","32b","5","detailed","2","MathUtil","SUCCESS","14/44","22/44","31.8181818181818","50","18.1818181818182","D:\report\report writing\new_output_compare\Original\32b\output_32b_5 attempts_detailed_run 2"
"original","32b","5","detailed","2","NaturalSort","FAILED","?","-",,,,"D:\report\report writing\new_output_compare\Original\32b\output_32b_5 attempts_detailed_run 2"
"original","32b","5","detailed","2","ObjectsUtil","FAILED","?","-",,,,"D:\report\report writing\new_output_compare\Original\32b\output_32b_5 attempts_detailed_run 2"
"original","32b","5","detailed","2","Reference","SUCCESS","10/19","-","52.6315789473684",,,"D:\report\report writing\new_output_compare\Original\32b\output_32b_5 attempts_detailed_run 2"
"original","32b","5","detailed","2","Region","SUCCESS","10/25","-","40",,,"D:\report\report writing\new_output_compare\Original\32b\output_32b_5 attempts_detailed_run 2"
"original","32b","5","detailed","2","SAXPathException","SUCCESS","1/10","-","10",,,"D:\report\report writing\new_output_compare\Original\32b\output_32b_5 attempts_detailed_run 2"
"original","32b","5","detailed","2","SimpleCounter","SUCCESS","3/3","-","100",,,"D:\report\report writing\new_output_compare\Original\32b\output_32b_5 attempts_detailed_run 2"
"original","32b","5","detailed","2","SortedArrayList","SUCCESS","13/19","-","68.4210526315789",,,"D:\report\report writing\new_output_compare\Original\32b\output_32b_5 attempts_detailed_run 2"
"original","32b","5","detailed","2","SortedMapVector","FAILED","?","-",,,,"D:\report\report writing\new_output_compare\Original\32b\output_32b_5 attempts_detailed_run 2"
"original","32b","5","detailed","2","StringComparator","SUCCESS","14/16","-","87.5",,,"D:\report\report writing\new_output_compare\Original\32b\output_32b_5 attempts_detailed_run 2"
"original","32b","5","detailed","2","StringEncoder64","SUCCESS","90/177","-","50.8474576271186",,,"D:\report\report writing\new_output_compare\Original\32b\output_32b_5 attempts_detailed_run 2"
"original","32b","5","detailed","2","StringLink","FAILED","?","-",,,,"D:\report\report writing\new_output_compare\Original\32b\output_32b_5 attempts_detailed_run 2"
"original","32b","5","detailed","2","StringList","SUCCESS","6/13","-","46.1538461538462",,,"D:\report\report writing\new_output_compare\Original\32b\output_32b_5 attempts_detailed_run 2"
"original","32b","5","detailed","2","StringUtils","FAILED","?","-",,,,"D:\report\report writing\new_output_compare\Original\32b\output_32b_5 attempts_detailed_run 2"
"original","32b","5","detailed","2","ToStringConverter","FAILED","?","-",,,,"D:\report\report writing\new_output_compare\Original\32b\output_32b_5 attempts_detailed_run 2"
"original","32b","5","detailed","2","UniqueTimestampGenerator","FAILED","?","-",,,,"D:\report\report writing\new_output_compare\Original\32b\output_32b_5 attempts_detailed_run 2"
"original","32b","5","detailed","2","Util","SUCCESS","7/28","-","25",,,"D:\report\report writing\new_output_compare\Original\32b\output_32b_5 attempts_detailed_run 2"
"original","32b","5","detailed","2","Version","SUCCESS","11/19","16/19","57.8947368421053","84.2105263157895","26.3157894736842","D:\report\report writing\new_output_compare\Original\32b\output_32b_5 attempts_detailed_run 2"
"original","32b","5","detailed","1","ArrayUtil","SUCCESS","20/57","-","35.0877192982456",,,"D:\report\report writing\new_output_compare\Original\32b\output_32b_5 attempts_detailed_run1"
"original","32b","5","detailed","1","Axis","SUCCESS","18/40","-","45",,,"D:\report\report writing\new_output_compare\Original\32b\output_32b_5 attempts_detailed_run1"
"original","32b","5","detailed","1","Base32","SUCCESS","55/72","-","76.3888888888889",,,"D:\report\report writing\new_output_compare\Original\32b\output_32b_5 attempts_detailed_run1"
"original","32b","5","detailed","1","Base64","FAILED","?","-",,,,"D:\report\report writing\new_output_compare\Original\32b\output_32b_5 attempts_detailed_run1"
"original","32b","5","detailed","1","Base64Coder","FAILED","?","-",,,,"D:\report\report writing\new_output_compare\Original\32b\output_32b_5 attempts_detailed_run1"
"original","32b","5","detailed","1","BigDecimalUtil","FAILED","?","-",,,,"D:\report\report writing\new_output_compare\Original\32b\output_32b_5 attempts_detailed_run1"
"original","32b","5","detailed","1","BinaryDisplayConverter","FAILED","?","-",,,,"D:\report\report writing\new_output_compare\Original\32b\output_32b_5 attempts_detailed_run1"
"original","32b","5","detailed","1","ByteVector","SUCCESS","16/138","-","11.5942028985507",,,"D:\report\report writing\new_output_compare\Original\32b\output_32b_5 attempts_detailed_run1"
"original","32b","5","detailed","1","CaselessStringMap","FAILED","?","-",,,,"D:\report\report writing\new_output_compare\Original\32b\output_32b_5 attempts_detailed_run1"
"original","32b","5","detailed","1","CommandLine","SUCCESS","13/32","17/32","40.625","53.125","12.5","D:\report\report writing\new_output_compare\Original\32b\output_32b_5 attempts_detailed_run1"
"original","32b","5","detailed","1","DateTools","FAILED","?","-",,,,"D:\report\report writing\new_output_compare\Original\32b\output_32b_5 attempts_detailed_run1"
"original","32b","5","detailed","1","DateUtil","FAILED","?","-",,,,"D:\report\report writing\new_output_compare\Original\32b\output_32b_5 attempts_detailed_run1"
"original","32b","5","detailed","1","DisplayHelper","FAILED","?","-",,,,"D:\report\report writing\new_output_compare\Original\32b\output_32b_5 attempts_detailed_run1"
"original","32b","5","detailed","1","EmailFacadeState","SUCCESS","10/13","-","76.9230769230769",,,"D:\report\report writing\new_output_compare\Original\32b\output_32b_5 attempts_detailed_run1"
"original","32b","5","detailed","1","FilterMatcher","SUCCESS","17/24","20/24","70.8333333333333","83.3333333333333","12.5","D:\report\report writing\new_output_compare\Original\32b\output_32b_5 attempts_detailed_run1"
"original","32b","5","detailed","1","GridLayout2","FAILED","?","-",,,,"D:\report\report writing\new_output_compare\Original\32b\output_32b_5 attempts_detailed_run1"
"original","32b","5","detailed","1","HashCodeUtils","FAILED","?","-",,,,"D:\report\report writing\new_output_compare\Original\32b\output_32b_5 attempts_detailed_run1"
"original","32b","5","detailed","1","HtmlEncoder","FAILED","?","-",,,,"D:\report\report writing\new_output_compare\Original\32b\output_32b_5 attempts_detailed_run1"
"original","32b","5","detailed","1","IndexedString","FAILED","?","-",,,,"D:\report\report writing\new_output_compare\Original\32b\output_32b_5 attempts_detailed_run1"
"original","32b","5","detailed","1","Inflection","SUCCESS","12/20","-","60",,,"D:\report\report writing\new_output_compare\Original\32b\output_32b_5 attempts_detailed_run1"
"original","32b","5","detailed","1","InspirentoUtilities","FAILED","?","-",,,,"D:\report\report writing\new_output_compare\Original\32b\output_32b_5 attempts_detailed_run1"
"original","32b","5","detailed","1","MapUtil","SUCCESS","16/16","-","100",,,"D:\report\report writing\new_output_compare\Original\32b\output_32b_5 attempts_detailed_run1"
"original","32b","5","detailed","1","MathUtil","FAILED","?","-",,,,"D:\report\report writing\new_output_compare\Original\32b\output_32b_5 attempts_detailed_run1"
"original","32b","5","detailed","1","NaturalSort","FAILED","?","-",,,,"D:\report\report writing\new_output_compare\Original\32b\output_32b_5 attempts_detailed_run1"
"original","32b","5","detailed","1","ObjectsUtil","FAILED","?","-",,,,"D:\report\report writing\new_output_compare\Original\32b\output_32b_5 attempts_detailed_run1"
"original","32b","5","detailed","1","Reference","SUCCESS","8/19","13/19","42.1052631578947","68.4210526315789","26.3157894736842","D:\report\report writing\new_output_compare\Original\32b\output_32b_5 attempts_detailed_run1"
"original","32b","5","detailed","1","Region","SUCCESS","10/25","-","40",,,"D:\report\report writing\new_output_compare\Original\32b\output_32b_5 attempts_detailed_run1"
"original","32b","5","detailed","1","SAXPathException","SUCCESS","1/10","-","10",,,"D:\report\report writing\new_output_compare\Original\32b\output_32b_5 attempts_detailed_run1"
"original","32b","5","detailed","1","SimpleCounter","FAILED","?","-",,,,"D:\report\report writing\new_output_compare\Original\32b\output_32b_5 attempts_detailed_run1"
"original","32b","5","detailed","1","SortedArrayList","FAILED","?","-",,,,"D:\report\report writing\new_output_compare\Original\32b\output_32b_5 attempts_detailed_run1"
"original","32b","5","detailed","1","SortedMapVector","FAILED","?","-",,,,"D:\report\report writing\new_output_compare\Original\32b\output_32b_5 attempts_detailed_run1"
"original","32b","5","detailed","1","StringComparator","SUCCESS","14/16","-","87.5",,,"D:\report\report writing\new_output_compare\Original\32b\output_32b_5 attempts_detailed_run1"
"original","32b","5","detailed","1","StringEncoder64","SUCCESS","90/177","-","50.8474576271186",,,"D:\report\report writing\new_output_compare\Original\32b\output_32b_5 attempts_detailed_run1"
"original","32b","5","detailed","1","StringLink","FAILED","?","-",,,,"D:\report\report writing\new_output_compare\Original\32b\output_32b_5 attempts_detailed_run1"
"original","32b","5","detailed","1","StringList","SUCCESS","9/13","-","69.2307692307692",,,"D:\report\report writing\new_output_compare\Original\32b\output_32b_5 attempts_detailed_run1"
"original","32b","5","detailed","1","StringUtils","FAILED","?","-",,,,"D:\report\report writing\new_output_compare\Original\32b\output_32b_5 attempts_detailed_run1"
"original","32b","5","detailed","1","ToStringConverter","SUCCESS","7/7","-","100",,,"D:\report\report writing\new_output_compare\Original\32b\output_32b_5 attempts_detailed_run1"
"original","32b","5","detailed","1","UniqueTimestampGenerator","FAILED","?","-",,,,"D:\report\report writing\new_output_compare\Original\32b\output_32b_5 attempts_detailed_run1"
"original","32b","5","detailed","1","Util","SUCCESS","16/28","24/28","57.1428571428571","85.7142857142857","28.5714285714286","D:\report\report writing\new_output_compare\Original\32b\output_32b_5 attempts_detailed_run1"
"original","32b","5","detailed","1","Version","SUCCESS","13/19","-","68.4210526315789",,,"D:\report\report writing\new_output_compare\Original\32b\output_32b_5 attempts_detailed_run1"
"original","32b","5","detailed","3","ArrayUtil","SUCCESS","20/57","26/57","35.0877192982456","45.6140350877193","10.5263157894737","D:\report\report writing\new_output_compare\Original\32b\output_32b_5attempts_detailed_run 3"
"original","32b","5","detailed","3","Axis","SUCCESS","18/40","-","45",,,"D:\report\report writing\new_output_compare\Original\32b\output_32b_5attempts_detailed_run 3"
"original","32b","5","detailed","3","Base32","SUCCESS","50/72","-","69.4444444444444",,,"D:\report\report writing\new_output_compare\Original\32b\output_32b_5attempts_detailed_run 3"
"original","32b","5","detailed","3","Base64","FAILED","?","-",,,,"D:\report\report writing\new_output_compare\Original\32b\output_32b_5attempts_detailed_run 3"
"original","32b","5","detailed","3","Base64Coder","FAILED","?","-",,,,"D:\report\report writing\new_output_compare\Original\32b\output_32b_5attempts_detailed_run 3"
"original","32b","5","detailed","3","BigDecimalUtil","FAILED","?","-",,,,"D:\report\report writing\new_output_compare\Original\32b\output_32b_5attempts_detailed_run 3"
"original","32b","5","detailed","3","BinaryDisplayConverter","FAILED","?","-",,,,"D:\report\report writing\new_output_compare\Original\32b\output_32b_5attempts_detailed_run 3"
"original","32b","5","detailed","3","ByteVector","SUCCESS","26/138","26/138","18.8405797101449","18.8405797101449","0","D:\report\report writing\new_output_compare\Original\32b\output_32b_5attempts_detailed_run 3"
"original","32b","5","detailed","3","CaselessStringMap","FAILED","?","-",,,,"D:\report\report writing\new_output_compare\Original\32b\output_32b_5attempts_detailed_run 3"
"original","32b","5","detailed","3","CommandLine","SUCCESS","11/32","-","34.375",,,"D:\report\report writing\new_output_compare\Original\32b\output_32b_5attempts_detailed_run 3"
"original","32b","5","detailed","3","DateTools","FAILED","?","-",,,,"D:\report\report writing\new_output_compare\Original\32b\output_32b_5attempts_detailed_run 3"
"original","32b","5","detailed","3","DateUtil","FAILED","?","-",,,,"D:\report\report writing\new_output_compare\Original\32b\output_32b_5attempts_detailed_run 3"
"original","32b","5","detailed","3","DisplayHelper","SUCCESS","9/9","-","100",,,"D:\report\report writing\new_output_compare\Original\32b\output_32b_5attempts_detailed_run 3"
"original","32b","5","detailed","3","EmailFacadeState","FAILED","?","-",,,,"D:\report\report writing\new_output_compare\Original\32b\output_32b_5attempts_detailed_run 3"
"original","32b","5","detailed","3","FilterMatcher","SUCCESS","17/24","20/24","70.8333333333333","83.3333333333333","12.5","D:\report\report writing\new_output_compare\Original\32b\output_32b_5attempts_detailed_run 3"
"original","32b","5","detailed","3","GridLayout2","FAILED","?","-",,,,"D:\report\report writing\new_output_compare\Original\32b\output_32b_5attempts_detailed_run 3"
"original","32b","5","detailed","3","HashCodeUtils","FAILED","?","-",,,,"D:\report\report writing\new_output_compare\Original\32b\output_32b_5attempts_detailed_run 3"
"original","32b","5","detailed","3","HtmlEncoder","FAILED","?","-",,,,"D:\report\report writing\new_output_compare\Original\32b\output_32b_5attempts_detailed_run 3"
"original","32b","5","detailed","3","IndexedString","FAILED","?","-",,,,"D:\report\report writing\new_output_compare\Original\32b\output_32b_5attempts_detailed_run 3"
"original","32b","5","detailed","3","Inflection","SUCCESS","12/20","-","60",,,"D:\report\report writing\new_output_compare\Original\32b\output_32b_5attempts_detailed_run 3"
"original","32b","5","detailed","3","InspirentoUtilities","FAILED","?","-",,,,"D:\report\report writing\new_output_compare\Original\32b\output_32b_5attempts_detailed_run 3"
"original","32b","5","detailed","3","MapUtil","SUCCESS","16/16","-","100",,,"D:\report\report writing\new_output_compare\Original\32b\output_32b_5attempts_detailed_run 3"
"original","32b","5","detailed","3","MathUtil","FAILED","?","-",,,,"D:\report\report writing\new_output_compare\Original\32b\output_32b_5attempts_detailed_run 3"
"original","32b","5","detailed","3","NaturalSort","FAILED","?","-",,,,"D:\report\report writing\new_output_compare\Original\32b\output_32b_5attempts_detailed_run 3"
"original","32b","5","detailed","3","ObjectsUtil","FAILED","?","-",,,,"D:\report\report writing\new_output_compare\Original\32b\output_32b_5attempts_detailed_run 3"
"original","32b","5","detailed","3","Reference","SUCCESS","8/19","13/19","42.1052631578947","68.4210526315789","26.3157894736842","D:\report\report writing\new_output_compare\Original\32b\output_32b_5attempts_detailed_run 3"
"original","32b","5","detailed","3","Region","SUCCESS","10/25","20/25","40","80","40","D:\report\report writing\new_output_compare\Original\32b\output_32b_5attempts_detailed_run 3"
"original","32b","5","detailed","3","SAXPathException","SUCCESS","1/10","-","10",,,"D:\report\report writing\new_output_compare\Original\32b\output_32b_5attempts_detailed_run 3"
"original","32b","5","detailed","3","SimpleCounter","SUCCESS","3/3","-","100",,,"D:\report\report writing\new_output_compare\Original\32b\output_32b_5attempts_detailed_run 3"
"original","32b","5","detailed","3","SortedArrayList","FAILED","?","-",,,,"D:\report\report writing\new_output_compare\Original\32b\output_32b_5attempts_detailed_run 3"
"original","32b","5","detailed","3","SortedMapVector","FAILED","?","-",,,,"D:\report\report writing\new_output_compare\Original\32b\output_32b_5attempts_detailed_run 3"
"original","32b","5","detailed","3","StringComparator","TIMEOUT","?","-",,,,"D:\report\report writing\new_output_compare\Original\32b\output_32b_5attempts_detailed_run 3"
"original","32b","5","detailed","3","StringEncoder64","FAILED","?","-",,,,"D:\report\report writing\new_output_compare\Original\32b\output_32b_5attempts_detailed_run 3"
"original","32b","5","detailed","3","StringLink","FAILED","?","-",,,,"D:\report\report writing\new_output_compare\Original\32b\output_32b_5attempts_detailed_run 3"
"original","32b","5","detailed","3","StringList","SUCCESS","4/13","-","30.7692307692308",,,"D:\report\report writing\new_output_compare\Original\32b\output_32b_5attempts_detailed_run 3"
"original","32b","5","detailed","3","StringUtils","FAILED","?","-",,,,"D:\report\report writing\new_output_compare\Original\32b\output_32b_5attempts_detailed_run 3"
"original","32b","5","detailed","3","ToStringConverter","FAILED","?","-",,,,"D:\report\report writing\new_output_compare\Original\32b\output_32b_5attempts_detailed_run 3"
"original","32b","5","detailed","3","UniqueTimestampGenerator","FAILED","?","-",,,,"D:\report\report writing\new_output_compare\Original\32b\output_32b_5attempts_detailed_run 3"
"original","32b","5","detailed","3","Util","SUCCESS","22/28","-","78.5714285714286",,,"D:\report\report writing\new_output_compare\Original\32b\output_32b_5attempts_detailed_run 3"
"original","32b","5","detailed","3","Version","SUCCESS","13/19","-","68.4210526315789",,,"D:\report\report writing\new_output_compare\Original\32b\output_32b_5attempts_detailed_run 3"
"original","6.7b","15","baseline","1","ArrayUtil","SUCCESS","14/57","-","24.5614035087719",,,"D:\report\report writing\new_output_compare\Original\6.7b\output_6.7b_15 attempts_baseline_run 1"
"original","6.7b","15","baseline","1","Axis","SUCCESS","40/40","-","100",,,"D:\report\report writing\new_output_compare\Original\6.7b\output_6.7b_15 attempts_baseline_run 1"
"original","6.7b","15","baseline","1","Base32","FAILED","?","-",,,,"D:\report\report writing\new_output_compare\Original\6.7b\output_6.7b_15 attempts_baseline_run 1"
"original","6.7b","15","baseline","1","Base64","FAILED","?","-",,,,"D:\report\report writing\new_output_compare\Original\6.7b\output_6.7b_15 attempts_baseline_run 1"
"original","6.7b","15","baseline","1","Base64Coder","FAILED","?","-",,,,"D:\report\report writing\new_output_compare\Original\6.7b\output_6.7b_15 attempts_baseline_run 1"
"original","6.7b","15","baseline","1","BigDecimalUtil","FAILED","?","-",,,,"D:\report\report writing\new_output_compare\Original\6.7b\output_6.7b_15 attempts_baseline_run 1"
"original","6.7b","15","baseline","1","BinaryDisplayConverter","FAILED","?","-",,,,"D:\report\report writing\new_output_compare\Original\6.7b\output_6.7b_15 attempts_baseline_run 1"
"original","6.7b","15","baseline","1","ByteVector","FAILED","?","-",,,,"D:\report\report writing\new_output_compare\Original\6.7b\output_6.7b_15 attempts_baseline_run 1"
"original","6.7b","15","baseline","1","CaselessStringMap","SUCCESS","1/5","-","20",,,"D:\report\report writing\new_output_compare\Original\6.7b\output_6.7b_15 attempts_baseline_run 1"
"original","6.7b","15","baseline","1","CommandLine","FAILED","?","-",,,,"D:\report\report writing\new_output_compare\Original\6.7b\output_6.7b_15 attempts_baseline_run 1"
"original","6.7b","15","baseline","1","DateTools","FAILED","?","-",,,,"D:\report\report writing\new_output_compare\Original\6.7b\output_6.7b_15 attempts_baseline_run 1"
"original","6.7b","15","baseline","1","DateUtil","FAILED","?","-",,,,"D:\report\report writing\new_output_compare\Original\6.7b\output_6.7b_15 attempts_baseline_run 1"
"original","6.7b","15","baseline","1","DisplayHelper","FAILED","?","-",,,,"D:\report\report writing\new_output_compare\Original\6.7b\output_6.7b_15 attempts_baseline_run 1"
"original","6.7b","15","baseline","1","EmailFacadeState","FAILED","?","-",,,,"D:\report\report writing\new_output_compare\Original\6.7b\output_6.7b_15 attempts_baseline_run 1"
"original","6.7b","15","baseline","1","FilterMatcher","FAILED","?","-",,,,"D:\report\report writing\new_output_compare\Original\6.7b\output_6.7b_15 attempts_baseline_run 1"
"original","6.7b","15","baseline","1","GridLayout2","SUCCESS","18/103","-","17.4757281553398",,,"D:\report\report writing\new_output_compare\Original\6.7b\output_6.7b_15 attempts_baseline_run 1"
"original","6.7b","15","baseline","1","HashCodeUtils","FAILED","?","-",,,,"D:\report\report writing\new_output_compare\Original\6.7b\output_6.7b_15 attempts_baseline_run 1"
"original","6.7b","15","baseline","1","HtmlEncoder","FAILED","?","-",,,,"D:\report\report writing\new_output_compare\Original\6.7b\output_6.7b_15 attempts_baseline_run 1"
"original","6.7b","15","baseline","1","IndexedString","FAILED","?","-",,,,"D:\report\report writing\new_output_compare\Original\6.7b\output_6.7b_15 attempts_baseline_run 1"
"original","6.7b","15","baseline","1","Inflection","SUCCESS","12/20","-","60",,,"D:\report\report writing\new_output_compare\Original\6.7b\output_6.7b_15 attempts_baseline_run 1"
"original","6.7b","15","baseline","1","InspirentoUtilities","FAILED","?","-",,,,"D:\report\report writing\new_output_compare\Original\6.7b\output_6.7b_15 attempts_baseline_run 1"
"original","6.7b","15","baseline","1","MapUtil","SUCCESS","16/16","-","100",,,"D:\report\report writing\new_output_compare\Original\6.7b\output_6.7b_15 attempts_baseline_run 1"
"original","6.7b","15","baseline","1","MathUtil","FAILED","?","-",,,,"D:\report\report writing\new_output_compare\Original\6.7b\output_6.7b_15 attempts_baseline_run 1"
"original","6.7b","15","baseline","1","NaturalSort","FAILED","?","-",,,,"D:\report\report writing\new_output_compare\Original\6.7b\output_6.7b_15 attempts_baseline_run 1"
"original","6.7b","15","baseline","1","ObjectsUtil","FAILED","?","-",,,,"D:\report\report writing\new_output_compare\Original\6.7b\output_6.7b_15 attempts_baseline_run 1"
"original","6.7b","15","baseline","1","Reference","FAILED","?","-",,,,"D:\report\report writing\new_output_compare\Original\6.7b\output_6.7b_15 attempts_baseline_run 1"
"original","6.7b","15","baseline","1","Region","FAILED","?","-",,,,"D:\report\report writing\new_output_compare\Original\6.7b\output_6.7b_15 attempts_baseline_run 1"
"original","6.7b","15","baseline","1","SAXPathException","FAILED","?","-",,,,"D:\report\report writing\new_output_compare\Original\6.7b\output_6.7b_15 attempts_baseline_run 1"
"original","6.7b","15","baseline","1","SimpleCounter","SUCCESS","3/3","-","100",,,"D:\report\report writing\new_output_compare\Original\6.7b\output_6.7b_15 attempts_baseline_run 1"
"original","6.7b","15","baseline","1","SortedArrayList","FAILED","?","-",,,,"D:\report\report writing\new_output_compare\Original\6.7b\output_6.7b_15 attempts_baseline_run 1"
"original","6.7b","15","baseline","1","SortedMapVector","FAILED","?","-",,,,"D:\report\report writing\new_output_compare\Original\6.7b\output_6.7b_15 attempts_baseline_run 1"
"original","6.7b","15","baseline","1","StringComparator","FAILED","?","-",,,,"D:\report\report writing\new_output_compare\Original\6.7b\output_6.7b_15 attempts_baseline_run 1"
"original","6.7b","15","baseline","1","StringEncoder64","FAILED","?","-",,,,"D:\report\report writing\new_output_compare\Original\6.7b\output_6.7b_15 attempts_baseline_run 1"
"original","6.7b","15","baseline","1","StringLink","FAILED","?","-",,,,"D:\report\report writing\new_output_compare\Original\6.7b\output_6.7b_15 attempts_baseline_run 1"
"original","6.7b","15","baseline","1","StringList","SUCCESS","10/13","-","76.9230769230769",,,"D:\report\report writing\new_output_compare\Original\6.7b\output_6.7b_15 attempts_baseline_run 1"
"original","6.7b","15","baseline","1","StringUtils","FAILED","?","-",,,,"D:\report\report writing\new_output_compare\Original\6.7b\output_6.7b_15 attempts_baseline_run 1"
"original","6.7b","15","baseline","1","ToStringConverter","FAILED","?","-",,,,"D:\report\report writing\new_output_compare\Original\6.7b\output_6.7b_15 attempts_baseline_run 1"
"original","6.7b","15","baseline","1","UniqueTimestampGenerator","FAILED","?","-",,,,"D:\report\report writing\new_output_compare\Original\6.7b\output_6.7b_15 attempts_baseline_run 1"
"original","6.7b","15","baseline","1","Util","FAILED","?","-",,,,"D:\report\report writing\new_output_compare\Original\6.7b\output_6.7b_15 attempts_baseline_run 1"
"original","6.7b","15","baseline","1","Version","FAILED","?","-",,,,"D:\report\report writing\new_output_compare\Original\6.7b\output_6.7b_15 attempts_baseline_run 1"
"original","6.7b","15","baseline","2","ArrayUtil","SUCCESS","10/57","20/57","17.5438596491228","35.0877192982456","17.5438596491228","D:\report\report writing\new_output_compare\Original\6.7b\output_6.7b_15 attempts_baseline_run 2"
"original","6.7b","15","baseline","2","Axis","FAILED","?","-",,,,"D:\report\report writing\new_output_compare\Original\6.7b\output_6.7b_15 attempts_baseline_run 2"
"original","6.7b","15","baseline","2","Base32","FAILED","?","-",,,,"D:\report\report writing\new_output_compare\Original\6.7b\output_6.7b_15 attempts_baseline_run 2"
"original","6.7b","15","baseline","2","Base64","FAILED","?","-",,,,"D:\report\report writing\new_output_compare\Original\6.7b\output_6.7b_15 attempts_baseline_run 2"
"original","6.7b","15","baseline","2","Base64Coder","FAILED","?","-",,,,"D:\report\report writing\new_output_compare\Original\6.7b\output_6.7b_15 attempts_baseline_run 2"
"original","6.7b","15","baseline","2","BigDecimalUtil","FAILED","?","-",,,,"D:\report\report writing\new_output_compare\Original\6.7b\output_6.7b_15 attempts_baseline_run 2"
"original","6.7b","15","baseline","2","BinaryDisplayConverter","FAILED","?","-",,,,"D:\report\report writing\new_output_compare\Original\6.7b\output_6.7b_15 attempts_baseline_run 2"
"original","6.7b","15","baseline","2","ByteVector","FAILED","?","-",,,,"D:\report\report writing\new_output_compare\Original\6.7b\output_6.7b_15 attempts_baseline_run 2"
"original","6.7b","15","baseline","2","CaselessStringMap","SUCCESS","5/5","-","100",,,"D:\report\report writing\new_output_compare\Original\6.7b\output_6.7b_15 attempts_baseline_run 2"
"original","6.7b","15","baseline","2","CommandLine","FAILED","?","-",,,,"D:\report\report writing\new_output_compare\Original\6.7b\output_6.7b_15 attempts_baseline_run 2"
"original","6.7b","15","baseline","2","DateTools","SUCCESS","16/27","-","59.2592592592593",,,"D:\report\report writing\new_output_compare\Original\6.7b\output_6.7b_15 attempts_baseline_run 2"
"original","6.7b","15","baseline","2","DateUtil","FAILED","?","-",,,,"D:\report\report writing\new_output_compare\Original\6.7b\output_6.7b_15 attempts_baseline_run 2"
"original","6.7b","15","baseline","2","DisplayHelper","FAILED","?","-",,,,"D:\report\report writing\new_output_compare\Original\6.7b\output_6.7b_15 attempts_baseline_run 2"
"original","6.7b","15","baseline","2","EmailFacadeState","SUCCESS","12/13","-","92.3076923076923",,,"D:\report\report writing\new_output_compare\Original\6.7b\output_6.7b_15 attempts_baseline_run 2"
"original","6.7b","15","baseline","2","FilterMatcher","FAILED","?","-",,,,"D:\report\report writing\new_output_compare\Original\6.7b\output_6.7b_15 attempts_baseline_run 2"
"original","6.7b","15","baseline","2","GridLayout2","SUCCESS","18/103","18/103","17.4757281553398","17.4757281553398","0","D:\report\report writing\new_output_compare\Original\6.7b\output_6.7b_15 attempts_baseline_run 2"
"original","6.7b","15","baseline","2","HashCodeUtils","FAILED","?","-",,,,"D:\report\report writing\new_output_compare\Original\6.7b\output_6.7b_15 attempts_baseline_run 2"
"original","6.7b","15","baseline","2","HtmlEncoder","FAILED","?","-",,,,"D:\report\report writing\new_output_compare\Original\6.7b\output_6.7b_15 attempts_baseline_run 2"
"original","6.7b","15","baseline","2","IndexedString","FAILED","?","-",,,,"D:\report\report writing\new_output_compare\Original\6.7b\output_6.7b_15 attempts_baseline_run 2"
"original","6.7b","15","baseline","2","Inflection","FAILED","?","-",,,,"D:\report\report writing\new_output_compare\Original\6.7b\output_6.7b_15 attempts_baseline_run 2"
"original","6.7b","15","baseline","2","InspirentoUtilities","SUCCESS","15/16","-","93.75",,,"D:\report\report writing\new_output_compare\Original\6.7b\output_6.7b_15 attempts_baseline_run 2"
"original","6.7b","15","baseline","2","MapUtil","SUCCESS","16/16","-","100",,,"D:\report\report writing\new_output_compare\Original\6.7b\output_6.7b_15 attempts_baseline_run 2"
"original","6.7b","15","baseline","2","MathUtil","SUCCESS","12/44","-","27.2727272727273",,,"D:\report\report writing\new_output_compare\Original\6.7b\output_6.7b_15 attempts_baseline_run 2"
"original","6.7b","15","baseline","2","NaturalSort","FAILED","?","-",,,,"D:\report\report writing\new_output_compare\Original\6.7b\output_6.7b_15 attempts_baseline_run 2"
"original","6.7b","15","baseline","2","ObjectsUtil","FAILED","?","-",,,,"D:\report\report writing\new_output_compare\Original\6.7b\output_6.7b_15 attempts_baseline_run 2"
"original","6.7b","15","baseline","2","Reference","SUCCESS","10/19","-","52.6315789473684",,,"D:\report\report writing\new_output_compare\Original\6.7b\output_6.7b_15 attempts_baseline_run 2"
"original","6.7b","15","baseline","2","Region","SUCCESS","0/25","-","0",,,"D:\report\report writing\new_output_compare\Original\6.7b\output_6.7b_15 attempts_baseline_run 2"
"original","6.7b","15","baseline","2","SAXPathException","SUCCESS","1/10","-","10",,,"D:\report\report writing\new_output_compare\Original\6.7b\output_6.7b_15 attempts_baseline_run 2"
"original","6.7b","15","baseline","2","SimpleCounter","SUCCESS","2/3","-","66.6666666666667",,,"D:\report\report writing\new_output_compare\Original\6.7b\output_6.7b_15 attempts_baseline_run 2"
"original","6.7b","15","baseline","2","SortedArrayList","FAILED","?","-",,,,"D:\report\report writing\new_output_compare\Original\6.7b\output_6.7b_15 attempts_baseline_run 2"
"original","6.7b","15","baseline","2","SortedMapVector","FAILED","?","-",,,,"D:\report\report writing\new_output_compare\Original\6.7b\output_6.7b_15 attempts_baseline_run 2"
"original","6.7b","15","baseline","2","StringComparator","FAILED","?","-",,,,"D:\report\report writing\new_output_compare\Original\6.7b\output_6.7b_15 attempts_baseline_run 2"
"original","6.7b","15","baseline","2","StringEncoder64","FAILED","?","-",,,,"D:\report\report writing\new_output_compare\Original\6.7b\output_6.7b_15 attempts_baseline_run 2"
"original","6.7b","15","baseline","2","StringLink","FAILED","?","-",,,,"D:\report\report writing\new_output_compare\Original\6.7b\output_6.7b_15 attempts_baseline_run 2"
"original","6.7b","15","baseline","2","StringList","SUCCESS","9/13","-","69.2307692307692",,,"D:\report\report writing\new_output_compare\Original\6.7b\output_6.7b_15 attempts_baseline_run 2"
"original","6.7b","15","baseline","2","StringUtils","FAILED","?","-",,,,"D:\report\report writing\new_output_compare\Original\6.7b\output_6.7b_15 attempts_baseline_run 2"
"original","6.7b","15","baseline","2","ToStringConverter","SUCCESS","7/7","-","100",,,"D:\report\report writing\new_output_compare\Original\6.7b\output_6.7b_15 attempts_baseline_run 2"
"original","6.7b","15","baseline","2","UniqueTimestampGenerator","FAILED","?","-",,,,"D:\report\report writing\new_output_compare\Original\6.7b\output_6.7b_15 attempts_baseline_run 2"
"original","6.7b","15","baseline","2","Util","FAILED","?","-",,,,"D:\report\report writing\new_output_compare\Original\6.7b\output_6.7b_15 attempts_baseline_run 2"
"original","6.7b","15","baseline","2","Version","SUCCESS","8/19","8/19","42.1052631578947","42.1052631578947","0","D:\report\report writing\new_output_compare\Original\6.7b\output_6.7b_15 attempts_baseline_run 2"
"original","6.7b","15","baseline","3","ArrayUtil","SUCCESS","14/57","-","24.5614035087719",,,"D:\report\report writing\new_output_compare\Original\6.7b\output_6.7b_15 attempts_baseline_run 3"
"original","6.7b","15","baseline","3","Axis","SUCCESS","5/40","-","12.5",,,"D:\report\report writing\new_output_compare\Original\6.7b\output_6.7b_15 attempts_baseline_run 3"
"original","6.7b","15","baseline","3","Base32","TIMEOUT","?","-",,,,"D:\report\report writing\new_output_compare\Original\6.7b\output_6.7b_15 attempts_baseline_run 3"
"original","6.7b","15","baseline","3","Base64","FAILED","?","-",,,,"D:\report\report writing\new_output_compare\Original\6.7b\output_6.7b_15 attempts_baseline_run 3"
"original","6.7b","15","baseline","3","Base64Coder","FAILED","?","-",,,,"D:\report\report writing\new_output_compare\Original\6.7b\output_6.7b_15 attempts_baseline_run 3"
"original","6.7b","15","baseline","3","BigDecimalUtil","FAILED","?","-",,,,"D:\report\report writing\new_output_compare\Original\6.7b\output_6.7b_15 attempts_baseline_run 3"
"original","6.7b","15","baseline","3","BinaryDisplayConverter","FAILED","?","-",,,,"D:\report\report writing\new_output_compare\Original\6.7b\output_6.7b_15 attempts_baseline_run 3"
"original","6.7b","15","baseline","3","ByteVector","FAILED","?","-",,,,"D:\report\report writing\new_output_compare\Original\6.7b\output_6.7b_15 attempts_baseline_run 3"
"original","6.7b","15","baseline","3","CaselessStringMap","FAILED","?","-",,,,"D:\report\report writing\new_output_compare\Original\6.7b\output_6.7b_15 attempts_baseline_run 3"
"original","6.7b","15","baseline","3","CommandLine","FAILED","?","-",,,,"D:\report\report writing\new_output_compare\Original\6.7b\output_6.7b_15 attempts_baseline_run 3"
"original","6.7b","15","baseline","3","DateTools","TIMEOUT","?","-",,,,"D:\report\report writing\new_output_compare\Original\6.7b\output_6.7b_15 attempts_baseline_run 3"
"original","6.7b","15","baseline","3","DateUtil","FAILED","?","-",,,,"D:\report\report writing\new_output_compare\Original\6.7b\output_6.7b_15 attempts_baseline_run 3"
"original","6.7b","15","baseline","3","DisplayHelper","FAILED","?","-",,,,"D:\report\report writing\new_output_compare\Original\6.7b\output_6.7b_15 attempts_baseline_run 3"
"original","6.7b","15","baseline","3","EmailFacadeState","SUCCESS","11/13","-","84.6153846153846",,,"D:\report\report writing\new_output_compare\Original\6.7b\output_6.7b_15 attempts_baseline_run 3"
"original","6.7b","15","baseline","3","FilterMatcher","FAILED","?","-",,,,"D:\report\report writing\new_output_compare\Original\6.7b\output_6.7b_15 attempts_baseline_run 3"
"original","6.7b","15","baseline","3","GridLayout2","TIMEOUT","?","-",,,,"D:\report\report writing\new_output_compare\Original\6.7b\output_6.7b_15 attempts_baseline_run 3"
"original","6.7b","15","baseline","3","HashCodeUtils","SUCCESS","32/38","-","84.2105263157895",,,"D:\report\report writing\new_output_compare\Original\6.7b\output_6.7b_15 attempts_baseline_run 3"
"original","6.7b","15","baseline","3","HtmlEncoder","FAILED","?","-",,,,"D:\report\report writing\new_output_compare\Original\6.7b\output_6.7b_15 attempts_baseline_run 3"
"original","6.7b","15","baseline","3","IndexedString","SUCCESS","23/28","27/28","82.1428571428571","96.4285714285714","14.2857142857143","D:\report\report writing\new_output_compare\Original\6.7b\output_6.7b_15 attempts_baseline_run 3"
"original","6.7b","15","baseline","3","Inflection","SUCCESS","11/20","-","55",,,"D:\report\report writing\new_output_compare\Original\6.7b\output_6.7b_15 attempts_baseline_run 3"
"original","6.7b","15","baseline","3","InspirentoUtilities","SUCCESS","15/16","15/16","93.75","93.75","0","D:\report\report writing\new_output_compare\Original\6.7b\output_6.7b_15 attempts_baseline_run 3"
"original","6.7b","15","baseline","3","MapUtil","SUCCESS","15/16","-","93.75",,,"D:\report\report writing\new_output_compare\Original\6.7b\output_6.7b_15 attempts_baseline_run 3"
"original","6.7b","15","baseline","3","MathUtil","SUCCESS","8/44","-","18.1818181818182",,,"D:\report\report writing\new_output_compare\Original\6.7b\output_6.7b_15 attempts_baseline_run 3"
"original","6.7b","15","baseline","3","NaturalSort","FAILED","?","-",,,,"D:\report\report writing\new_output_compare\Original\6.7b\output_6.7b_15 attempts_baseline_run 3"
"original","6.7b","15","baseline","3","ObjectsUtil","TIMEOUT","?","-",,,,"D:\report\report writing\new_output_compare\Original\6.7b\output_6.7b_15 attempts_baseline_run 3"
"original","6.7b","15","baseline","3","Reference","SUCCESS","10/19","13/19","52.6315789473684","68.4210526315789","15.7894736842105","D:\report\report writing\new_output_compare\Original\6.7b\output_6.7b_15 attempts_baseline_run 3"
"original","6.7b","15","baseline","3","Region","TIMEOUT","?","-",,,,"D:\report\report writing\new_output_compare\Original\6.7b\output_6.7b_15 attempts_baseline_run 3"
"original","6.7b","15","baseline","3","SAXPathException","SUCCESS","1/10","-","10",,,"D:\report\report writing\new_output_compare\Original\6.7b\output_6.7b_15 attempts_baseline_run 3"
"original","6.7b","15","baseline","3","SimpleCounter","FAILED","?","-",,,,"D:\report\report writing\new_output_compare\Original\6.7b\output_6.7b_15 attempts_baseline_run 3"
"original","6.7b","15","baseline","3","SortedArrayList","TIMEOUT","?","-",,,,"D:\report\report writing\new_output_compare\Original\6.7b\output_6.7b_15 attempts_baseline_run 3"
"original","6.7b","15","baseline","3","SortedMapVector","FAILED","?","-",,,,"D:\report\report writing\new_output_compare\Original\6.7b\output_6.7b_15 attempts_baseline_run 3"
"original","6.7b","15","baseline","3","StringComparator","FAILED","?","-",,,,"D:\report\report writing\new_output_compare\Original\6.7b\output_6.7b_15 attempts_baseline_run 3"
"original","6.7b","15","baseline","3","StringEncoder64","FAILED","?","-",,,,"D:\report\report writing\new_output_compare\Original\6.7b\output_6.7b_15 attempts_baseline_run 3"
"original","6.7b","15","baseline","3","StringLink","FAILED","?","-",,,,"D:\report\report writing\new_output_compare\Original\6.7b\output_6.7b_15 attempts_baseline_run 3"
"original","6.7b","15","baseline","3","StringList","SUCCESS","6/13","8/13","46.1538461538462","61.5384615384615","15.3846153846154","D:\report\report writing\new_output_compare\Original\6.7b\output_6.7b_15 attempts_baseline_run 3"
"original","6.7b","15","baseline","3","StringUtils","FAILED","?","-",,,,"D:\report\report writing\new_output_compare\Original\6.7b\output_6.7b_15 attempts_baseline_run 3"
"original","6.7b","15","baseline","3","ToStringConverter","FAILED","?","-",,,,"D:\report\report writing\new_output_compare\Original\6.7b\output_6.7b_15 attempts_baseline_run 3"
"original","6.7b","15","baseline","3","UniqueTimestampGenerator","FAILED","?","-",,,,"D:\report\report writing\new_output_compare\Original\6.7b\output_6.7b_15 attempts_baseline_run 3"
"original","6.7b","15","baseline","3","Util","SUCCESS","13/28","17/28","46.4285714285714","60.7142857142857","14.2857142857143","D:\report\report writing\new_output_compare\Original\6.7b\output_6.7b_15 attempts_baseline_run 3"
"original","6.7b","15","baseline","3","Version","FAILED","?","-",,,,"D:\report\report writing\new_output_compare\Original\6.7b\output_6.7b_15 attempts_baseline_run 3"
"original","6.7b","15","detailed","1","ArrayUtil","SUCCESS","30/57","-","52.6315789473684",,,"D:\report\report writing\new_output_compare\Original\6.7b\output_6.7b_15 attempts_detailed_run 1"
"original","6.7b","15","detailed","1","Axis","SUCCESS","14/40","-","35",,,"D:\report\report writing\new_output_compare\Original\6.7b\output_6.7b_15 attempts_detailed_run 1"
"original","6.7b","15","detailed","1","Base32","FAILED","?","-",,,,"D:\report\report writing\new_output_compare\Original\6.7b\output_6.7b_15 attempts_detailed_run 1"
"original","6.7b","15","detailed","1","Base64","FAILED","?","-",,,,"D:\report\report writing\new_output_compare\Original\6.7b\output_6.7b_15 attempts_detailed_run 1"
"original","6.7b","15","detailed","1","Base64Coder","FAILED","?","-",,,,"D:\report\report writing\new_output_compare\Original\6.7b\output_6.7b_15 attempts_detailed_run 1"
"original","6.7b","15","detailed","1","BigDecimalUtil","SUCCESS","4/6","-","66.6666666666667",,,"D:\report\report writing\new_output_compare\Original\6.7b\output_6.7b_15 attempts_detailed_run 1"
"original","6.7b","15","detailed","1","BinaryDisplayConverter","FAILED","?","-",,,,"D:\report\report writing\new_output_compare\Original\6.7b\output_6.7b_15 attempts_detailed_run 1"
"original","6.7b","15","detailed","1","ByteVector","FAILED","?","-",,,,"D:\report\report writing\new_output_compare\Original\6.7b\output_6.7b_15 attempts_detailed_run 1"
"original","6.7b","15","detailed","1","CaselessStringMap","SUCCESS","1/5","-","20",,,"D:\report\report writing\new_output_compare\Original\6.7b\output_6.7b_15 attempts_detailed_run 1"
"original","6.7b","15","detailed","1","CommandLine","SUCCESS","15/32","-","46.875",,,"D:\report\report writing\new_output_compare\Original\6.7b\output_6.7b_15 attempts_detailed_run 1"
"original","6.7b","15","detailed","1","DateTools","SUCCESS","15/27","-","55.5555555555556",,,"D:\report\report writing\new_output_compare\Original\6.7b\output_6.7b_15 attempts_detailed_run 1"
"original","6.7b","15","detailed","1","DateUtil","FAILED","?","-",,,,"D:\report\report writing\new_output_compare\Original\6.7b\output_6.7b_15 attempts_detailed_run 1"
"original","6.7b","15","detailed","1","DisplayHelper","FAILED","?","-",,,,"D:\report\report writing\new_output_compare\Original\6.7b\output_6.7b_15 attempts_detailed_run 1"
"original","6.7b","15","detailed","1","EmailFacadeState","FAILED","?","-",,,,"D:\report\report writing\new_output_compare\Original\6.7b\output_6.7b_15 attempts_detailed_run 1"
"original","6.7b","15","detailed","1","FilterMatcher","FAILED","?","-",,,,"D:\report\report writing\new_output_compare\Original\6.7b\output_6.7b_15 attempts_detailed_run 1"
"original","6.7b","15","detailed","1","GridLayout2","SUCCESS","0/103","-","0",,,"D:\report\report writing\new_output_compare\Original\6.7b\output_6.7b_15 attempts_detailed_run 1"
"original","6.7b","15","detailed","1","HashCodeUtils","SUCCESS","34/38","-","89.4736842105263",,,"D:\report\report writing\new_output_compare\Original\6.7b\output_6.7b_15 attempts_detailed_run 1"
"original","6.7b","15","detailed","1","HtmlEncoder","FAILED","?","-",,,,"D:\report\report writing\new_output_compare\Original\6.7b\output_6.7b_15 attempts_detailed_run 1"
"original","6.7b","15","detailed","1","IndexedString","FAILED","?","-",,,,"D:\report\report writing\new_output_compare\Original\6.7b\output_6.7b_15 attempts_detailed_run 1"
"original","6.7b","15","detailed","1","Inflection","FAILED","?","-",,,,"D:\report\report writing\new_output_compare\Original\6.7b\output_6.7b_15 attempts_detailed_run 1"
"original","6.7b","15","detailed","1","InspirentoUtilities","FAILED","?","-",,,,"D:\report\report writing\new_output_compare\Original\6.7b\output_6.7b_15 attempts_detailed_run 1"
"original","6.7b","15","detailed","1","MapUtil","SUCCESS","16/16","-","100",,,"D:\report\report writing\new_output_compare\Original\6.7b\output_6.7b_15 attempts_detailed_run 1"
"original","6.7b","15","detailed","1","MathUtil","FAILED","?","-",,,,"D:\report\report writing\new_output_compare\Original\6.7b\output_6.7b_15 attempts_detailed_run 1"
"original","6.7b","15","detailed","1","NaturalSort","SUCCESS","21/66","-","31.8181818181818",,,"D:\report\report writing\new_output_compare\Original\6.7b\output_6.7b_15 attempts_detailed_run 1"
"original","6.7b","15","detailed","1","ObjectsUtil","FAILED","?","-",,,,"D:\report\report writing\new_output_compare\Original\6.7b\output_6.7b_15 attempts_detailed_run 1"
"original","6.7b","15","detailed","1","Reference","FAILED","?","-",,,,"D:\report\report writing\new_output_compare\Original\6.7b\output_6.7b_15 attempts_detailed_run 1"
"original","6.7b","15","detailed","1","Region","FAILED","?","-",,,,"D:\report\report writing\new_output_compare\Original\6.7b\output_6.7b_15 attempts_detailed_run 1"
"original","6.7b","15","detailed","1","SAXPathException","SUCCESS","1/10","-","10",,,"D:\report\report writing\new_output_compare\Original\6.7b\output_6.7b_15 attempts_detailed_run 1"
"original","6.7b","15","detailed","1","SimpleCounter","FAILED","?","-",,,,"D:\report\report writing\new_output_compare\Original\6.7b\output_6.7b_15 attempts_detailed_run 1"
"original","6.7b","15","detailed","1","SortedArrayList","FAILED","?","-",,,,"D:\report\report writing\new_output_compare\Original\6.7b\output_6.7b_15 attempts_detailed_run 1"
"original","6.7b","15","detailed","1","SortedMapVector","FAILED","?","-",,,,"D:\report\report writing\new_output_compare\Original\6.7b\output_6.7b_15 attempts_detailed_run 1"
"original","6.7b","15","detailed","1","StringComparator","SUCCESS","13/16","-","81.25",,,"D:\report\report writing\new_output_compare\Original\6.7b\output_6.7b_15 attempts_detailed_run 1"
"original","6.7b","15","detailed","1","StringEncoder64","FAILED","?","-",,,,"D:\report\report writing\new_output_compare\Original\6.7b\output_6.7b_15 attempts_detailed_run 1"
"original","6.7b","15","detailed","1","StringLink","FAILED","?","-",,,,"D:\report\report writing\new_output_compare\Original\6.7b\output_6.7b_15 attempts_detailed_run 1"
"original","6.7b","15","detailed","1","StringList","SUCCESS","5/13","-","38.4615384615385",,,"D:\report\report writing\new_output_compare\Original\6.7b\output_6.7b_15 attempts_detailed_run 1"
"original","6.7b","15","detailed","1","StringUtils","FAILED","?","-",,,,"D:\report\report writing\new_output_compare\Original\6.7b\output_6.7b_15 attempts_detailed_run 1"
"original","6.7b","15","detailed","1","ToStringConverter","FAILED","?","-",,,,"D:\report\report writing\new_output_compare\Original\6.7b\output_6.7b_15 attempts_detailed_run 1"
"original","6.7b","15","detailed","1","UniqueTimestampGenerator","FAILED","?","-",,,,"D:\report\report writing\new_output_compare\Original\6.7b\output_6.7b_15 attempts_detailed_run 1"
"original","6.7b","15","detailed","1","Util","FAILED","?","-",,,,"D:\report\report writing\new_output_compare\Original\6.7b\output_6.7b_15 attempts_detailed_run 1"
"original","6.7b","15","detailed","1","Version","FAILED","?","-",,,,"D:\report\report writing\new_output_compare\Original\6.7b\output_6.7b_15 attempts_detailed_run 1"
"original","6.7b","15","detailed","2","ArrayUtil","SUCCESS","40/57","-","70.1754385964912",,,"D:\report\report writing\new_output_compare\Original\6.7b\output_6.7b_15 attempts_detailed_run 2"
"original","6.7b","15","detailed","2","Axis","FAILED","?","-",,,,"D:\report\report writing\new_output_compare\Original\6.7b\output_6.7b_15 attempts_detailed_run 2"
"original","6.7b","15","detailed","2","Base32","FAILED","?","-",,,,"D:\report\report writing\new_output_compare\Original\6.7b\output_6.7b_15 attempts_detailed_run 2"
"original","6.7b","15","detailed","2","Base64","FAILED","?","-",,,,"D:\report\report writing\new_output_compare\Original\6.7b\output_6.7b_15 attempts_detailed_run 2"
"original","6.7b","15","detailed","2","Base64Coder","FAILED","?","-",,,,"D:\report\report writing\new_output_compare\Original\6.7b\output_6.7b_15 attempts_detailed_run 2"
"original","6.7b","15","detailed","2","BigDecimalUtil","FAILED","?","-",,,,"D:\report\report writing\new_output_compare\Original\6.7b\output_6.7b_15 attempts_detailed_run 2"
"original","6.7b","15","detailed","2","BinaryDisplayConverter","FAILED","?","-",,,,"D:\report\report writing\new_output_compare\Original\6.7b\output_6.7b_15 attempts_detailed_run 2"
"original","6.7b","15","detailed","2","ByteVector","FAILED","?","-",,,,"D:\report\report writing\new_output_compare\Original\6.7b\output_6.7b_15 attempts_detailed_run 2"
"original","6.7b","15","detailed","2","CaselessStringMap","FAILED","?","-",,,,"D:\report\report writing\new_output_compare\Original\6.7b\output_6.7b_15 attempts_detailed_run 2"
"original","6.7b","15","detailed","2","CommandLine","FAILED","?","-",,,,"D:\report\report writing\new_output_compare\Original\6.7b\output_6.7b_15 attempts_detailed_run 2"
"original","6.7b","15","detailed","2","DateTools","FAILED","?","-",,,,"D:\report\report writing\new_output_compare\Original\6.7b\output_6.7b_15 attempts_detailed_run 2"
"original","6.7b","15","detailed","2","DateUtil","FAILED","?","-",,,,"D:\report\report writing\new_output_compare\Original\6.7b\output_6.7b_15 attempts_detailed_run 2"
"original","6.7b","15","detailed","2","DisplayHelper","FAILED","?","-",,,,"D:\report\report writing\new_output_compare\Original\6.7b\output_6.7b_15 attempts_detailed_run 2"
"original","6.7b","15","detailed","2","EmailFacadeState","FAILED","?","-",,,,"D:\report\report writing\new_output_compare\Original\6.7b\output_6.7b_15 attempts_detailed_run 2"
"original","6.7b","15","detailed","2","FilterMatcher","FAILED","?","-",,,,"D:\report\report writing\new_output_compare\Original\6.7b\output_6.7b_15 attempts_detailed_run 2"
"original","6.7b","15","detailed","2","GridLayout2","SUCCESS","0/103","-","0",,,"D:\report\report writing\new_output_compare\Original\6.7b\output_6.7b_15 attempts_detailed_run 2"
"original","6.7b","15","detailed","2","HashCodeUtils","FAILED","?","-",,,,"D:\report\report writing\new_output_compare\Original\6.7b\output_6.7b_15 attempts_detailed_run 2"
"original","6.7b","15","detailed","2","HtmlEncoder","FAILED","?","-",,,,"D:\report\report writing\new_output_compare\Original\6.7b\output_6.7b_15 attempts_detailed_run 2"
"original","6.7b","15","detailed","2","IndexedString","FAILED","?","-",,,,"D:\report\report writing\new_output_compare\Original\6.7b\output_6.7b_15 attempts_detailed_run 2"
"original","6.7b","15","detailed","2","Inflection","FAILED","?","-",,,,"D:\report\report writing\new_output_compare\Original\6.7b\output_6.7b_15 attempts_detailed_run 2"
"original","6.7b","15","detailed","2","InspirentoUtilities","FAILED","?","-",,,,"D:\report\report writing\new_output_compare\Original\6.7b\output_6.7b_15 attempts_detailed_run 2"
"original","6.7b","15","detailed","2","MapUtil","SUCCESS","15/16","-","93.75",,,"D:\report\report writing\new_output_compare\Original\6.7b\output_6.7b_15 attempts_detailed_run 2"
"original","6.7b","15","detailed","2","MathUtil","FAILED","?","-",,,,"D:\report\report writing\new_output_compare\Original\6.7b\output_6.7b_15 attempts_detailed_run 2"
"original","6.7b","15","detailed","2","NaturalSort","FAILED","?","-",,,,"D:\report\report writing\new_output_compare\Original\6.7b\output_6.7b_15 attempts_detailed_run 2"
"original","6.7b","15","detailed","2","ObjectsUtil","SUCCESS","5/14","-","35.7142857142857",,,"D:\report\report writing\new_output_compare\Original\6.7b\output_6.7b_15 attempts_detailed_run 2"
"original","6.7b","15","detailed","2","Reference","SUCCESS","8/19","-","42.1052631578947",,,"D:\report\report writing\new_output_compare\Original\6.7b\output_6.7b_15 attempts_detailed_run 2"
"original","6.7b","15","detailed","2","Region","FAILED","?","-",,,,"D:\report\report writing\new_output_compare\Original\6.7b\output_6.7b_15 attempts_detailed_run 2"
"original","6.7b","15","detailed","2","SAXPathException","SUCCESS","1/10","-","10",,,"D:\report\report writing\new_output_compare\Original\6.7b\output_6.7b_15 attempts_detailed_run 2"
"original","6.7b","15","detailed","2","SimpleCounter","SUCCESS","3/3","-","100",,,"D:\report\report writing\new_output_compare\Original\6.7b\output_6.7b_15 attempts_detailed_run 2"
"original","6.7b","15","detailed","2","SortedArrayList","SUCCESS","16/19","-","84.2105263157895",,,"D:\report\report writing\new_output_compare\Original\6.7b\output_6.7b_15 attempts_detailed_run 2"
"original","6.7b","15","detailed","2","SortedMapVector","FAILED","?","-",,,,"D:\report\report writing\new_output_compare\Original\6.7b\output_6.7b_15 attempts_detailed_run 2"
"original","6.7b","15","detailed","2","StringComparator","FAILED","?","-",,,,"D:\report\report writing\new_output_compare\Original\6.7b\output_6.7b_15 attempts_detailed_run 2"
"original","6.7b","15","detailed","2","StringEncoder64","FAILED","?","-",,,,"D:\report\report writing\new_output_compare\Original\6.7b\output_6.7b_15 attempts_detailed_run 2"
"original","6.7b","15","detailed","2","StringLink","FAILED","?","-",,,,"D:\report\report writing\new_output_compare\Original\6.7b\output_6.7b_15 attempts_detailed_run 2"
"original","6.7b","15","detailed","2","StringList","FAILED","?","-",,,,"D:\report\report writing\new_output_compare\Original\6.7b\output_6.7b_15 attempts_detailed_run 2"
"original","6.7b","15","detailed","2","StringUtils","FAILED","?","-",,,,"D:\report\report writing\new_output_compare\Original\6.7b\output_6.7b_15 attempts_detailed_run 2"
"original","6.7b","15","detailed","2","ToStringConverter","FAILED","?","-",,,,"D:\report\report writing\new_output_compare\Original\6.7b\output_6.7b_15 attempts_detailed_run 2"
"original","6.7b","15","detailed","2","UniqueTimestampGenerator","FAILED","?","-",,,,"D:\report\report writing\new_output_compare\Original\6.7b\output_6.7b_15 attempts_detailed_run 2"
"original","6.7b","15","detailed","2","Util","SUCCESS","17/28","-","60.7142857142857",,,"D:\report\report writing\new_output_compare\Original\6.7b\output_6.7b_15 attempts_detailed_run 2"
"original","6.7b","15","detailed","2","Version","FAILED","?","-",,,,"D:\report\report writing\new_output_compare\Original\6.7b\output_6.7b_15 attempts_detailed_run 2"
"original","6.7b","15","detailed","3","ArrayUtil","SUCCESS","20/57","-","35.0877192982456",,,"D:\report\report writing\new_output_compare\Original\6.7b\output_6.7b_15 attempts_detailed_run 3"
"original","6.7b","15","detailed","3","Axis","SUCCESS","19/40","-","47.5",,,"D:\report\report writing\new_output_compare\Original\6.7b\output_6.7b_15 attempts_detailed_run 3"
"original","6.7b","15","detailed","3","Base32","FAILED","?","-",,,,"D:\report\report writing\new_output_compare\Original\6.7b\output_6.7b_15 attempts_detailed_run 3"
"original","6.7b","15","detailed","3","Base64","FAILED","?","-",,,,"D:\report\report writing\new_output_compare\Original\6.7b\output_6.7b_15 attempts_detailed_run 3"
"original","6.7b","15","detailed","3","Base64Coder","FAILED","?","-",,,,"D:\report\report writing\new_output_compare\Original\6.7b\output_6.7b_15 attempts_detailed_run 3"
"original","6.7b","15","detailed","3","BigDecimalUtil","FAILED","?","-",,,,"D:\report\report writing\new_output_compare\Original\6.7b\output_6.7b_15 attempts_detailed_run 3"
"original","6.7b","15","detailed","3","BinaryDisplayConverter","FAILED","?","-",,,,"D:\report\report writing\new_output_compare\Original\6.7b\output_6.7b_15 attempts_detailed_run 3"
"original","6.7b","15","detailed","3","ByteVector","FAILED","?","-",,,,"D:\report\report writing\new_output_compare\Original\6.7b\output_6.7b_15 attempts_detailed_run 3"
"original","6.7b","15","detailed","3","CaselessStringMap","FAILED","?","-",,,,"D:\report\report writing\new_output_compare\Original\6.7b\output_6.7b_15 attempts_detailed_run 3"
"original","6.7b","15","detailed","3","CommandLine","FAILED","?","-",,,,"D:\report\report writing\new_output_compare\Original\6.7b\output_6.7b_15 attempts_detailed_run 3"
"original","6.7b","15","detailed","3","DateTools","FAILED","?","-",,,,"D:\report\report writing\new_output_compare\Original\6.7b\output_6.7b_15 attempts_detailed_run 3"
"original","6.7b","15","detailed","3","DateUtil","FAILED","?","-",,,,"D:\report\report writing\new_output_compare\Original\6.7b\output_6.7b_15 attempts_detailed_run 3"
"original","6.7b","15","detailed","3","DisplayHelper","FAILED","?","-",,,,"D:\report\report writing\new_output_compare\Original\6.7b\output_6.7b_15 attempts_detailed_run 3"
"original","6.7b","15","detailed","3","EmailFacadeState","FAILED","?","-",,,,"D:\report\report writing\new_output_compare\Original\6.7b\output_6.7b_15 attempts_detailed_run 3"
"original","6.7b","15","detailed","3","FilterMatcher","FAILED","?","-",,,,"D:\report\report writing\new_output_compare\Original\6.7b\output_6.7b_15 attempts_detailed_run 3"
"original","6.7b","15","detailed","3","GridLayout2","SUCCESS","0/103","-","0",,,"D:\report\report writing\new_output_compare\Original\6.7b\output_6.7b_15 attempts_detailed_run 3"
"original","6.7b","15","detailed","3","HashCodeUtils","SUCCESS","31/38","-","81.5789473684211",,,"D:\report\report writing\new_output_compare\Original\6.7b\output_6.7b_15 attempts_detailed_run 3"
"original","6.7b","15","detailed","3","HtmlEncoder","FAILED","?","-",,,,"D:\report\report writing\new_output_compare\Original\6.7b\output_6.7b_15 attempts_detailed_run 3"
"original","6.7b","15","detailed","3","IndexedString","SUCCESS","25/28","-","89.2857142857143",,,"D:\report\report writing\new_output_compare\Original\6.7b\output_6.7b_15 attempts_detailed_run 3"
"original","6.7b","15","detailed","3","Inflection","FAILED","?","-",,,,"D:\report\report writing\new_output_compare\Original\6.7b\output_6.7b_15 attempts_detailed_run 3"
"original","6.7b","15","detailed","3","InspirentoUtilities","FAILED","?","-",,,,"D:\report\report writing\new_output_compare\Original\6.7b\output_6.7b_15 attempts_detailed_run 3"
"original","6.7b","15","detailed","3","MapUtil","SUCCESS","15/16","-","93.75",,,"D:\report\report writing\new_output_compare\Original\6.7b\output_6.7b_15 attempts_detailed_run 3"
"original","6.7b","15","detailed","3","MathUtil","SUCCESS","25/44","-","56.8181818181818",,,"D:\report\report writing\new_output_compare\Original\6.7b\output_6.7b_15 attempts_detailed_run 3"
"original","6.7b","15","detailed","3","NaturalSort","FAILED","?","-",,,,"D:\report\report writing\new_output_compare\Original\6.7b\output_6.7b_15 attempts_detailed_run 3"
"original","6.7b","15","detailed","3","ObjectsUtil","FAILED","?","-",,,,"D:\report\report writing\new_output_compare\Original\6.7b\output_6.7b_15 attempts_detailed_run 3"
"original","6.7b","15","detailed","3","Reference","FAILED","?","-",,,,"D:\report\report writing\new_output_compare\Original\6.7b\output_6.7b_15 attempts_detailed_run 3"
"original","6.7b","15","detailed","3","Region","SUCCESS","8/25","-","32",,,"D:\report\report writing\new_output_compare\Original\6.7b\output_6.7b_15 attempts_detailed_run 3"
"original","6.7b","15","detailed","3","SAXPathException","SUCCESS","1/10","-","10",,,"D:\report\report writing\new_output_compare\Original\6.7b\output_6.7b_15 attempts_detailed_run 3"
"original","6.7b","15","detailed","3","SimpleCounter","FAILED","?","-",,,,"D:\report\report writing\new_output_compare\Original\6.7b\output_6.7b_15 attempts_detailed_run 3"
"original","6.7b","15","detailed","3","SortedArrayList","FAILED","?","-",,,,"D:\report\report writing\new_output_compare\Original\6.7b\output_6.7b_15 attempts_detailed_run 3"
"original","6.7b","15","detailed","3","SortedMapVector","FAILED","?","-",,,,"D:\report\report writing\new_output_compare\Original\6.7b\output_6.7b_15 attempts_detailed_run 3"
"original","6.7b","15","detailed","3","StringComparator","FAILED","?","-",,,,"D:\report\report writing\new_output_compare\Original\6.7b\output_6.7b_15 attempts_detailed_run 3"
"original","6.7b","15","detailed","3","StringEncoder64","FAILED","?","-",,,,"D:\report\report writing\new_output_compare\Original\6.7b\output_6.7b_15 attempts_detailed_run 3"
"original","6.7b","15","detailed","3","StringLink","SUCCESS","8/15","-","53.3333333333333",,,"D:\report\report writing\new_output_compare\Original\6.7b\output_6.7b_15 attempts_detailed_run 3"
"original","6.7b","15","detailed","3","StringList","SUCCESS","13/13","-","100",,,"D:\report\report writing\new_output_compare\Original\6.7b\output_6.7b_15 attempts_detailed_run 3"
"original","6.7b","15","detailed","3","StringUtils","FAILED","?","-",,,,"D:\report\report writing\new_output_compare\Original\6.7b\output_6.7b_15 attempts_detailed_run 3"
"original","6.7b","15","detailed","3","ToStringConverter","SUCCESS","5/7","6/7","71.4285714285714","85.7142857142857","14.2857142857143","D:\report\report writing\new_output_compare\Original\6.7b\output_6.7b_15 attempts_detailed_run 3"
"original","6.7b","15","detailed","3","UniqueTimestampGenerator","FAILED","?","-",,,,"D:\report\report writing\new_output_compare\Original\6.7b\output_6.7b_15 attempts_detailed_run 3"
"original","6.7b","15","detailed","3","Util","FAILED","?","-",,,,"D:\report\report writing\new_output_compare\Original\6.7b\output_6.7b_15 attempts_detailed_run 3"
"original","6.7b","15","detailed","3","Version","SUCCESS","14/19","-","73.6842105263158",,,"D:\report\report writing\new_output_compare\Original\6.7b\output_6.7b_15 attempts_detailed_run 3"
"original","6.7b","5","baseline","1","ArrayUtil","SUCCESS","12/57","-","21.0526315789474",,,"D:\report\report writing\new_output_compare\Original\6.7b\output_6.7b_5 attempts_baseline_run 1"
"original","6.7b","5","baseline","1","Axis","FAILED","?","-",,,,"D:\report\report writing\new_output_compare\Original\6.7b\output_6.7b_5 attempts_baseline_run 1"
"original","6.7b","5","baseline","1","Base32","FAILED","?","-",,,,"D:\report\report writing\new_output_compare\Original\6.7b\output_6.7b_5 attempts_baseline_run 1"
"original","6.7b","5","baseline","1","Base64","FAILED","?","-",,,,"D:\report\report writing\new_output_compare\Original\6.7b\output_6.7b_5 attempts_baseline_run 1"
"original","6.7b","5","baseline","1","Base64Coder","FAILED","?","-",,,,"D:\report\report writing\new_output_compare\Original\6.7b\output_6.7b_5 attempts_baseline_run 1"
"original","6.7b","5","baseline","1","BigDecimalUtil","FAILED","?","-",,,,"D:\report\report writing\new_output_compare\Original\6.7b\output_6.7b_5 attempts_baseline_run 1"
"original","6.7b","5","baseline","1","BinaryDisplayConverter","FAILED","?","-",,,,"D:\report\report writing\new_output_compare\Original\6.7b\output_6.7b_5 attempts_baseline_run 1"
"original","6.7b","5","baseline","1","ByteVector","FAILED","?","-",,,,"D:\report\report writing\new_output_compare\Original\6.7b\output_6.7b_5 attempts_baseline_run 1"
"original","6.7b","5","baseline","1","CaselessStringMap","FAILED","?","-",,,,"D:\report\report writing\new_output_compare\Original\6.7b\output_6.7b_5 attempts_baseline_run 1"
"original","6.7b","5","baseline","1","CommandLine","FAILED","?","-",,,,"D:\report\report writing\new_output_compare\Original\6.7b\output_6.7b_5 attempts_baseline_run 1"
"original","6.7b","5","baseline","1","DateTools","FAILED","?","-",,,,"D:\report\report writing\new_output_compare\Original\6.7b\output_6.7b_5 attempts_baseline_run 1"
"original","6.7b","5","baseline","1","DateUtil","FAILED","?","-",,,,"D:\report\report writing\new_output_compare\Original\6.7b\output_6.7b_5 attempts_baseline_run 1"
"original","6.7b","5","baseline","1","DisplayHelper","FAILED","?","-",,,,"D:\report\report writing\new_output_compare\Original\6.7b\output_6.7b_5 attempts_baseline_run 1"
"original","6.7b","5","baseline","1","EmailFacadeState","FAILED","?","-",,,,"D:\report\report writing\new_output_compare\Original\6.7b\output_6.7b_5 attempts_baseline_run 1"
"original","6.7b","5","baseline","1","FilterMatcher","FAILED","?","-",,,,"D:\report\report writing\new_output_compare\Original\6.7b\output_6.7b_5 attempts_baseline_run 1"
"original","6.7b","5","baseline","1","GridLayout2","SUCCESS","0/103","-","0",,,"D:\report\report writing\new_output_compare\Original\6.7b\output_6.7b_5 attempts_baseline_run 1"
"original","6.7b","5","baseline","1","HashCodeUtils","SUCCESS","23/38","18/38","60.5263157894737","47.3684210526316","-13.1578947368421","D:\report\report writing\new_output_compare\Original\6.7b\output_6.7b_5 attempts_baseline_run 1"
"original","6.7b","5","baseline","1","HtmlEncoder","FAILED","?","-",,,,"D:\report\report writing\new_output_compare\Original\6.7b\output_6.7b_5 attempts_baseline_run 1"
"original","6.7b","5","baseline","1","IndexedString","FAILED","?","-",,,,"D:\report\report writing\new_output_compare\Original\6.7b\output_6.7b_5 attempts_baseline_run 1"
"original","6.7b","5","baseline","1","Inflection","FAILED","?","-",,,,"D:\report\report writing\new_output_compare\Original\6.7b\output_6.7b_5 attempts_baseline_run 1"
"original","6.7b","5","baseline","1","InspirentoUtilities","SUCCESS","15/16","-","93.75",,,"D:\report\report writing\new_output_compare\Original\6.7b\output_6.7b_5 attempts_baseline_run 1"
"original","6.7b","5","baseline","1","MapUtil","SUCCESS","16/16","-","100",,,"D:\report\report writing\new_output_compare\Original\6.7b\output_6.7b_5 attempts_baseline_run 1"
"original","6.7b","5","baseline","1","MathUtil","FAILED","?","-",,,,"D:\report\report writing\new_output_compare\Original\6.7b\output_6.7b_5 attempts_baseline_run 1"
"original","6.7b","5","baseline","1","NaturalSort","FAILED","?","-",,,,"D:\report\report writing\new_output_compare\Original\6.7b\output_6.7b_5 attempts_baseline_run 1"
"original","6.7b","5","baseline","1","ObjectsUtil","FAILED","?","-",,,,"D:\report\report writing\new_output_compare\Original\6.7b\output_6.7b_5 attempts_baseline_run 1"
"original","6.7b","5","baseline","1","Reference","SUCCESS","9/19","-","47.3684210526316",,,"D:\report\report writing\new_output_compare\Original\6.7b\output_6.7b_5 attempts_baseline_run 1"
"original","6.7b","5","baseline","1","Region","FAILED","?","-",,,,"D:\report\report writing\new_output_compare\Original\6.7b\output_6.7b_5 attempts_baseline_run 1"
"original","6.7b","5","baseline","1","SAXPathException","SUCCESS","2/10","1/10","20","10","-10","D:\report\report writing\new_output_compare\Original\6.7b\output_6.7b_5 attempts_baseline_run 1"
"original","6.7b","5","baseline","1","SimpleCounter","TIMEOUT","?","-",,,,"D:\report\report writing\new_output_compare\Original\6.7b\output_6.7b_5 attempts_baseline_run 1"
"original","6.7b","5","baseline","1","SortedArrayList","FAILED","?","-",,,,"D:\report\report writing\new_output_compare\Original\6.7b\output_6.7b_5 attempts_baseline_run 1"
"original","6.7b","5","baseline","1","SortedMapVector","FAILED","?","-",,,,"D:\report\report writing\new_output_compare\Original\6.7b\output_6.7b_5 attempts_baseline_run 1"
"original","6.7b","5","baseline","1","StringComparator","FAILED","?","-",,,,"D:\report\report writing\new_output_compare\Original\6.7b\output_6.7b_5 attempts_baseline_run 1"
"original","6.7b","5","baseline","1","StringEncoder64","FAILED","?","-",,,,"D:\report\report writing\new_output_compare\Original\6.7b\output_6.7b_5 attempts_baseline_run 1"
"original","6.7b","5","baseline","1","StringLink","FAILED","?","-",,,,"D:\report\report writing\new_output_compare\Original\6.7b\output_6.7b_5 attempts_baseline_run 1"
"original","6.7b","5","baseline","1","StringList","SUCCESS","10/13","10/13","76.9230769230769","76.9230769230769","0","D:\report\report writing\new_output_compare\Original\6.7b\output_6.7b_5 attempts_baseline_run 1"
"original","6.7b","5","baseline","1","StringUtils","FAILED","?","-",,,,"D:\report\report writing\new_output_compare\Original\6.7b\output_6.7b_5 attempts_baseline_run 1"
"original","6.7b","5","baseline","1","ToStringConverter","SUCCESS","7/7","-","100",,,"D:\report\report writing\new_output_compare\Original\6.7b\output_6.7b_5 attempts_baseline_run 1"
"original","6.7b","5","baseline","1","UniqueTimestampGenerator","FAILED","?","-",,,,"D:\report\report writing\new_output_compare\Original\6.7b\output_6.7b_5 attempts_baseline_run 1"
"original","6.7b","5","baseline","1","Util","SUCCESS","15/28","-","53.5714285714286",,,"D:\report\report writing\new_output_compare\Original\6.7b\output_6.7b_5 attempts_baseline_run 1"
"original","6.7b","5","baseline","1","Version","SUCCESS","14/19","-","73.6842105263158",,,"D:\report\report writing\new_output_compare\Original\6.7b\output_6.7b_5 attempts_baseline_run 1"
"original","6.7b","5","baseline","2","ArrayUtil","SUCCESS","12/57","22/57","21.0526315789474","38.5964912280702","17.5438596491228","D:\report\report writing\new_output_compare\Original\6.7b\output_6.7b_5 attempts_baseline_run 2"
"original","6.7b","5","baseline","2","Axis","FAILED","?","-",,,,"D:\report\report writing\new_output_compare\Original\6.7b\output_6.7b_5 attempts_baseline_run 2"
"original","6.7b","5","baseline","2","Base32","FAILED","?","-",,,,"D:\report\report writing\new_output_compare\Original\6.7b\output_6.7b_5 attempts_baseline_run 2"
"original","6.7b","5","baseline","2","Base64","SUCCESS","73/95","-","76.8421052631579",,,"D:\report\report writing\new_output_compare\Original\6.7b\output_6.7b_5 attempts_baseline_run 2"
"original","6.7b","5","baseline","2","Base64Coder","FAILED","?","-",,,,"D:\report\report writing\new_output_compare\Original\6.7b\output_6.7b_5 attempts_baseline_run 2"
"original","6.7b","5","baseline","2","BigDecimalUtil","FAILED","?","-",,,,"D:\report\report writing\new_output_compare\Original\6.7b\output_6.7b_5 attempts_baseline_run 2"
"original","6.7b","5","baseline","2","BinaryDisplayConverter","FAILED","?","-",,,,"D:\report\report writing\new_output_compare\Original\6.7b\output_6.7b_5 attempts_baseline_run 2"
"original","6.7b","5","baseline","2","ByteVector","FAILED","?","-",,,,"D:\report\report writing\new_output_compare\Original\6.7b\output_6.7b_5 attempts_baseline_run 2"
"original","6.7b","5","baseline","2","CaselessStringMap","FAILED","?","-",,,,"D:\report\report writing\new_output_compare\Original\6.7b\output_6.7b_5 attempts_baseline_run 2"
"original","6.7b","5","baseline","2","CommandLine","FAILED","?","-",,,,"D:\report\report writing\new_output_compare\Original\6.7b\output_6.7b_5 attempts_baseline_run 2"
"original","6.7b","5","baseline","2","DateTools","FAILED","?","-",,,,"D:\report\report writing\new_output_compare\Original\6.7b\output_6.7b_5 attempts_baseline_run 2"
"original","6.7b","5","baseline","2","DateUtil","FAILED","?","-",,,,"D:\report\report writing\new_output_compare\Original\6.7b\output_6.7b_5 attempts_baseline_run 2"
"original","6.7b","5","baseline","2","DisplayHelper","FAILED","?","-",,,,"D:\report\report writing\new_output_compare\Original\6.7b\output_6.7b_5 attempts_baseline_run 2"
"original","6.7b","5","baseline","2","EmailFacadeState","FAILED","?","-",,,,"D:\report\report writing\new_output_compare\Original\6.7b\output_6.7b_5 attempts_baseline_run 2"
"original","6.7b","5","baseline","2","FilterMatcher","FAILED","?","-",,,,"D:\report\report writing\new_output_compare\Original\6.7b\output_6.7b_5 attempts_baseline_run 2"
"original","6.7b","5","baseline","2","GridLayout2","FAILED","?","-",,,,"D:\report\report writing\new_output_compare\Original\6.7b\output_6.7b_5 attempts_baseline_run 2"
"original","6.7b","5","baseline","2","HashCodeUtils","FAILED","?","-",,,,"D:\report\report writing\new_output_compare\Original\6.7b\output_6.7b_5 attempts_baseline_run 2"
"original","6.7b","5","baseline","2","HtmlEncoder","FAILED","?","-",,,,"D:\report\report writing\new_output_compare\Original\6.7b\output_6.7b_5 attempts_baseline_run 2"
"original","6.7b","5","baseline","2","IndexedString","FAILED","?","-",,,,"D:\report\report writing\new_output_compare\Original\6.7b\output_6.7b_5 attempts_baseline_run 2"
"original","6.7b","5","baseline","2","Inflection","FAILED","?","-",,,,"D:\report\report writing\new_output_compare\Original\6.7b\output_6.7b_5 attempts_baseline_run 2"
"original","6.7b","5","baseline","2","InspirentoUtilities","FAILED","?","-",,,,"D:\report\report writing\new_output_compare\Original\6.7b\output_6.7b_5 attempts_baseline_run 2"
"original","6.7b","5","baseline","2","MapUtil","FAILED","?","-",,,,"D:\report\report writing\new_output_compare\Original\6.7b\output_6.7b_5 attempts_baseline_run 2"
"original","6.7b","5","baseline","2","MathUtil","FAILED","?","-",,,,"D:\report\report writing\new_output_compare\Original\6.7b\output_6.7b_5 attempts_baseline_run 2"
"original","6.7b","5","baseline","2","NaturalSort","SUCCESS","26/66","-","39.3939393939394",,,"D:\report\report writing\new_output_compare\Original\6.7b\output_6.7b_5 attempts_baseline_run 2"
"original","6.7b","5","baseline","2","ObjectsUtil","FAILED","?","-",,,,"D:\report\report writing\new_output_compare\Original\6.7b\output_6.7b_5 attempts_baseline_run 2"
"original","6.7b","5","baseline","2","Reference","FAILED","?","-",,,,"D:\report\report writing\new_output_compare\Original\6.7b\output_6.7b_5 attempts_baseline_run 2"
"original","6.7b","5","baseline","2","Region","FAILED","?","-",,,,"D:\report\report writing\new_output_compare\Original\6.7b\output_6.7b_5 attempts_baseline_run 2"
"original","6.7b","5","baseline","2","SAXPathException","SUCCESS","2/10","-","20",,,"D:\report\report writing\new_output_compare\Original\6.7b\output_6.7b_5 attempts_baseline_run 2"
"original","6.7b","5","baseline","2","SimpleCounter","SUCCESS","2/3","2/3","66.6666666666667","66.6666666666667","0","D:\report\report writing\new_output_compare\Original\6.7b\output_6.7b_5 attempts_baseline_run 2"
"original","6.7b","5","baseline","2","SortedArrayList","SUCCESS","9/19","-","47.3684210526316",,,"D:\report\report writing\new_output_compare\Original\6.7b\output_6.7b_5 attempts_baseline_run 2"
"original","6.7b","5","baseline","2","SortedMapVector","FAILED","?","-",,,,"D:\report\report writing\new_output_compare\Original\6.7b\output_6.7b_5 attempts_baseline_run 2"
"original","6.7b","5","baseline","2","StringComparator","FAILED","?","-",,,,"D:\report\report writing\new_output_compare\Original\6.7b\output_6.7b_5 attempts_baseline_run 2"
"original","6.7b","5","baseline","2","StringEncoder64","FAILED","?","-",,,,"D:\report\report writing\new_output_compare\Original\6.7b\output_6.7b_5 attempts_baseline_run 2"
"original","6.7b","5","baseline","2","StringLink","SUCCESS","4/15","-","26.6666666666667",,,"D:\report\report writing\new_output_compare\Original\6.7b\output_6.7b_5 attempts_baseline_run 2"
"original","6.7b","5","baseline","2","StringList","FAILED","?","-",,,,"D:\report\report writing\new_output_compare\Original\6.7b\output_6.7b_5 attempts_baseline_run 2"
"original","6.7b","5","baseline","2","StringUtils","FAILED","?","-",,,,"D:\report\report writing\new_output_compare\Original\6.7b\output_6.7b_5 attempts_baseline_run 2"
"original","6.7b","5","baseline","2","ToStringConverter","FAILED","?","-",,,,"D:\report\report writing\new_output_compare\Original\6.7b\output_6.7b_5 attempts_baseline_run 2"
"original","6.7b","5","baseline","2","UniqueTimestampGenerator","FAILED","?","-",,,,"D:\report\report writing\new_output_compare\Original\6.7b\output_6.7b_5 attempts_baseline_run 2"
"original","6.7b","5","baseline","2","Util","SUCCESS","10/28","-","35.7142857142857",,,"D:\report\report writing\new_output_compare\Original\6.7b\output_6.7b_5 attempts_baseline_run 2"
"original","6.7b","5","baseline","2","Version","SUCCESS","12/19","-","63.1578947368421",,,"D:\report\report writing\new_output_compare\Original\6.7b\output_6.7b_5 attempts_baseline_run 2"
"original","6.7b","5","baseline","3","ArrayUtil","SUCCESS","20/57","-","35.0877192982456",,,"D:\report\report writing\new_output_compare\Original\6.7b\output_6.7b_5 attempts_baseline_run 3"
"original","6.7b","5","baseline","3","Axis","FAILED","?","-",,,,"D:\report\report writing\new_output_compare\Original\6.7b\output_6.7b_5 attempts_baseline_run 3"
"original","6.7b","5","baseline","3","Base32","FAILED","?","-",,,,"D:\report\report writing\new_output_compare\Original\6.7b\output_6.7b_5 attempts_baseline_run 3"
"original","6.7b","5","baseline","3","Base64","FAILED","?","-",,,,"D:\report\report writing\new_output_compare\Original\6.7b\output_6.7b_5 attempts_baseline_run 3"
"original","6.7b","5","baseline","3","Base64Coder","FAILED","?","-",,,,"D:\report\report writing\new_output_compare\Original\6.7b\output_6.7b_5 attempts_baseline_run 3"
"original","6.7b","5","baseline","3","BigDecimalUtil","FAILED","?","-",,,,"D:\report\report writing\new_output_compare\Original\6.7b\output_6.7b_5 attempts_baseline_run 3"
"original","6.7b","5","baseline","3","BinaryDisplayConverter","FAILED","?","-",,,,"D:\report\report writing\new_output_compare\Original\6.7b\output_6.7b_5 attempts_baseline_run 3"
"original","6.7b","5","baseline","3","ByteVector","FAILED","?","-",,,,"D:\report\report writing\new_output_compare\Original\6.7b\output_6.7b_5 attempts_baseline_run 3"
"original","6.7b","5","baseline","3","CaselessStringMap","FAILED","?","-",,,,"D:\report\report writing\new_output_compare\Original\6.7b\output_6.7b_5 attempts_baseline_run 3"
"original","6.7b","5","baseline","3","CommandLine","SUCCESS","14/32","-","43.75",,,"D:\report\report writing\new_output_compare\Original\6.7b\output_6.7b_5 attempts_baseline_run 3"
"original","6.7b","5","baseline","3","DateTools","FAILED","?","-",,,,"D:\report\report writing\new_output_compare\Original\6.7b\output_6.7b_5 attempts_baseline_run 3"
"original","6.7b","5","baseline","3","DateUtil","FAILED","?","-",,,,"D:\report\report writing\new_output_compare\Original\6.7b\output_6.7b_5 attempts_baseline_run 3"
"original","6.7b","5","baseline","3","DisplayHelper","SUCCESS","8/9","-","88.8888888888889",,,"D:\report\report writing\new_output_compare\Original\6.7b\output_6.7b_5 attempts_baseline_run 3"
"original","6.7b","5","baseline","3","EmailFacadeState","FAILED","?","-",,,,"D:\report\report writing\new_output_compare\Original\6.7b\output_6.7b_5 attempts_baseline_run 3"
"original","6.7b","5","baseline","3","FilterMatcher","FAILED","?","-",,,,"D:\report\report writing\new_output_compare\Original\6.7b\output_6.7b_5 attempts_baseline_run 3"
"original","6.7b","5","baseline","3","GridLayout2","SUCCESS","0/103","-","0",,,"D:\report\report writing\new_output_compare\Original\6.7b\output_6.7b_5 attempts_baseline_run 3"
"original","6.7b","5","baseline","3","HashCodeUtils","SUCCESS","14/38","-","36.8421052631579",,,"D:\report\report writing\new_output_compare\Original\6.7b\output_6.7b_5 attempts_baseline_run 3"
"original","6.7b","5","baseline","3","HtmlEncoder","FAILED","?","-",,,,"D:\report\report writing\new_output_compare\Original\6.7b\output_6.7b_5 attempts_baseline_run 3"
"original","6.7b","5","baseline","3","IndexedString","FAILED","?","-",,,,"D:\report\report writing\new_output_compare\Original\6.7b\output_6.7b_5 attempts_baseline_run 3"
"original","6.7b","5","baseline","3","Inflection","FAILED","?","-",,,,"D:\report\report writing\new_output_compare\Original\6.7b\output_6.7b_5 attempts_baseline_run 3"
"original","6.7b","5","baseline","3","InspirentoUtilities","FAILED","?","-",,,,"D:\report\report writing\new_output_compare\Original\6.7b\output_6.7b_5 attempts_baseline_run 3"
"original","6.7b","5","baseline","3","MapUtil","FAILED","?","-",,,,"D:\report\report writing\new_output_compare\Original\6.7b\output_6.7b_5 attempts_baseline_run 3"
"original","6.7b","5","baseline","3","MathUtil","FAILED","?","-",,,,"D:\report\report writing\new_output_compare\Original\6.7b\output_6.7b_5 attempts_baseline_run 3"
"original","6.7b","5","baseline","3","NaturalSort","FAILED","?","-",,,,"D:\report\report writing\new_output_compare\Original\6.7b\output_6.7b_5 attempts_baseline_run 3"
"original","6.7b","5","baseline","3","ObjectsUtil","FAILED","?","-",,,,"D:\report\report writing\new_output_compare\Original\6.7b\output_6.7b_5 attempts_baseline_run 3"
"original","6.7b","5","baseline","3","Reference","SUCCESS","11/19","-","57.8947368421053",,,"D:\report\report writing\new_output_compare\Original\6.7b\output_6.7b_5 attempts_baseline_run 3"
"original","6.7b","5","baseline","3","Region","SUCCESS","12/25","-","48",,,"D:\report\report writing\new_output_compare\Original\6.7b\output_6.7b_5 attempts_baseline_run 3"
"original","6.7b","5","baseline","3","SAXPathException","SUCCESS","1/10","-","10",,,"D:\report\report writing\new_output_compare\Original\6.7b\output_6.7b_5 attempts_baseline_run 3"
"original","6.7b","5","baseline","3","SimpleCounter","FAILED","?","-",,,,"D:\report\report writing\new_output_compare\Original\6.7b\output_6.7b_5 attempts_baseline_run 3"
"original","6.7b","5","baseline","3","SortedArrayList","FAILED","?","-",,,,"D:\report\report writing\new_output_compare\Original\6.7b\output_6.7b_5 attempts_baseline_run 3"
"original","6.7b","5","baseline","3","SortedMapVector","SUCCESS","33/63","33/63","52.3809523809524","52.3809523809524","0","D:\report\report writing\new_output_compare\Original\6.7b\output_6.7b_5 attempts_baseline_run 3"
"original","6.7b","5","baseline","3","StringComparator","FAILED","?","-",,,,"D:\report\report writing\new_output_compare\Original\6.7b\output_6.7b_5 attempts_baseline_run 3"
"original","6.7b","5","baseline","3","StringEncoder64","FAILED","?","-",,,,"D:\report\report writing\new_output_compare\Original\6.7b\output_6.7b_5 attempts_baseline_run 3"
"original","6.7b","5","baseline","3","StringLink","SUCCESS","7/15","-","46.6666666666667",,,"D:\report\report writing\new_output_compare\Original\6.7b\output_6.7b_5 attempts_baseline_run 3"
"original","6.7b","5","baseline","3","StringList","SUCCESS","7/13","-","53.8461538461538",,,"D:\report\report writing\new_output_compare\Original\6.7b\output_6.7b_5 attempts_baseline_run 3"
"original","6.7b","5","baseline","3","StringUtils","FAILED","?","-",,,,"D:\report\report writing\new_output_compare\Original\6.7b\output_6.7b_5 attempts_baseline_run 3"
"original","6.7b","5","baseline","3","ToStringConverter","FAILED","?","-",,,,"D:\report\report writing\new_output_compare\Original\6.7b\output_6.7b_5 attempts_baseline_run 3"
"original","6.7b","5","baseline","3","UniqueTimestampGenerator","FAILED","?","-",,,,"D:\report\report writing\new_output_compare\Original\6.7b\output_6.7b_5 attempts_baseline_run 3"
"original","6.7b","5","baseline","3","Util","SUCCESS","15/28","-","53.5714285714286",,,"D:\report\report writing\new_output_compare\Original\6.7b\output_6.7b_5 attempts_baseline_run 3"
"original","6.7b","5","baseline","3","Version","SUCCESS","12/19","-","63.1578947368421",,,"D:\report\report writing\new_output_compare\Original\6.7b\output_6.7b_5 attempts_baseline_run 3"
"original","6.7b","5","detailed","1","ArrayUtil","FAILED","?","-",,,,"D:\report\report writing\new_output_compare\Original\6.7b\output_6.7b_5 attempts_detailed_run 1"
"original","6.7b","5","detailed","1","Axis","FAILED","?","-",,,,"D:\report\report writing\new_output_compare\Original\6.7b\output_6.7b_5 attempts_detailed_run 1"
"original","6.7b","5","detailed","1","Base32","FAILED","?","-",,,,"D:\report\report writing\new_output_compare\Original\6.7b\output_6.7b_5 attempts_detailed_run 1"
"original","6.7b","5","detailed","1","Base64","FAILED","?","-",,,,"D:\report\report writing\new_output_compare\Original\6.7b\output_6.7b_5 attempts_detailed_run 1"
"original","6.7b","5","detailed","1","Base64Coder","FAILED","?","-",,,,"D:\report\report writing\new_output_compare\Original\6.7b\output_6.7b_5 attempts_detailed_run 1"
"original","6.7b","5","detailed","1","BigDecimalUtil","SUCCESS","3/6","4/6","50","66.6666666666667","16.6666666666667","D:\report\report writing\new_output_compare\Original\6.7b\output_6.7b_5 attempts_detailed_run 1"
"original","6.7b","5","detailed","1","BinaryDisplayConverter","FAILED","?","-",,,,"D:\report\report writing\new_output_compare\Original\6.7b\output_6.7b_5 attempts_detailed_run 1"
"original","6.7b","5","detailed","1","ByteVector","FAILED","?","-",,,,"D:\report\report writing\new_output_compare\Original\6.7b\output_6.7b_5 attempts_detailed_run 1"
"original","6.7b","5","detailed","1","CaselessStringMap","FAILED","?","-",,,,"D:\report\report writing\new_output_compare\Original\6.7b\output_6.7b_5 attempts_detailed_run 1"
"original","6.7b","5","detailed","1","CommandLine","FAILED","?","-",,,,"D:\report\report writing\new_output_compare\Original\6.7b\output_6.7b_5 attempts_detailed_run 1"
"original","6.7b","5","detailed","1","DateTools","FAILED","?","-",,,,"D:\report\report writing\new_output_compare\Original\6.7b\output_6.7b_5 attempts_detailed_run 1"
"original","6.7b","5","detailed","1","DateUtil","FAILED","?","-",,,,"D:\report\report writing\new_output_compare\Original\6.7b\output_6.7b_5 attempts_detailed_run 1"
"original","6.7b","5","detailed","1","DisplayHelper","FAILED","?","-",,,,"D:\report\report writing\new_output_compare\Original\6.7b\output_6.7b_5 attempts_detailed_run 1"
"original","6.7b","5","detailed","1","EmailFacadeState","SUCCESS","7/13","-","53.8461538461538",,,"D:\report\report writing\new_output_compare\Original\6.7b\output_6.7b_5 attempts_detailed_run 1"
"original","6.7b","5","detailed","1","FilterMatcher","FAILED","?","-",,,,"D:\report\report writing\new_output_compare\Original\6.7b\output_6.7b_5 attempts_detailed_run 1"
"original","6.7b","5","detailed","1","GridLayout2","SUCCESS","0/103","-","0",,,"D:\report\report writing\new_output_compare\Original\6.7b\output_6.7b_5 attempts_detailed_run 1"
"original","6.7b","5","detailed","1","HashCodeUtils","FAILED","?","-",,,,"D:\report\report writing\new_output_compare\Original\6.7b\output_6.7b_5 attempts_detailed_run 1"
"original","6.7b","5","detailed","1","HtmlEncoder","FAILED","?","-",,,,"D:\report\report writing\new_output_compare\Original\6.7b\output_6.7b_5 attempts_detailed_run 1"
"original","6.7b","5","detailed","1","IndexedString","FAILED","?","-",,,,"D:\report\report writing\new_output_compare\Original\6.7b\output_6.7b_5 attempts_detailed_run 1"
"original","6.7b","5","detailed","1","Inflection","FAILED","?","-",,,,"D:\report\report writing\new_output_compare\Original\6.7b\output_6.7b_5 attempts_detailed_run 1"
"original","6.7b","5","detailed","1","InspirentoUtilities","FAILED","?","-",,,,"D:\report\report writing\new_output_compare\Original\6.7b\output_6.7b_5 attempts_detailed_run 1"
"original","6.7b","5","detailed","1","MapUtil","SUCCESS","15/16","-","93.75",,,"D:\report\report writing\new_output_compare\Original\6.7b\output_6.7b_5 attempts_detailed_run 1"
"original","6.7b","5","detailed","1","MathUtil","FAILED","?","-",,,,"D:\report\report writing\new_output_compare\Original\6.7b\output_6.7b_5 attempts_detailed_run 1"
"original","6.7b","5","detailed","1","NaturalSort","SUCCESS","28/66","28/66","42.4242424242424","42.4242424242424","0","D:\report\report writing\new_output_compare\Original\6.7b\output_6.7b_5 attempts_detailed_run 1"
"original","6.7b","5","detailed","1","ObjectsUtil","FAILED","?","-",,,,"D:\report\report writing\new_output_compare\Original\6.7b\output_6.7b_5 attempts_detailed_run 1"
"original","6.7b","5","detailed","1","Reference","SUCCESS","11/19","-","57.8947368421053",,,"D:\report\report writing\new_output_compare\Original\6.7b\output_6.7b_5 attempts_detailed_run 1"
"original","6.7b","5","detailed","1","Region","FAILED","?","-",,,,"D:\report\report writing\new_output_compare\Original\6.7b\output_6.7b_5 attempts_detailed_run 1"
"original","6.7b","5","detailed","1","SAXPathException","SUCCESS","1/10","-","10",,,"D:\report\report writing\new_output_compare\Original\6.7b\output_6.7b_5 attempts_detailed_run 1"
"original","6.7b","5","detailed","1","SimpleCounter","FAILED","?","-",,,,"D:\report\report writing\new_output_compare\Original\6.7b\output_6.7b_5 attempts_detailed_run 1"
"original","6.7b","5","detailed","1","SortedArrayList","SUCCESS","14/19","-","73.6842105263158",,,"D:\report\report writing\new_output_compare\Original\6.7b\output_6.7b_5 attempts_detailed_run 1"
"original","6.7b","5","detailed","1","SortedMapVector","FAILED","?","-",,,,"D:\report\report writing\new_output_compare\Original\6.7b\output_6.7b_5 attempts_detailed_run 1"
"original","6.7b","5","detailed","1","StringComparator","FAILED","?","-",,,,"D:\report\report writing\new_output_compare\Original\6.7b\output_6.7b_5 attempts_detailed_run 1"
"original","6.7b","5","detailed","1","StringEncoder64","FAILED","?","-",,,,"D:\report\report writing\new_output_compare\Original\6.7b\output_6.7b_5 attempts_detailed_run 1"
"original","6.7b","5","detailed","1","StringLink","FAILED","?","-",,,,"D:\report\report writing\new_output_compare\Original\6.7b\output_6.7b_5 attempts_detailed_run 1"
"original","6.7b","5","detailed","1","StringList","FAILED","?","-",,,,"D:\report\report writing\new_output_compare\Original\6.7b\output_6.7b_5 attempts_detailed_run 1"
"original","6.7b","5","detailed","1","StringUtils","FAILED","?","-",,,,"D:\report\report writing\new_output_compare\Original\6.7b\output_6.7b_5 attempts_detailed_run 1"
"original","6.7b","5","detailed","1","ToStringConverter","FAILED","?","-",,,,"D:\report\report writing\new_output_compare\Original\6.7b\output_6.7b_5 attempts_detailed_run 1"
"original","6.7b","5","detailed","1","UniqueTimestampGenerator","FAILED","?","-",,,,"D:\report\report writing\new_output_compare\Original\6.7b\output_6.7b_5 attempts_detailed_run 1"
"original","6.7b","5","detailed","1","Util","FAILED","?","-",,,,"D:\report\report writing\new_output_compare\Original\6.7b\output_6.7b_5 attempts_detailed_run 1"
"original","6.7b","5","detailed","1","Version","FAILED","?","-",,,,"D:\report\report writing\new_output_compare\Original\6.7b\output_6.7b_5 attempts_detailed_run 1"
"original","6.7b","5","detailed","2","ArrayUtil","FAILED","?","-",,,,"D:\report\report writing\new_output_compare\Original\6.7b\output_6.7b_5 attempts_detailed_run 2"
"original","6.7b","5","detailed","2","Axis","SUCCESS","27/40","-","67.5",,,"D:\report\report writing\new_output_compare\Original\6.7b\output_6.7b_5 attempts_detailed_run 2"
"original","6.7b","5","detailed","2","Base32","FAILED","?","-",,,,"D:\report\report writing\new_output_compare\Original\6.7b\output_6.7b_5 attempts_detailed_run 2"
"original","6.7b","5","detailed","2","Base64","FAILED","?","-",,,,"D:\report\report writing\new_output_compare\Original\6.7b\output_6.7b_5 attempts_detailed_run 2"
"original","6.7b","5","detailed","2","Base64Coder","FAILED","?","-",,,,"D:\report\report writing\new_output_compare\Original\6.7b\output_6.7b_5 attempts_detailed_run 2"
"original","6.7b","5","detailed","2","BigDecimalUtil","FAILED","?","-",,,,"D:\report\report writing\new_output_compare\Original\6.7b\output_6.7b_5 attempts_detailed_run 2"
"original","6.7b","5","detailed","2","BinaryDisplayConverter","FAILED","?","-",,,,"D:\report\report writing\new_output_compare\Original\6.7b\output_6.7b_5 attempts_detailed_run 2"
"original","6.7b","5","detailed","2","ByteVector","FAILED","?","-",,,,"D:\report\report writing\new_output_compare\Original\6.7b\output_6.7b_5 attempts_detailed_run 2"
"original","6.7b","5","detailed","2","CaselessStringMap","FAILED","?","-",,,,"D:\report\report writing\new_output_compare\Original\6.7b\output_6.7b_5 attempts_detailed_run 2"
"original","6.7b","5","detailed","2","CommandLine","FAILED","?","-",,,,"D:\report\report writing\new_output_compare\Original\6.7b\output_6.7b_5 attempts_detailed_run 2"
"original","6.7b","5","detailed","2","DateTools","FAILED","?","-",,,,"D:\report\report writing\new_output_compare\Original\6.7b\output_6.7b_5 attempts_detailed_run 2"
"original","6.7b","5","detailed","2","DateUtil","FAILED","?","-",,,,"D:\report\report writing\new_output_compare\Original\6.7b\output_6.7b_5 attempts_detailed_run 2"
"original","6.7b","5","detailed","2","DisplayHelper","FAILED","?","-",,,,"D:\report\report writing\new_output_compare\Original\6.7b\output_6.7b_5 attempts_detailed_run 2"
"original","6.7b","5","detailed","2","EmailFacadeState","FAILED","?","-",,,,"D:\report\report writing\new_output_compare\Original\6.7b\output_6.7b_5 attempts_detailed_run 2"
"original","6.7b","5","detailed","2","FilterMatcher","FAILED","?","-",,,,"D:\report\report writing\new_output_compare\Original\6.7b\output_6.7b_5 attempts_detailed_run 2"
"original","6.7b","5","detailed","2","GridLayout2","SUCCESS","0/103","-","0",,,"D:\report\report writing\new_output_compare\Original\6.7b\output_6.7b_5 attempts_detailed_run 2"
"original","6.7b","5","detailed","2","HashCodeUtils","FAILED","?","-",,,,"D:\report\report writing\new_output_compare\Original\6.7b\output_6.7b_5 attempts_detailed_run 2"
"original","6.7b","5","detailed","2","HtmlEncoder","FAILED","?","-",,,,"D:\report\report writing\new_output_compare\Original\6.7b\output_6.7b_5 attempts_detailed_run 2"
"original","6.7b","5","detailed","2","IndexedString","SUCCESS","22/28","-","78.5714285714286",,,"D:\report\report writing\new_output_compare\Original\6.7b\output_6.7b_5 attempts_detailed_run 2"
"original","6.7b","5","detailed","2","Inflection","FAILED","?","-",,,,"D:\report\report writing\new_output_compare\Original\6.7b\output_6.7b_5 attempts_detailed_run 2"
"original","6.7b","5","detailed","2","InspirentoUtilities","FAILED","?","-",,,,"D:\report\report writing\new_output_compare\Original\6.7b\output_6.7b_5 attempts_detailed_run 2"
"original","6.7b","5","detailed","2","MapUtil","SUCCESS","16/16","-","100",,,"D:\report\report writing\new_output_compare\Original\6.7b\output_6.7b_5 attempts_detailed_run 2"
"original","6.7b","5","detailed","2","MathUtil","FAILED","?","-",,,,"D:\report\report writing\new_output_compare\Original\6.7b\output_6.7b_5 attempts_detailed_run 2"
"original","6.7b","5","detailed","2","NaturalSort","FAILED","?","-",,,,"D:\report\report writing\new_output_compare\Original\6.7b\output_6.7b_5 attempts_detailed_run 2"
"original","6.7b","5","detailed","2","ObjectsUtil","FAILED","?","-",,,,"D:\report\report writing\new_output_compare\Original\6.7b\output_6.7b_5 attempts_detailed_run 2"
"original","6.7b","5","detailed","2","Reference","SUCCESS","4/19","11/19","21.0526315789474","57.8947368421053","36.8421052631579","D:\report\report writing\new_output_compare\Original\6.7b\output_6.7b_5 attempts_detailed_run 2"
"original","6.7b","5","detailed","2","Region","FAILED","?","-",,,,"D:\report\report writing\new_output_compare\Original\6.7b\output_6.7b_5 attempts_detailed_run 2"
"original","6.7b","5","detailed","2","SAXPathException","SUCCESS","1/10","-","10",,,"D:\report\report writing\new_output_compare\Original\6.7b\output_6.7b_5 attempts_detailed_run 2"
"original","6.7b","5","detailed","2","SimpleCounter","FAILED","?","-",,,,"D:\report\report writing\new_output_compare\Original\6.7b\output_6.7b_5 attempts_detailed_run 2"
"original","6.7b","5","detailed","2","SortedArrayList","FAILED","?","-",,,,"D:\report\report writing\new_output_compare\Original\6.7b\output_6.7b_5 attempts_detailed_run 2"
"original","6.7b","5","detailed","2","SortedMapVector","FAILED","?","-",,,,"D:\report\report writing\new_output_compare\Original\6.7b\output_6.7b_5 attempts_detailed_run 2"
"original","6.7b","5","detailed","2","StringComparator","FAILED","?","-",,,,"D:\report\report writing\new_output_compare\Original\6.7b\output_6.7b_5 attempts_detailed_run 2"
"original","6.7b","5","detailed","2","StringEncoder64","FAILED","?","-",,,,"D:\report\report writing\new_output_compare\Original\6.7b\output_6.7b_5 attempts_detailed_run 2"
"original","6.7b","5","detailed","2","StringLink","FAILED","?","-",,,,"D:\report\report writing\new_output_compare\Original\6.7b\output_6.7b_5 attempts_detailed_run 2"
"original","6.7b","5","detailed","2","StringList","FAILED","?","-",,,,"D:\report\report writing\new_output_compare\Original\6.7b\output_6.7b_5 attempts_detailed_run 2"
"original","6.7b","5","detailed","2","StringUtils","FAILED","?","-",,,,"D:\report\report writing\new_output_compare\Original\6.7b\output_6.7b_5 attempts_detailed_run 2"
"original","6.7b","5","detailed","2","ToStringConverter","FAILED","?","-",,,,"D:\report\report writing\new_output_compare\Original\6.7b\output_6.7b_5 attempts_detailed_run 2"
"original","6.7b","5","detailed","2","UniqueTimestampGenerator","FAILED","?","-",,,,"D:\report\report writing\new_output_compare\Original\6.7b\output_6.7b_5 attempts_detailed_run 2"
"original","6.7b","5","detailed","2","Util","SUCCESS","18/28","17/28","64.2857142857143","60.7142857142857","-3.57142857142858","D:\report\report writing\new_output_compare\Original\6.7b\output_6.7b_5 attempts_detailed_run 2"
"original","6.7b","5","detailed","2","Version","SUCCESS","13/19","-","68.4210526315789",,,"D:\report\report writing\new_output_compare\Original\6.7b\output_6.7b_5 attempts_detailed_run 2"
"original","6.7b","5","detailed","3","ArrayUtil","FAILED","?","-",,,,"D:\report\report writing\new_output_compare\Original\6.7b\output_6.7b_5 attempts_detailed_run 3"
"original","6.7b","5","detailed","3","Axis","FAILED","?","-",,,,"D:\report\report writing\new_output_compare\Original\6.7b\output_6.7b_5 attempts_detailed_run 3"
"original","6.7b","5","detailed","3","Base32","FAILED","?","-",,,,"D:\report\report writing\new_output_compare\Original\6.7b\output_6.7b_5 attempts_detailed_run 3"
"original","6.7b","5","detailed","3","Base64","FAILED","?","-",,,,"D:\report\report writing\new_output_compare\Original\6.7b\output_6.7b_5 attempts_detailed_run 3"
"original","6.7b","5","detailed","3","Base64Coder","FAILED","?","-",,,,"D:\report\report writing\new_output_compare\Original\6.7b\output_6.7b_5 attempts_detailed_run 3"
"original","6.7b","5","detailed","3","BigDecimalUtil","SUCCESS","4/6","-","66.6666666666667",,,"D:\report\report writing\new_output_compare\Original\6.7b\output_6.7b_5 attempts_detailed_run 3"
"original","6.7b","5","detailed","3","BinaryDisplayConverter","FAILED","?","-",,,,"D:\report\report writing\new_output_compare\Original\6.7b\output_6.7b_5 attempts_detailed_run 3"
"original","6.7b","5","detailed","3","ByteVector","FAILED","?","-",,,,"D:\report\report writing\new_output_compare\Original\6.7b\output_6.7b_5 attempts_detailed_run 3"
"original","6.7b","5","detailed","3","CaselessStringMap","FAILED","?","-",,,,"D:\report\report writing\new_output_compare\Original\6.7b\output_6.7b_5 attempts_detailed_run 3"
"original","6.7b","5","detailed","3","CommandLine","SUCCESS","12/32","-","37.5",,,"D:\report\report writing\new_output_compare\Original\6.7b\output_6.7b_5 attempts_detailed_run 3"
"original","6.7b","5","detailed","3","DateTools","FAILED","?","-",,,,"D:\report\report writing\new_output_compare\Original\6.7b\output_6.7b_5 attempts_detailed_run 3"
"original","6.7b","5","detailed","3","DateUtil","FAILED","?","-",,,,"D:\report\report writing\new_output_compare\Original\6.7b\output_6.7b_5 attempts_detailed_run 3"
"original","6.7b","5","detailed","3","DisplayHelper","FAILED","?","-",,,,"D:\report\report writing\new_output_compare\Original\6.7b\output_6.7b_5 attempts_detailed_run 3"
"original","6.7b","5","detailed","3","EmailFacadeState","FAILED","?","-",,,,"D:\report\report writing\new_output_compare\Original\6.7b\output_6.7b_5 attempts_detailed_run 3"
"original","6.7b","5","detailed","3","FilterMatcher","FAILED","?","-",,,,"D:\report\report writing\new_output_compare\Original\6.7b\output_6.7b_5 attempts_detailed_run 3"
"original","6.7b","5","detailed","3","GridLayout2","SUCCESS","18/103","-","17.4757281553398",,,"D:\report\report writing\new_output_compare\Original\6.7b\output_6.7b_5 attempts_detailed_run 3"
"original","6.7b","5","detailed","3","HashCodeUtils","FAILED","?","-",,,,"D:\report\report writing\new_output_compare\Original\6.7b\output_6.7b_5 attempts_detailed_run 3"
"original","6.7b","5","detailed","3","HtmlEncoder","FAILED","?","-",,,,"D:\report\report writing\new_output_compare\Original\6.7b\output_6.7b_5 attempts_detailed_run 3"
"original","6.7b","5","detailed","3","IndexedString","SUCCESS","25/28","-","89.2857142857143",,,"D:\report\report writing\new_output_compare\Original\6.7b\output_6.7b_5 attempts_detailed_run 3"
"original","6.7b","5","detailed","3","Inflection","FAILED","?","-",,,,"D:\report\report writing\new_output_compare\Original\6.7b\output_6.7b_5 attempts_detailed_run 3"
"original","6.7b","5","detailed","3","InspirentoUtilities","FAILED","?","-",,,,"D:\report\report writing\new_output_compare\Original\6.7b\output_6.7b_5 attempts_detailed_run 3"
"original","6.7b","5","detailed","3","MapUtil","SUCCESS","15/16","-","93.75",,,"D:\report\report writing\new_output_compare\Original\6.7b\output_6.7b_5 attempts_detailed_run 3"
"original","6.7b","5","detailed","3","MathUtil","FAILED","?","-",,,,"D:\report\report writing\new_output_compare\Original\6.7b\output_6.7b_5 attempts_detailed_run 3"
"original","6.7b","5","detailed","3","NaturalSort","FAILED","?","-",,,,"D:\report\report writing\new_output_compare\Original\6.7b\output_6.7b_5 attempts_detailed_run 3"
"original","6.7b","5","detailed","3","ObjectsUtil","FAILED","?","-",,,,"D:\report\report writing\new_output_compare\Original\6.7b\output_6.7b_5 attempts_detailed_run 3"
"original","6.7b","5","detailed","3","Reference","SUCCESS","11/19","-","57.8947368421053",,,"D:\report\report writing\new_output_compare\Original\6.7b\output_6.7b_5 attempts_detailed_run 3"
"original","6.7b","5","detailed","3","Region","SUCCESS","9/25","15/25","36","60","24","D:\report\report writing\new_output_compare\Original\6.7b\output_6.7b_5 attempts_detailed_run 3"
"original","6.7b","5","detailed","3","SAXPathException","SUCCESS","1/10","-","10",,,"D:\report\report writing\new_output_compare\Original\6.7b\output_6.7b_5 attempts_detailed_run 3"
"original","6.7b","5","detailed","3","SimpleCounter","FAILED","?","-",,,,"D:\report\report writing\new_output_compare\Original\6.7b\output_6.7b_5 attempts_detailed_run 3"
"original","6.7b","5","detailed","3","SortedArrayList","FAILED","?","-",,,,"D:\report\report writing\new_output_compare\Original\6.7b\output_6.7b_5 attempts_detailed_run 3"
"original","6.7b","5","detailed","3","SortedMapVector","FAILED","?","-",,,,"D:\report\report writing\new_output_compare\Original\6.7b\output_6.7b_5 attempts_detailed_run 3"
"original","6.7b","5","detailed","3","StringComparator","FAILED","?","-",,,,"D:\report\report writing\new_output_compare\Original\6.7b\output_6.7b_5 attempts_detailed_run 3"
"original","6.7b","5","detailed","3","StringEncoder64","FAILED","?","-",,,,"D:\report\report writing\new_output_compare\Original\6.7b\output_6.7b_5 attempts_detailed_run 3"
"original","6.7b","5","detailed","3","StringLink","FAILED","?","-",,,,"D:\report\report writing\new_output_compare\Original\6.7b\output_6.7b_5 attempts_detailed_run 3"
"original","6.7b","5","detailed","3","StringList","SUCCESS","4/13","-","30.7692307692308",,,"D:\report\report writing\new_output_compare\Original\6.7b\output_6.7b_5 attempts_detailed_run 3"
"original","6.7b","5","detailed","3","StringUtils","FAILED","?","-",,,,"D:\report\report writing\new_output_compare\Original\6.7b\output_6.7b_5 attempts_detailed_run 3"
"original","6.7b","5","detailed","3","ToStringConverter","FAILED","?","-",,,,"D:\report\report writing\new_output_compare\Original\6.7b\output_6.7b_5 attempts_detailed_run 3"
"original","6.7b","5","detailed","3","UniqueTimestampGenerator","FAILED","?","-",,,,"D:\report\report writing\new_output_compare\Original\6.7b\output_6.7b_5 attempts_detailed_run 3"
"original","6.7b","5","detailed","3","Util","FAILED","?","-",,,,"D:\report\report writing\new_output_compare\Original\6.7b\output_6.7b_5 attempts_detailed_run 3"
"original","6.7b","5","detailed","3","Version","FAILED","?","-",,,,"D:\report\report writing\new_output_compare\Original\6.7b\output_6.7b_5 attempts_detailed_run 3"
